t_atributos,t_inferencia,t_pl,t_reparo,t_montagem,t_solver,t_validacao,instancia,familia,razao,m,n,metodo,objetivo,valida,seed_treino,seed_solver,orcamento,t_total,estouro_s,t_score,estagios,fracao_final,fallback,certificado,motivo,nos,rotulo_melhor,rotulo_bound,rotulo_qualidade,trajetoria,run_id,t_heuristica,bks,objetivo_no_prazo,sucesso_no_prazo,desvio,integral_primal,t_alvo_0.001,t_alvo_0.01
0.0056489999988116,0.0239820000024337,0.1019506999982695,0.0264994999997725,0.4139214999995602,2.400414399999136,0.0094396999957098,clusters_m30_n150_r1.5_s1000,clusters,1.5,30,150,adaptativa:gnn,29332.808838974088,True,0,0,3.0,2.9833512999975937,0.0,0.1316947999985132,3,0.6,False,False,,3,27277.85521775824,26022.480292234733,gap,"[[0.6249311999963538, 32282.23154775915], [1.176130199997715, 32282.231547759147], [2.1461350999998103, 32282.231547759147], [2.4125882999978785, 29332.808838974088]]",f5ed8b753d947b30c0aa,,27277.85521775824,29332.808838974088,True,0.07533413477017238,0.33238189311309346,inf,inf
0.0028555999997479,0.0136137999979837,0.0757742999994661,0.0187485000024025,0.325255499999912,2.521957200002362,0.0088365000010526,clusters_m30_n150_r1.5_s1000,clusters,1.5,30,150,adaptativa:gnn,29332.808838974088,True,1,0,3.0,2.968342199998005,0.0,0.0923048999975435,3,0.6,False,False,,3,27277.85521775824,26022.480292234733,gap,"[[0.37110829999437556, 32282.23154775915], [1.1039612999957171, 32282.231547759147], [2.105389299998933, 32282.231547759147], [2.2821511999973154, 29332.808838974088]]",f5ed8b753d947b30c0aa,,27277.85521775824,29332.808838974088,True,0.07533413477017238,0.25859513946219104,inf,inf
0.0046023999966564,0.0231113999980152,0.214161600000807,0.0548670999996829,0.8783116000049631,1.943833699999232,0.0095130000008794,clusters_m30_n150_r1.5_s1000,clusters,1.5,30,150,adaptativa:gnn,30636.4955630248,True,2,0,3.0,3.1302997000020696,0.1302997000020695,0.2419563000003108,4,1.0,True,False,,3,27277.85521775824,26022.480292234733,gap,"[[1.4135945999987598, 32594.957224434696], [2.1227146000019275, 32594.957224434696], [2.4081960000003164, 30636.4955630248], [3.12983279999753, 30636.4955630248]]",f5ed8b753d947b30c0aa,,27277.85521775824,30636.4955630248,True,0.12312699508281147,0.560111029748554,inf,inf
,,,,0.2103816000017104,2.6397125000003143,0.0044989999987592,clusters_m30_n150_r1.5_s1000,clusters,1.5,30,150,completo,30290.81396525601,True,-1,0,3.0,2.85470709999936,0.0,0.0,1,1.0,False,False,,1,27277.85521775824,26022.480292234733,gap,"[[0.5671274000014819, 36940.34159249648], [2.5586984000001394, 30290.81396525601]]",f5ed8b753d947b30c0aa,,27277.85521775824,30290.81396525601,True,0.11045438592753785,0.44044482221137254,inf,inf
,,,,,,,clusters_m30_n150_r1.5_s1000,clusters,1.5,30,150,lns,29506.37172234724,True,-1,0,3.0,3.486538400000427,0.4865384000004269,0.0,1,1.0,False,False,,0,27277.85521775824,26022.480292234733,gap,"[[0.620187900000019, 30063.401491478515], [2.518578700000944, 29506.371722347238]]",f5ed8b753d947b30c0aa,3.486529499998141,27277.85521775824,29506.371722347238,True,0.08169691080177761,0.2844591493709469,inf,inf
,,0.1014360000008309,,0.3859813000017311,2.1996859999999288,0.0087409999978262,clusters_m30_n150_r1.5_s1000,clusters,1.5,30,150,reducao_classica,31301.775753892744,True,-1,0,3.0,2.9971508999988146,0.0,0.4024375000008149,1,1.0,False,False,,1,27277.85521775824,26022.480292234733,gap,"[[0.4022119000001112, 31301.775753892744], [0.4024375000008149, 31301.775753892744], [0.808159500000329, 31301.77575389275]]",f5ed8b753d947b30c0aa,0.3009695000000647,27277.85521775824,31301.775753892744,True,0.14751601634408854,0.2618090839393912,inf,inf
,,,0.0004029000010632,0.4379079000027559,2.5467353999993065,0.0119115999987116,clusters_m30_n150_r1.5_s1000,clusters,1.5,30,150,topk:classico,36940.34159249647,True,-1,0,3.0,2.9990380000017467,0.0,0.0018283999997947,1,1.0,False,False,,1,27277.85521775824,26022.480292234733,gap,"[[0.7585366000021168, 36940.34159249648]]",f5ed8b753d947b30c0aa,,27277.85521775824,36940.34159249648,True,0.35422456412364256,0.5175059986218216,inf,inf
0.0045672000014747,0.02051819999906,,0.0029974999997648,0.2342276000017591,2.709210900000471,0.0027866999989782,clusters_m30_n150_r1.5_s1000,clusters,1.5,30,150,topk:gnn,29441.94927036984,True,0,0,3.0,2.9745296000000963,0.0,0.0251349000027403,1,0.8,False,False,,1,27277.85521775824,26022.480292234733,gap,"[[0.5162693000020226, 33515.47225785407], [2.0327674000000115, 30290.813965256006], [2.2380214000004344, 29441.949270369856]]",f5ed8b753d947b30c0aa,,27277.85521775824,29441.949270369856,True,0.07933519828944484,0.3153897620597292,inf,inf
0.0044653000004473,0.0211491999980353,,0.0032658000018273,0.1778841000013926,2.757687699999224,0.0044146000000182,clusters_m30_n150_r1.5_s1000,clusters,1.5,30,150,topk:gnn,29441.94927036984,True,1,0,3.0,2.969087800000125,0.0,0.0256694000017887,1,0.8,False,False,,1,27277.85521775824,26022.480292234733,gap,"[[0.4802362000045832, 33515.47225785407], [2.145198900005198, 30290.813965256006], [2.3744241000058537, 29441.949270369856]]",f5ed8b753d947b30c0aa,,27277.85521775824,29441.949270369856,True,0.07933519828944484,0.31197057338294026,inf,inf
0.0051445999997667,0.0222463999998581,,0.0270686000003479,0.3062653000015416,2.6196994999991148,0.0067490000001271,clusters_m30_n150_r1.5_s1000,clusters,1.5,30,150,topk:gnn,29638.487489622355,True,2,0,3.0,2.987425600000279,0.0,0.0274484000001393,1,0.8,False,False,,1,27277.85521775824,26022.480292234733,gap,"[[0.6937072000000626, 33924.73126867861], [2.293635099998937, 29823.365829882296], [2.4875032999989344, 29638.48748962236]]",f5ed8b753d947b30c0aa,,27277.85521775824,29638.48748962236,True,0.08654024493565454,0.3820031128665456,inf,inf
0.0048870000027818,0.0206126000011863,,0.0025690000002214,0.5022954000014579,2.2078163999976823,0.0068802000023424,clusters_m30_n150_r1.5_s1000,clusters,1.5,30,150,topk:lgbm,29823.3658298823,True,0,0,3.0,2.7452964000003703,0.0,0.0255414000021119,1,0.8,False,False,,1,27277.85521775824,26022.480292234733,gap,"[[0.8793556000018725, 33335.78004587343], [2.6657044000021415, 29823.365829882296]]",f5ed8b753d947b30c0aa,,27277.85521775824,29823.365829882296,True,0.09331784305633005,0.43575584421482877,inf,inf
,,0.0836502999991353,0.0021438000003399,0.1200370000005932,2.778508700001112,0.0042895000005955,clusters_m30_n150_r1.5_s1000,clusters,1.5,30,150,topk:pl,28368.026955091413,True,-1,0,3.0,2.9888576999983343,0.0,0.083721200000582,1,0.8,False,False,,1,27277.85521775824,26022.480292234733,gap,"[[0.4378727000002982, 33042.923752902025], [1.7822549999982584, 28368.026955091405]]",f5ed8b753d947b30c0aa,,27277.85521775824,28368.026955091405,True,0.03996544921257045,0.25689013091144625,inf,inf
0.0047554000011587,0.0226180999998177,,0.0046492000001308,0.561592499998369,2.3928666000028898,0.0171315999978105,clusters_m30_n150_r1.5_s1000,clusters,1.5,30,150,warm:gnn,33515.472257854075,True,0,0,3.0,3.0041199999977835,0.0041199999977834,0.0274341000003914,2,1.0,False,False,,2,27277.85521775824,26022.480292234733,gap,"[[0.6233925999986241, 33515.47225785407], [1.3634574000025168, 33515.47225785407]]",f5ed8b753d947b30c0aa,,27277.85521775824,33515.47225785407,True,0.2286696292762438,0.3889501776973721,inf,inf
0.0042557000015222,0.0153664000026765,,0.0017963999998755,0.6726143999985652,2.3058539999983623,0.0141675999984727,clusters_m30_n150_r1.5_s1000,clusters,1.5,30,150,warm:gnn,33515.472257854075,True,1,0,3.0,3.0144293999983347,0.0144293999983347,0.0196728999981132,2,1.0,False,False,,2,27277.85521775824,26022.480292234733,gap,"[[0.3708986999990884, 33515.47225785407], [1.5627893999953812, 33515.47225785407]]",f5ed8b753d947b30c0aa,,27277.85521775824,33515.47225785407,True,0.2286696292762438,0.3240314398666625,inf,inf
0.0047269000024243,0.0232945999996445,,0.0040370999995502,0.5353008000020054,2.40217660000053,0.0178402000019559,clusters_m30_n150_r1.5_s1000,clusters,1.5,30,150,warm:gnn,33924.73126867862,True,2,0,3.0,2.9877936000011687,0.0,0.0280784000024141,2,1.0,False,False,,2,27277.85521775824,26022.480292234733,gap,"[[0.5234856000060972, 33924.73126867861], [1.330174700004136, 33924.73126867859]]",f5ed8b753d947b30c0aa,,27277.85521775824,33924.73126867859,True,0.24367297200819318,0.3756484080245665,inf,inf
,,,,0.4854539000007207,2.1999651000005542,0.0111046999991231,clusters_m30_n150_r1.5_s1000,clusters,1.5,30,150,warm_classico,31228.03703033333,True,-1,0,3.0,2.9976081999993767,0.0,0.3009014999988721,2,1.0,False,False,,1,27277.85521775824,26022.480292234733,gap,"[[0.30067110000163666, 31228.03703033333], [0.80541870000161, 31228.03703033334]]",f5ed8b753d947b30c0aa,0.3008808999984467,27277.85521775824,31228.03703033333,True,0.1448127714235931,0.2305227996647329,inf,inf
0.0044861999995191,0.0169195999988005,0.1218993000002228,0.0141861999945831,0.3003755999961868,2.5158031999999366,0.0082804000012401,clusters_m30_n150_r3.0_s1000,clusters,3.0,30,150,adaptativa:gnn,20568.65616831389,True,0,0,3.0,2.983095399999001,0.0,0.1433694999977888,3,0.6,False,False,,3,19141.927883609125,17935.58570279922,gap,"[[0.31270349999613245, 20672.636905303258], [0.5371354999988398, 20568.656168313883], [1.1248982999968575, 20568.656168313883], [2.1110814999992726, 20568.656168313883]]",f5ed8b753d947b30c0aa,,19141.927883609125,20568.656168313883,True,0.07453420017982818,0.17140604360641085,inf,inf
0.0050774000010278,0.0258157000025676,0.1897293000001809,0.0146856000028492,0.7481478000008792,1.981040500002564,0.0087528000003658,clusters_m30_n150_r3.0_s1000,clusters,3.0,30,150,adaptativa:gnn,21075.75497041904,True,1,0,3.0,2.974880600002507,0.0,0.2207311000020126,4,1.0,True,False,,3,19141.927883609125,17935.58570279922,gap,"[[0.5193408000013733, 21253.994722517145], [0.8263474000013957, 21075.754970419013], [1.0814740000023448, 21075.75497041904], [2.324089700003242, 21075.75497041904], [2.5190502000041306, 21075.75497041904]]",f5ed8b753d947b30c0aa,,19141.927883609125,21075.754970419013,True,0.10102572209906756,0.25760329131889886,inf,inf
0.0041798999991442,0.0178194000000075,0.1064922999976261,0.0109226000022317,0.3252227999983006,2.516529200005607,0.0059603999980026,clusters_m30_n150_r3.0_s1000,clusters,3.0,30,150,adaptativa:gnn,20568.65616831389,True,2,0,3.0,2.9883080999970844,0.0,0.12855529999797,3,0.6,False,False,,3,19141.927883609125,17935.58570279922,gap,"[[0.3595700999976543, 20672.636905303258], [0.653282199997193, 20568.656168313883], [1.1480411999982607, 20568.656168313883], [2.1135542999982135, 20568.656168313883]]",f5ed8b753d947b30c0aa,,19141.927883609125,20568.656168313883,True,0.07453420017982818,0.18598930074570239,inf,inf
,,,,0.4913052000010793,2.490843200001109,0.0048973000011756,clusters_m30_n150_r3.0_s1000,clusters,3.0,30,150,completo,29469.42882471813,True,-1,0,3.0,2.9871650999994017,0.0,0.0,1,1.0,False,False,,1,19141.927883609125,17935.58570279922,gap,"[[0.8417465000020457, 29469.42882471813]]",f5ed8b753d947b30c0aa,,19141.927883609125,29469.42882471813,True,0.5395225080725672,0.6687242804591128,inf,inf
,,,,,,,clusters_m30_n150_r3.0_s1000,clusters,3.0,30,150,lns,20709.792867655065,True,-1,0,3.0,3.001562500001455,0.0015625000014551,0.0,1,1.0,False,False,,0,19141.927883609125,17935.58570279922,gap,"[[3.0011797999977716, 20709.792867655065]]",f5ed8b753d947b30c0aa,3.0015496000014537,19141.927883609125,inf,False,,1.0,inf,inf
,,0.1042195000009087,,0.4328552000006311,2.144944600000599,0.0048272000021825,clusters_m30_n150_r3.0_s1000,clusters,3.0,30,150,reducao_classica,29361.615479931268,True,-1,0,3.0,2.9876610999999684,0.0,0.4048172000002523,1,1.0,False,False,,1,19141.927883609125,17935.58570279922,gap,"[[0.40463590000217664, 29361.615479931268], [0.40481720000025234, 29361.615479931268], [0.8572764999989886, 29361.615479931264]]",f5ed8b753d947b30c0aa,0.3005735000006098,19141.927883609125,29361.615479931264,True,0.5338901942616274,0.5967584478432227,inf,inf
,,,0.0003495999990263,0.1971258000012312,2.787551599998551,0.0044416000018827,clusters_m30_n150_r3.0_s1000,clusters,3.0,30,150,topk:classico,29469.42882471813,True,-1,0,3.0,2.9917932999996992,0.0,0.0021505999975488,1,1.0,False,False,,1,19141.927883609125,17935.58570279922,gap,"[[0.5532864999986487, 29469.42882471813]]",f5ed8b753d947b30c0aa,,19141.927883609125,29469.42882471813,True,0.5395225080725672,0.6244478346847956,inf,inf
0.0039404000017384,0.0166903999997884,,0.0017238000000361,0.1278960999989067,2.834622300000774,0.0055792000021028,clusters_m30_n150_r3.0_s1000,clusters,3.0,30,150,topk:gnn,24594.31605461429,True,0,0,3.0,2.990649100000155,0.0,0.0206789999974716,1,0.8,False,False,,1,19141.927883609125,17935.58570279922,gap,"[[0.4484197999991011, 29469.42882471813], [2.042547699998977, 24594.316054614308]]",f5ed8b753d947b30c0aa,,19141.927883609125,24594.316054614308,True,0.2848400748429295,0.5270694891954383,inf,inf
0.0049400999996578,0.019874499997968,,0.003305199999886,0.1992893000024196,2.7540207999991253,0.0071615999986534,clusters_m30_n150_r3.0_s1000,clusters,3.0,30,150,topk:gnn,24594.31605461429,True,1,0,3.0,2.988842400001886,0.0,0.0248659000026236,1,0.8,False,False,,1,19141.927883609125,17935.58570279922,gap,"[[0.5044133000046713, 29469.42882471813], [2.4428830000033486, 24594.316054614308]]",f5ed8b753d947b30c0aa,,19141.927883609125,24594.316054614308,True,0.2848400748429295,0.5696501941153164,inf,inf
0.0043069999992439,0.0153142999988631,,0.0022844000013719,0.1879770000014105,2.775934099998267,0.0027928999988944,clusters_m30_n150_r3.0_s1000,clusters,3.0,30,150,topk:gnn,24594.31605461429,True,2,0,3.0,2.988845400002901,0.0,0.0196786000014981,1,0.8,False,False,,1,19141.927883609125,17935.58570279922,gap,"[[0.4794958000020415, 29469.42882471813], [2.0773606000002474, 24594.316054614304]]",f5ed8b753d947b30c0aa,,19141.927883609125,24594.316054614304,True,0.28484007484292934,0.534794833402303,inf,inf
0.0031710000002931,0.0115730000034091,,0.002078800000163,0.1286365999985719,2.839122600002156,0.0060051000000385,clusters_m30_n150_r3.0_s1000,clusters,3.0,30,150,topk:lgbm,24594.31605461429,True,0,0,3.0,2.990806800000428,0.0,0.0147838999982923,1,0.8,False,False,,1,19141.927883609125,17935.58570279922,gap,"[[0.3611901999975089, 27936.22330410615], [1.9326220999973884, 24594.316054614304]]",f5ed8b753d947b30c0aa,,19141.927883609125,24594.316054614304,True,0.28484007484292934,0.46239284987092333,inf,inf
,,0.1255904999998165,0.0043831999973917,0.4876593000008142,2.3658340999973007,0.0031926000010571,clusters_m30_n150_r3.0_s1000,clusters,3.0,30,150,topk:pl,29469.42882471813,True,-1,0,3.0,2.9869190999997954,0.0,0.1256800999981351,1,0.8,False,False,,1,19141.927883609125,17935.58570279922,gap,"[[0.868406599998707, 29469.42882471813]]",f5ed8b753d947b30c0aa,,19141.927883609125,29469.42882471813,True,0.5395225080725672,0.6728164057861118,inf,inf
0.0040419999968435,0.0151571999995212,,0.0022129999997559,0.5724093999997422,2.390339599998697,0.0072132000022975,clusters_m30_n150_r3.0_s1000,clusters,3.0,30,150,warm:gnn,29469.42882471813,True,0,0,3.0,2.991702700001042,0.0,0.019243999999162,2,1.0,False,False,,2,19141.927883609125,17935.58570279922,gap,"[[0.619333300004655, 29469.42882471813], [1.220184000001609, 29469.42882471812]]",f5ed8b753d947b30c0aa,,19141.927883609125,29469.42882471812,True,0.5395225080725669,0.634585522956995,inf,inf
0.0042481999989831,0.0181966999989526,,0.0036800000016228,0.418509000002814,2.524958800000604,0.012557400001242,clusters_m30_n150_r3.0_s1000,clusters,3.0,30,150,warm:gnn,29469.42882471813,True,1,0,3.0,2.982600299998012,0.0,0.0224989999987883,2,1.0,False,False,,2,19141.927883609125,17935.58570279922,gap,"[[0.42901059999712743, 29469.42882471813], [1.2884578999983205, 29469.42882471812]]",f5ed8b753d947b30c0aa,,19141.927883609125,29469.42882471812,True,0.5395225080725669,0.6053724164382205,inf,inf
0.0027077000013377,0.0129524000003584,,0.0016150999981618,0.3473555999989912,2.3441236000035133,0.0078673999996681,clusters_m30_n150_r3.0_s1000,clusters,3.0,30,150,warm:gnn,29469.42882471813,True,2,0,3.0,2.716920200000459,0.0,0.0157039999976404,2,1.0,False,False,,2,19141.927883609125,17935.58570279922,gap,"[[0.3850073999965389, 29469.42882471813], [0.9638547999966249, 29469.42882471812]]",f5ed8b753d947b30c0aa,,19141.927883609125,29469.42882471812,True,0.5395225080725669,0.5986182553805363,inf,inf
,,,,0.208013800001936,2.470964999996795,0.004385899999761,clusters_m30_n150_r3.0_s1000,clusters,3.0,30,150,warm_classico,29388.082713685177,True,-1,0,3.0,2.9844198000027973,0.0,0.3009283999999752,2,1.0,False,False,,1,19141.927883609125,17935.58570279922,gap,"[[0.30073059999995166, 29388.082713685177], [0.5334693000004336, 29388.08271368518]]",f5ed8b753d947b30c0aa,0.3009146000003966,19141.927883609125,29388.082713685177,True,0.535272878070429,0.5818587668084726,inf,inf
0.0040965000007417,0.0171946000009484,0.0883609000011347,0.0177618999987316,0.7808925999961502,2.0716930000016878,0.0130741000029956,uniforme_m30_n150_r1.5_s1000,uniforme,1.5,30,150,adaptativa:gnn,27893.38521889418,True,0,0,3.0,2.9950174000005063,0.0,0.1097131999995326,4,1.0,True,False,,3,27431.180539516565,25845.86026947139,gap,"[[0.3021071999974083, 27893.385218894182], [1.1066723999974784, 27893.385218894175], [2.364696199998434, 27893.38521889418], [2.6194735999961267, 27893.385218894175]]",f5ed8b753d947b30c0aa,,27431.180539516565,27893.385218894175,True,0.0168496094694784,0.11585521335598993,inf,inf
0.0037037000001873,0.0174525999973411,0.0776962999989336,0.0176981000004161,0.281329999997979,2.574480899998889,0.0068089999986113,uniforme_m30_n150_r1.5_s1000,uniforme,1.5,30,150,adaptativa:gnn,27893.38521889418,True,1,0,3.0,2.980334399999265,0.0,0.0989130999987537,3,0.6,False,False,,3,27431.180539516565,25845.86026947139,gap,"[[0.2835968999970646, 27893.385218894182], [1.09773149999819, 27893.385218894175], [2.108986699993693, 27893.385218894175]]",f5ed8b753d947b30c0aa,,27431.180539516565,27893.385218894175,True,0.0168496094694784,0.1097890771312649,inf,inf
0.0039614000015717,0.0148293999991437,0.0814599999976053,0.0152548999976716,0.5083664000012504,2.350272400002723,0.007827499997802,uniforme_m30_n150_r1.5_s1000,uniforme,1.5,30,150,adaptativa:gnn,27893.38521889418,True,2,0,3.0,2.9830986999986635,0.0,0.1003094999978202,3,0.6,False,False,,3,27431.180539516565,25845.86026947139,gap,"[[0.5218357000012475, 27893.385218894182], [1.1044140999983938, 27893.385218894175], [2.087664399998175, 27893.385218894175]]",f5ed8b753d947b30c0aa,,27431.180539516565,27893.385218894175,True,0.0168496094694784,0.18786393355247666,inf,inf
,,,,0.1725559000005887,2.8221870999987004,0.0080866000025707,uniforme_m30_n150_r1.5_s1000,uniforme,1.5,30,150,completo,30314.45769708509,True,-1,0,3.0,3.002981000001455,0.0029810000014549,0.0,1,1.0,False,False,,1,27431.180539516565,25845.86026947139,gap,"[[0.5024902000004658, 40319.71127025529], [2.5037592999979097, 30314.457697085083]]",f5ed8b753d947b30c0aa,,27431.180539516565,30314.457697085083,True,0.1051094812859021,0.49831513336003636,inf,inf
,,,,,,,uniforme_m30_n150_r1.5_s1000,uniforme,1.5,30,150,lns,30228.80862317379,True,-1,0,3.0,3.033915699998033,0.0339156999980332,0.0,1,1.0,False,False,,0,27431.180539516565,25845.86026947139,gap,"[[1.6424155999993673, 30228.80862317379]]",f5ed8b753d947b30c0aa,3.033907299999555,27431.180539516565,30228.80862317379,True,0.10198715580713137,0.5936239239078542,inf,inf
,,0.0891126999995322,,0.2803014999990409,2.3172249999988708,0.0084629000011773,uniforme_m30_n150_r1.5_s1000,uniforme,1.5,30,150,reducao_classica,38478.47402200851,True,-1,0,3.0,2.9966765999997733,0.0,0.3903902000020025,1,1.0,False,False,,1,27431.180539516565,25845.86026947139,gap,"[[0.39010269999926095, 38478.47402200851], [0.39039020000200253, 38478.47402200851], [0.7004744000041683, 38478.474022008544]]",f5ed8b753d947b30c0aa,0.3012488999993366,27431.180539516565,38478.47402200851,True,0.402727599221533,0.48039345794777316,inf,inf
,,,0.0003237999990233,0.2314898999975412,2.754454399997485,0.0072919000012916,uniforme_m30_n150_r1.5_s1000,uniforme,1.5,30,150,topk:classico,30314.45769708509,True,-1,0,3.0,2.9953107000001182,0.0,0.0015803999995114,1,1.0,False,False,,1,27431.180539516565,25845.86026947139,gap,"[[0.661028599995916, 40319.71127025529], [2.9510037999971246, 30314.457697085083]]",f5ed8b753d947b30c0aa,,27431.180539516565,30314.457697085083,True,0.1051094812859021,0.5807075414484408,inf,inf
0.0040293999991263,0.0176481000016792,,0.0018134999991161,0.1439598999968439,2.8260284999996657,0.0057403999999223,uniforme_m30_n150_r1.5_s1000,uniforme,1.5,30,150,topk:gnn,30290.20322137915,True,0,0,3.0,2.9994583999978204,0.0,0.0217314000001351,1,0.8,False,False,,1,27431.180539516565,25845.86026947139,gap,"[[0.3908971999990172, 36718.71469179296], [2.162371799997345, 30314.45769708508], [2.6150285999974585, 30296.442680105985], [2.8947219000001496, 30290.203221379154]]",f5ed8b753d947b30c0aa,,27431.180539516565,30290.203221379154,True,0.10422528763368254,0.35948051380506535,inf,inf
0.0039146999988588,0.0132655000015802,,0.0023118999997677,0.1350017999975534,2.834360500000912,0.0030624999999417,uniforme_m30_n150_r1.5_s1000,uniforme,1.5,30,150,topk:gnn,29448.67948780983,True,1,0,3.0,2.992111800002021,0.0,0.0172287000023061,1,0.8,False,False,,1,27431.180539516565,25845.86026947139,gap,"[[0.37991410000176984, 36937.95101580834], [1.4929785999993328, 29448.679487809815]]",f5ed8b753d947b30c0aa,,27431.180539516565,29448.679487809815,True,0.07354765302160073,0.29216818975231634,inf,inf
0.0042099000020243,0.0200411999976495,,0.0034644000006665,0.5008828999998514,2.4396292000019457,0.0041584999999031,uniforme_m30_n150_r1.5_s1000,uniforme,1.5,30,150,topk:gnn,30250.50507850288,True,2,0,3.0,2.972603899997921,0.0,0.0243043000009492,1,0.8,False,False,,1,27431.180539516565,25845.86026947139,gap,"[[0.7438663000029919, 36515.969149193654], [1.9462272000055236, 30314.457697085083], [2.3285491000024194, 30250.505078502858]]",f5ed8b753d947b30c0aa,,27431.180539516565,30250.505078502858,True,0.10277809717029333,0.4170886646365739,inf,inf
0.0028600999976333,0.0120862000003398,,0.0022158000028866,0.1338581999989401,2.8337326999971992,0.0047122999967541,uniforme_m30_n150_r1.5_s1000,uniforme,1.5,30,150,topk:lgbm,30316.59103280209,True,0,0,3.0,2.9896580999993603,0.0,0.0149915000001783,1,0.8,False,False,,1,27431.180539516565,25845.86026947139,gap,"[[0.3716382999991765, 35468.92013584217], [1.9321627999997872, 30375.123658477034], [2.7108317999991414, 30316.591032802102]]",f5ed8b753d947b30c0aa,,27431.180539516565,30316.591032802102,True,0.1051872517527599,0.3142931092983901,inf,inf
,,0.1176367000007303,0.004062399999384,0.5791549999994459,2.274899500000174,0.003803900002822,uniforme_m30_n150_r1.5_s1000,uniforme,1.5,30,150,topk:pl,30203.51789439936,True,-1,0,3.0,2.9798298999994586,0.0,0.1177411999997275,1,0.8,False,False,,1,27431.180539516565,25845.86026947139,gap,"[[1.065212800000154, 36678.14104019038], [2.4569415000005392, 30314.457697085083], [2.853481099999044, 30203.517894399367]]",f5ed8b753d947b30c0aa,,27431.180539516565,30203.517894399367,True,0.10106518568856536,0.5302826622659936,inf,inf
0.0033602000003156,0.0145507000015641,,0.0017800999994506,0.6014812000030361,2.356465000000753,0.0081504000008862,uniforme_m30_n150_r1.5_s1000,uniforme,1.5,30,150,warm:gnn,36718.71469179296,True,0,0,3.0,2.986099699999613,0.0,0.0179563999990932,2,1.0,False,False,,2,27431.180539516565,25845.86026947139,gap,"[[0.37075919999551843, 36718.71469179296], [1.4852448999990884, 36718.71469179297]]",f5ed8b753d947b30c0aa,,27431.180539516565,36718.71469179296,True,0.3385758093384657,0.4203188439342503,inf,inf
0.0040622999986226,0.0166905999976734,,0.0018884999990405,0.3609447999988333,2.599964299999556,0.0065374999976484,uniforme_m30_n150_r1.5_s1000,uniforme,1.5,30,150,warm:gnn,36937.95101580834,True,1,0,3.0,2.990411900002073,0.0,0.0208056000010401,2,1.0,False,False,,2,27431.180539516565,25845.86026947139,gap,"[[0.36649860000034096, 36937.95101580834], [1.2428725000027043, 36937.95101580836]]",f5ed8b753d947b30c0aa,,27431.180539516565,36937.95101580834,True,0.34656804006654396,0.42639533957024084,inf,inf
0.003670999998576,0.0146205999990343,,0.0020384000017656,0.3524316999973962,2.563339900003484,0.0070241999965219,uniforme_m30_n150_r1.5_s1000,uniforme,1.5,30,150,warm:gnn,36515.96914919365,True,2,0,3.0,2.9434403000013845,0.0,0.0183374000007461,2,1.0,False,False,,2,27431.180539516565,25845.86026947139,gap,"[[0.3546635000020615, 36515.969149193654], [1.1910422000037215, 36515.96914919369]]",f5ed8b753d947b30c0aa,,27431.180539516565,36515.969149193654,True,0.33118474783065954,0.4102528672270394,inf,inf
,,,,0.3017311999974481,2.3702932999985933,0.0044281999980739,uniforme_m30_n150_r1.5_s1000,uniforme,1.5,30,150,warm_classico,38480.789131572616,True,-1,0,3.0,2.977504800001043,0.0,0.3009354999994684,2,1.0,False,False,,1,27431.180539516565,25845.86026947139,gap,"[[0.30063450000307057, 38480.789131572616], [0.6294481999975687, 38480.78913157265]]",f5ed8b753d947b30c0aa,0.3009222000000591,27431.180539516565,38480.789131572616,True,0.40281199622955727,0.46265710187001025,inf,inf
0.0035354999999981,0.0142158999988168,0.2055318999991868,0.0102784000009705,0.4918119999965711,2.253962999999203,0.005853599999682,uniforme_m30_n150_r3.0_s1000,uniforme,3.0,30,150,adaptativa:gnn,21206.002644044165,True,0,0,3.0,2.98638260000007,0.0,0.2233438000002934,3,0.6,False,False,,3,20315.52467688504,20273.15563802302,gap,"[[0.6280183000017132, 25408.672234550886], [0.798697500002163, 21206.002644044147], [1.0718681999969704, 21206.00264404417], [2.0877519999994547, 21206.00264404417]]",f5ed8b753d947b30c0aa,,20315.52467688504,21206.002644044147,True,0.04383238834940304,0.2557654346461978,inf,inf
0.0043904000012844,0.0169803000026149,0.1985922999992908,0.0093794000022171,0.3466738999995868,2.403767600004357,0.0100142000010237,uniforme_m30_n150_r3.0_s1000,uniforme,3.0,30,150,adaptativa:gnn,23026.772480074585,True,1,0,3.0,2.9912426999981108,0.0,0.2200267000007443,3,0.6,False,False,,3,20315.52467688504,20273.15563802302,gap,"[[0.34716970000226866, 24761.778754242026], [0.6639417000005778, 23096.593203146018], [0.7028035000003001, 23026.772480074582], [1.1415116000025591, 23026.772480074596], [2.157924000002822, 23026.772480074596]]",f5ed8b753d947b30c0aa,,20315.52467688504,23026.772480074582,True,0.13345694223070656,0.24279838419755675,inf,inf
0.0036780999980692,0.0188799999996263,0.2629583999987517,0.0099126999994041,0.3037100000001373,2.378927199999453,0.0072871000011218,uniforme_m30_n150_r3.0_s1000,uniforme,3.0,30,150,adaptativa:gnn,22694.577609235937,True,2,0,3.0,2.9866637000013725,0.0,0.2855791000001773,3,0.6,False,False,,3,20315.52467688504,20273.15563802302,gap,"[[0.42712890000257175, 24545.52570689999], [0.952246600001672, 22694.577609235923], [1.1331795000005513, 22694.577609235937], [2.103803699999844, 22694.577609235937]]",f5ed8b753d947b30c0aa,,20315.52467688504,22694.577609235923,True,0.11710516810120897,0.25875629765757774,inf,inf
,,,,0.4029938000021502,2.5644735999994737,0.0034130000021832,uniforme_m30_n150_r3.0_s1000,uniforme,3.0,30,150,completo,53114.68909688869,True,-1,0,3.0,2.970985299998574,0.0,0.0,1,1.0,False,False,,1,20315.52467688504,20273.15563802302,gap,"[[0.9495430000024498, 53114.689096888695]]",f5ed8b753d947b30c0aa,,20315.52467688504,53114.689096888695,True,1.6144876857314185,1.0,inf,inf
,,,,,,,uniforme_m30_n150_r3.0_s1000,uniforme,3.0,30,150,lns,26513.99392265129,True,-1,0,3.0,3.00121450000006,0.00121450000006,0.0,1,1.0,False,False,,0,20315.52467688504,20273.15563802302,gap,"[[3.0008961000021372, 26513.993922651294]]",f5ed8b753d947b30c0aa,3.001205199998367,20315.52467688504,inf,False,,1.0,inf,inf
,,0.2522774000026402,,0.2183976999986043,2.1942602999988594,0.0051642999969772,uniforme_m30_n150_r3.0_s1000,uniforme,3.0,30,150,reducao_classica,48249.46787025997,True,-1,0,3.0,2.9714567000009997,0.0,0.5534036999997625,1,1.0,False,False,,1,20315.52467688504,20273.15563802302,gap,"[[0.5532163000025321, 48249.46787025997], [0.5534036999997625, 48249.46787025997], [0.791539300000295, 48249.46787025998]]",f5ed8b753d947b30c0aa,0.3010992000017722,20315.52467688504,48249.46787025997,True,1.3750047629908426,1.0,inf,inf
,,,0.0002085999985865,0.3482049000012921,2.6389467000008158,0.0038324999986798,uniforme_m30_n150_r3.0_s1000,uniforme,3.0,30,150,topk:classico,26118.51036611751,True,-1,0,3.0,2.993181599998934,0.0,0.0018402999994577,1,1.0,False,False,,1,20315.52467688504,20273.15563802302,gap,"[[0.6324926999986928, 53114.689096888695], [2.806436199996824, 28306.398023125468], [2.971120599999267, 26118.5103661175]]",f5ed8b753d947b30c0aa,,20315.52467688504,26118.5103661175,True,0.28564291503802924,0.9598206910392458,inf,inf
0.0027303999995638,0.0131553999999596,,0.0024564999985159,0.1401920999996946,2.833829200000764,0.0040507999983674,uniforme_m30_n150_r3.0_s1000,uniforme,3.0,30,150,topk:gnn,29293.64979771741,True,0,0,3.0,2.996614600000612,0.0,0.0159273999997822,1,0.8,False,False,,1,20315.52467688504,20273.15563802302,gap,"[[0.3747490999994625, 48236.235133998176], [2.9430284000009124, 29293.649797717415]]",f5ed8b753d947b30c0aa,,20315.52467688504,29293.649797717415,True,0.44193419877792595,0.9894020327998686,inf,inf
0.0039004999998724,0.0147207000009075,,0.0022035000001778,0.1299857000012707,2.830761299999722,0.0045538000013038,uniforme_m30_n150_r3.0_s1000,uniforme,3.0,30,150,topk:gnn,26118.51036611751,True,1,0,3.0,2.9863393000014185,0.0,0.0186659999999392,1,0.8,False,False,,1,20315.52467688504,20273.15563802302,gap,"[[0.37044519999835757, 48782.49121267379], [2.385104399996635, 29979.548070902565], [2.5696135999969556, 26118.510366117505]]",f5ed8b753d947b30c0aa,,20315.52467688504,26118.510366117505,True,0.2856429150380294,0.8652705337272323,inf,inf
0.0043190000033064,0.015893200001301,,0.0022213999982341,0.1444945000002917,2.8178489999991143,0.0097314000013284,uniforme_m30_n150_r3.0_s1000,uniforme,3.0,30,150,topk:gnn,48782.4912126738,True,2,0,3.0,2.994784400001663,0.0,0.0202605999984371,1,0.8,False,False,,1,20315.52467688504,20273.15563802302,gap,"[[0.4144611999981862, 48782.49121267379]]",f5ed8b753d947b30c0aa,,20315.52467688504,48782.49121267379,True,1.4012420052423455,1.0,inf,inf
0.0039519000019936,0.022367599998688,,0.004449600000953,0.1447489999991376,2.8065411999996286,0.0103879000016604,uniforme_m30_n150_r3.0_s1000,uniforme,3.0,30,150,topk:lgbm,25935.71441668166,True,0,0,3.0,2.9930171000014525,0.0,0.0263707999984035,1,0.8,False,False,,1,20315.52467688504,20273.15563802302,gap,"[[0.4068334999938088, 48749.024511354015], [1.9319052999926498, 28992.29629631062], [2.054008299994166, 25935.714416681683]]",f5ed8b753d947b30c0aa,,20315.52467688504,25935.714416681683,True,0.2766450696787212,0.7485864991168021,inf,inf
,,0.3498173999978462,0.0041574999995646,0.5177640000001702,2.105117999999493,0.0062942000004113,uniforme_m30_n150_r3.0_s1000,uniforme,3.0,30,150,topk:pl,47224.303511490274,True,-1,0,3.0,2.9834506000006518,0.0,0.3499174999997194,1,0.8,False,False,,1,20315.52467688504,20273.15563802302,gap,"[[1.2606959999975516, 47224.30351149028]]",f5ed8b753d947b30c0aa,,20315.52467688504,47224.30351149028,True,1.3245426471914845,1.0,inf,inf
0.0037138999978196,0.0131177000002935,,0.0027880999987246,0.679317699999956,2.2818756999986363,0.0169519000010041,uniforme_m30_n150_r3.0_s1000,uniforme,3.0,30,150,warm:gnn,48236.23513399818,True,0,0,3.0,2.998183700001391,0.0,0.0168855000010808,2,1.0,False,False,,2,20315.52467688504,20273.15563802302,gap,"[[0.6552486000000499, 48236.235133998176], [1.297564100001182, 48236.23513399822]]",f5ed8b753d947b30c0aa,,20315.52467688504,48236.235133998176,True,1.3743534021979387,1.0,inf,inf
0.0042046999988087,0.013910499998019,,0.0024491000003763,0.5504301000000851,2.4182376000026125,0.0152564999989408,uniforme_m30_n150_r3.0_s1000,uniforme,3.0,30,150,warm:gnn,48782.4912126738,True,1,0,3.0,3.004903600001853,0.0049036000018531,0.0181621000010636,2,1.0,False,False,,2,20315.52467688504,20273.15563802302,gap,"[[0.5469437000028847, 48782.49121267379], [1.3573218999990786, 48782.49121267383]]",f5ed8b753d947b30c0aa,,20315.52467688504,48782.49121267379,True,1.4012420052423455,1.0,inf,inf
0.0040068000016617,0.0142856999991636,,0.001867899998615,0.3435758000014175,2.6186844000003475,0.0079566999993403,uniforme_m30_n150_r3.0_s1000,uniforme,3.0,30,150,warm:gnn,48782.4912126738,True,2,0,3.0,2.990693499999906,0.0,0.0183432000012544,2,1.0,False,False,,2,20315.52467688504,20273.15563802302,gap,"[[0.37566099999821745, 48782.49121267379], [1.2266100000015285, 48782.49121267383]]",f5ed8b753d947b30c0aa,,20315.52467688504,48782.49121267379,True,1.4012420052423455,1.0,inf,inf
,,,,0.4301603000021714,2.2568103000012343,0.0038384000035875,uniforme_m30_n150_r3.0_s1000,uniforme,3.0,30,150,warm_classico,46863.99140864484,True,-1,0,3.0,2.9920185999981186,0.0,0.3011033999973733,2,1.0,False,False,,1,20315.52467688504,20273.15563802302,gap,"[[0.3009243999949831, 46863.99140864484], [0.7501340999988315, 46863.991408644855]]",f5ed8b753d947b30c0aa,0.3010894999970332,20315.52467688504,46863.99140864484,True,1.306806846193177,1.0,inf,inf
