metodo,n,validas,n_instancias,desvios_condicionais_ao_sucesso,desvio_mediano,ic95_lo,ic95_hi,desvio_medio,p90,ate_0.1%,ate_1%,integral_primal,t_total_med,atinge_1%,t_alvo_1%_med,certificado,vence_base,perde_base
adaptativa:gnn,12,1.0,4,True,0.08731489784698002,0.0168496094694784,0.09813149956043953,0.07240272618096949,0.09607157615462329,0.0,0.0,0.24474291987799288,2.984866949998832,0.0,3.0,0.0,1.0,0.0
topk:lgbm,4,1.0,4,True,0.19091616071574055,0.09331784305633005,0.28484007484292934,0.18999755983268513,0.2823815732936669,0.0,0.0,0.49025707562523607,2.990232449999894,0.0,3.0,0.0,0.75,0.25
topk:gnn,12,1.0,4,True,0.18917854372572748,0.08173688050484808,0.7096063730194336,0.2924250852439342,0.5821764835664824,0.0,0.0,0.5470239916452774,2.9888439000023936,0.0,3.0,0.0,1.0,0.0
warm_classico,4,1.0,4,True,0.46904243714999316,0.1448127714235931,1.306806846193177,0.5974261229791891,1.0753466557563527,0.0,0.0,0.5687596670858039,2.988219200000458,0.0,3.0,0.0,0.5,0.5
reducao_classica,4,1.0,4,True,0.4683088967415802,0.14751601634408854,1.3750047629908426,0.6147846432045229,1.1226703923720782,0.0,0.0,0.5847402474325968,2.992168849999871,0.0,3.0,0.0,0.5,0.5
warm:gnn,12,1.0,4,True,0.4391493535755616,0.2336707435202269,1.3922791375608767,0.6260621470580567,1.136452148714384,0.0,0.0,0.598681105924657,2.9905527000009897,0.0,3.0,0.0,0.25,0.5
topk:pl,4,1.0,4,True,0.3202938468805663,0.03996544921257045,1.3245426471914845,0.5012739475412968,1.0890366054558094,0.0,0.0,0.6149972997408879,2.9851848500002234,0.0,3.0,0.0,0.75,0.0
completo,4,1.0,4,True,0.3249884470000525,0.1051094812859021,1.6144876857314185,0.5923935152543565,1.2919981324337633,0.0,0.0,0.6518710590076304,2.979075199998988,0.0,3.0,0.0,,
topk:classico,4,1.0,4,True,0.31993373958083593,0.1051094812859021,0.5395225080725672,0.3211248671300353,0.4839331248878898,0.0,0.0,0.6706205164485759,2.994246149999526,0.0,3.0,0.0,0.25,0.25
lns,4,1.0,4,True,0.09184203330445449,0.08169691080177761,0.10198715580713137,0.09184203330445449,0.09995813130659599,0.0,0.0,0.7195207683197002,3.017739099999744,0.0,3.0,0.0,1.0,0.0
