n,familia,seed,inicio,filtro,k_in,custo,tempo,iteracoes,avaliacoes,fallbacks,otimo,bound,status_exato
200,uniforme,0,0,completo,0,119.28157313493665,0.03261879999990924,14,36456,0,117.18406975951379,117.18406975951379,optimal
200,uniforme,0,0,classico,8,119.28157313493665,0.028498199999376084,15,21312,8,117.18406975951379,117.18406975951379,optimal
200,uniforme,0,0,classico,16,117.18406975951379,0.033539699999892036,16,27064,10,117.18406975951379,117.18406975951379,optimal
200,uniforme,0,0,classico,32,117.18406975951379,0.031311700000514975,16,28088,10,117.18406975951379,117.18406975951379,optimal
200,uniforme,0,0,aprendido,8,117.18406975951379,0.2510542999998506,18,24012,9,117.18406975951379,117.18406975951379,optimal
200,uniforme,0,0,aprendido,16,117.18406975951379,0.23649679999925866,18,21984,8,117.18406975951379,117.18406975951379,optimal
200,uniforme,0,0,aprendido,32,117.18406975951379,0.22029550000024756,16,20276,7,117.18406975951379,117.18406975951379,optimal
200,uniforme,0,0,aleatorio,8,117.18406975951379,0.02619180000056076,17,23980,9,117.18406975951379,117.18406975951379,optimal
200,uniforme,0,0,aleatorio,16,119.17844203183036,0.020313199999691278,15,24396,9,117.18406975951379,117.18406975951379,optimal
200,uniforme,0,0,aleatorio,32,117.18406975951379,0.03333250000014232,21,31332,11,117.18406975951379,117.18406975951379,optimal
200,uniforme,0,1,completo,0,118.18680510321872,0.0321380000004865,15,39060,0,117.18406975951379,117.18406975951379,optimal
200,uniforme,0,1,classico,8,118.18680510321872,0.0342478000002302,16,26552,10,117.18406975951379,117.18406975951379,optimal
200,uniforme,0,1,classico,16,118.18680510321872,0.035705199999938486,16,24460,9,117.18406975951379,117.18406975951379,optimal
200,uniforme,0,1,classico,32,118.18680510321872,0.04169550000005984,15,25356,9,117.18406975951379,117.18406975951379,optimal
200,uniforme,0,1,aprendido,8,118.18680510321872,0.23066740000012942,15,18708,7,117.18406975951379,117.18406975951379,optimal
200,uniforme,0,1,aprendido,16,118.18680510321872,0.22096760000022186,15,16584,6,117.18406975951379,117.18406975951379,optimal
200,uniforme,0,1,aprendido,32,118.18680510321872,0.21215120000033494,15,17544,6,117.18406975951379,117.18406975951379,optimal
200,uniforme,0,1,aleatorio,8,118.18680510321872,0.045551700000032724,22,39764,15,117.18406975951379,117.18406975951379,optimal
200,uniforme,0,1,aleatorio,16,118.18680510321872,0.03803100000004633,25,30244,11,117.18406975951379,117.18406975951379,optimal
200,uniforme,0,1,aleatorio,32,117.84641976482415,0.02679360000001907,19,23264,8,117.18406975951379,117.18406975951379,optimal
200,uniforme,0,2,completo,0,118.34891393222463,0.03983040000002802,19,49476,0,117.18406975951379,117.18406975951379,optimal
200,uniforme,0,2,classico,8,118.34891393222463,0.03533579999930225,19,31856,12,117.18406975951379,117.18406975951379,optimal
200,uniforme,0,2,classico,16,118.34891393222463,0.035163200000170036,19,32464,12,117.18406975951379,117.18406975951379,optimal
200,uniforme,0,2,classico,32,118.34891393222463,0.04543470000044181,19,33680,12,117.18406975951379,117.18406975951379,optimal
200,uniforme,0,2,aprendido,8,117.3323828631884,0.2868988000000172,22,26744,10,117.18406975951379,117.18406975951379,optimal
200,uniforme,0,2,aprendido,16,118.24725302084101,0.31647590000011405,22,27448,10,117.18406975951379,117.18406975951379,optimal
200,uniforme,0,2,aprendido,32,118.24725302084101,0.30456880000019737,20,25996,9,117.18406975951379,117.18406975951379,optimal
200,uniforme,0,2,aleatorio,8,120.15729239566045,0.03710179999961838,21,29316,11,117.18406975951379,117.18406975951379,optimal
200,uniforme,0,2,aleatorio,16,118.08123060305196,0.03817049999997835,22,30052,11,117.18406975951379,117.18406975951379,optimal
200,uniforme,0,2,aleatorio,32,118.36157016634697,0.04051379999964411,24,34320,12,117.18406975951379,117.18406975951379,optimal
200,cidade,1,0,completo,0,40.96645586715987,0.03869459999987157,16,41664,0,40.80639788663623,40.80639788663623,optimal
200,cidade,1,0,classico,8,40.96645586715987,0.02943890000005922,18,21408,8,40.80639788663623,40.80639788663623,optimal
200,cidade,1,0,classico,16,40.96645586715987,0.03242760000011913,18,21984,8,40.80639788663623,40.80639788663623,optimal
200,cidade,1,0,classico,32,40.96645586715987,0.03432470000007015,18,23136,8,40.80639788663623,40.80639788663623,optimal
200,cidade,1,0,aprendido,8,40.92805481535628,0.23527280000052997,18,16200,6,40.80639788663623,40.80639788663623,optimal
200,cidade,1,0,aprendido,16,40.92805481535628,0.25294860000030894,18,16776,6,40.80639788663623,40.80639788663623,optimal
200,cidade,1,0,aprendido,32,40.92805481535628,0.24811100000079023,18,17928,6,40.80639788663623,40.80639788663623,optimal
200,cidade,1,0,aleatorio,8,41.298532533181316,0.05811320000066189,35,47992,18,40.80639788663623,40.80639788663623,optimal
200,cidade,1,0,aleatorio,16,41.24471919927085,0.052346399999805726,31,43648,16,40.80639788663623,40.80639788663623,optimal
200,cidade,1,0,aleatorio,32,40.87348740409735,0.05562000000008993,36,41064,14,40.80639788663623,40.80639788663623,optimal
200,cidade,1,1,completo,0,40.87348740409735,0.036641599999711616,14,36456,0,40.80639788663623,40.80639788663623,optimal
200,cidade,1,1,classico,8,40.87348740409735,0.031033600000228034,17,18772,7,40.80639788663623,40.80639788663623,optimal
200,cidade,1,1,classico,16,40.87348740409735,0.02918009999939386,15,13980,5,40.80639788663623,40.80639788663623,optimal
200,cidade,1,1,classico,32,40.87348740409735,0.03251060000002326,14,17416,6,40.80639788663623,40.80639788663623,optimal
200,cidade,1,1,aprendido,8,40.87348740409735,0.23283249999985856,15,10896,4,40.80639788663623,40.80639788663623,optimal
200,cidade,1,1,aprendido,16,40.87348740409735,0.2160900999997466,15,11376,4,40.80639788663623,40.80639788663623,optimal
200,cidade,1,1,aprendido,32,40.87348740409735,0.21647790000042733,17,12592,4,40.80639788663623,40.80639788663623,optimal
200,cidade,1,1,aleatorio,8,41.8453032630902,0.026718500000242784,17,21376,8,40.80639788663623,40.80639788663623,optimal
200,cidade,1,1,aleatorio,16,40.87348740409735,0.03417919999992591,25,32848,12,40.80639788663623,40.80639788663623,optimal
200,cidade,1,1,aleatorio,32,41.127473601272754,0.043080100000224775,33,27660,9,40.80639788663623,40.80639788663623,optimal
200,cidade,1,2,completo,0,40.816655171205255,0.03381400000034773,14,36456,0,40.80639788663623,40.80639788663623,optimal
200,cidade,1,2,classico,8,40.816655171205255,0.028123500000219792,14,21280,8,40.80639788663623,40.80639788663623,optimal
200,cidade,1,2,classico,16,40.816655171205255,0.0285874999999578,14,21728,8,40.80639788663623,40.80639788663623,optimal
200,cidade,1,2,classico,32,40.816655171205255,0.027365399999325746,14,20020,7,40.80639788663623,40.80639788663623,optimal
200,cidade,1,2,aprendido,8,40.816655171205255,0.22496159999991505,16,13532,5,40.80639788663623,40.80639788663623,optimal
200,cidade,1,2,aprendido,16,40.80639788663623,0.23834769999939454,16,11440,4,40.80639788663623,40.80639788663623,optimal
200,cidade,1,2,aprendido,32,40.80639788663623,0.2377462000004016,16,12464,4,40.80639788663623,40.80639788663623,optimal
200,cidade,1,2,aleatorio,8,41.24471919927085,0.046011299999918265,24,34620,13,40.80639788663623,40.80639788663623,optimal
200,cidade,1,2,aleatorio,16,40.87348740409735,0.04738290000022971,22,40468,15,40.80639788663623,40.80639788663623,optimal
200,cidade,1,2,aleatorio,32,40.87348740409735,0.043021800000133226,22,34064,12,40.80639788663623,40.80639788663623,optimal
200,uniforme,2,0,completo,0,128.044163121511,0.03586150000046473,19,49476,0,127.26904441948257,127.26904441948257,optimal
200,uniforme,2,0,classico,8,127.26904441948255,0.043874699999832956,21,34524,13,127.26904441948257,127.26904441948257,optimal
200,uniforme,2,0,classico,16,127.26904441948255,0.045477800000298885,21,35196,13,127.26904441948257,127.26904441948257,optimal
200,uniforme,2,0,classico,32,129.2000669690098,0.02524390000053245,19,20660,7,127.26904441948257,127.26904441948257,optimal
200,uniforme,2,0,aprendido,8,127.33595864570539,0.302678900000501,22,26744,10,127.26904441948257,127.26904441948257,optimal
200,uniforme,2,0,aprendido,16,127.77159351776375,0.261989700000413,19,16840,6,127.26904441948257,127.26904441948257,optimal
200,uniforme,2,0,aprendido,32,128.0604963129618,0.26498069999979634,19,15452,5,127.26904441948257,127.26904441948257,optimal
200,uniforme,2,0,aleatorio,8,127.33595864570539,0.04853850000017701,23,37192,14,127.26904441948257,127.26904441948257,optimal
200,uniforme,2,0,aleatorio,16,127.33595864570539,0.03888390000065556,23,27512,10,127.26904441948257,127.26904441948257,optimal
200,uniforme,2,0,aleatorio,32,129.4720099858057,0.0226146000004519,22,13232,4,127.26904441948257,127.26904441948257,optimal
200,uniforme,2,1,completo,0,127.74018705001605,0.046422599999459635,19,49476,0,127.26904441948257,127.26904441948257,optimal
200,uniforme,2,1,classico,8,127.72385385856523,0.039511099999799626,18,21408,8,127.26904441948257,127.26904441948257,optimal
200,uniforme,2,1,classico,16,127.74018705001605,0.041483099999823025,19,27256,10,127.26904441948257,127.26904441948257,optimal
200,uniforme,2,1,classico,32,127.74018705001605,0.041137500000331784,19,28472,10,127.26904441948257,127.26904441948257,optimal
200,uniforme,2,1,aprendido,8,127.74018705001605,0.28473810000014055,19,26648,10,127.26904441948257,127.26904441948257,optimal
200,uniforme,2,1,aprendido,16,127.74018705001605,0.26350300000012794,18,27192,10,127.26904441948257,127.26904441948257,optimal
200,uniforme,2,1,aprendido,32,127.74018705001605,0.2538667999997415,19,18056,6,127.26904441948257,127.26904441948257,optimal
200,uniforme,2,1,aleatorio,8,127.33595864570539,0.04160219999994297,24,34620,13,127.26904441948257,127.26904441948257,optimal
200,uniforme,2,1,aleatorio,16,127.74018705001605,0.0311957000003531,25,19828,7,127.26904441948257,127.26904441948257,optimal
200,uniforme,2,1,aleatorio,32,127.33595864570539,0.03093929999977263,26,24160,8,127.26904441948257,127.26904441948257,optimal
200,uniforme,2,2,completo,0,127.26904441948255,0.032921600000008766,18,46872,0,127.26904441948257,127.26904441948257,optimal
200,uniforme,2,2,classico,8,127.26904441948255,0.05394429999978456,22,42368,16,127.26904441948257,127.26904441948257,optimal
200,uniforme,2,2,classico,16,128.044163121511,0.03857160000006843,18,32400,12,127.26904441948257,127.26904441948257,optimal
200,uniforme,2,2,classico,32,127.26904441948255,0.048098100000061095,18,38760,14,127.26904441948257,127.26904441948257,optimal
200,uniforme,2,2,aprendido,8,127.26904441948255,0.2867375000005268,18,31824,12,127.26904441948257,127.26904441948257,optimal
200,uniforme,2,2,aprendido,16,127.26904441948255,0.2722354000006817,19,27256,10,127.26904441948257,127.26904441948257,optimal
200,uniforme,2,2,aprendido,32,127.26904441948255,0.25332609999986744,19,20660,7,127.26904441948257,127.26904441948257,optimal
200,uniforme,2,2,aleatorio,8,127.26904441948255,0.039669900000262714,24,39828,15,127.26904441948257,127.26904441948257,optimal
200,uniforme,2,2,aleatorio,16,127.26904441948255,0.03711279999970429,25,38056,14,127.26904441948257,127.26904441948257,optimal
200,uniforme,2,2,aleatorio,32,128.07084908078477,0.036440000000766304,26,37180,13,127.26904441948257,127.26904441948257,optimal
200,cidade,3,0,completo,0,48.55046469787377,0.037427000000207045,15,39060,0,47.740504160504344,47.740504160504344,optimal
200,cidade,3,0,classico,8,48.460239899737104,0.02173860000038985,17,10960,4,47.740504160504344,47.740504160504344,optimal
200,cidade,3,0,classico,16,48.55046469787377,0.01765510000041104,16,8836,3,47.740504160504344,47.740504160504344,optimal
200,cidade,3,0,classico,32,48.55046469787377,0.022888799999236653,16,9860,3,47.740504160504344,47.740504160504344,optimal
200,cidade,3,0,aprendido,8,48.55046469787377,0.20237730000008014,16,8324,3,47.740504160504344,47.740504160504344,optimal
200,cidade,3,0,aprendido,16,48.55046469787377,0.21954170000026352,16,8836,3,47.740504160504344,47.740504160504344,optimal
200,cidade,3,0,aprendido,32,48.55046469787377,0.22338399999989633,16,9860,3,47.740504160504344,47.740504160504344,optimal
200,cidade,3,0,aleatorio,8,48.460239899737104,0.02982289999999921,21,24108,9,47.740504160504344,47.740504160504344,optimal
200,cidade,3,0,aleatorio,16,48.55046469787377,0.020898500000839704,21,16968,6,47.740504160504344,47.740504160504344,optimal
200,cidade,3,0,aleatorio,32,48.545482289931215,0.03687089999948512,26,26764,9,47.740504160504344,47.740504160504344,optimal
200,cidade,3,1,completo,0,48.38487473139012,0.040059399999336165,16,41664,0,47.740504160504344,47.740504160504344,optimal
200,cidade,3,1,classico,8,48.38487473139012,0.03677160000006552,18,24012,9,47.740504160504344,47.740504160504344,optimal
200,cidade,3,1,classico,16,48.38487473139012,0.033136199999717064,18,24588,9,47.740504160504344,47.740504160504344,optimal
200,cidade,3,1,classico,32,48.38487473139012,0.03382690000034927,18,25740,9,47.740504160504344,47.740504160504344,optimal
200,cidade,3,1,aprendido,8,48.281392499788154,0.2509429000001546,16,16136,6,47.740504160504344,47.740504160504344,optimal
200,cidade,3,1,aprendido,16,48.281392499788154,0.24667980000049283,16,16648,6,47.740504160504344,47.740504160504344,optimal
200,cidade,3,1,aprendido,32,48.38487473139012,0.26483769999958895,19,18056,6,47.740504160504344,47.740504160504344,optimal
200,cidade,3,1,aleatorio,8,47.74050416050434,0.028676299999460753,22,31952,12,47.740504160504344,47.740504160504344,optimal
200,cidade,3,1,aleatorio,16,47.74050416050434,0.03431189999992057,24,32784,12,47.740504160504344,47.740504160504344,optimal
200,cidade,3,1,aleatorio,32,47.9351831637121,0.03328349999992497,23,23776,8,47.740504160504344,47.740504160504344,optimal
200,cidade,3,2,completo,0,48.18265937863715,0.03309449999960634,13,33852,0,47.740504160504344,47.740504160504344,optimal
200,cidade,3,2,classico,8,48.18265937863715,0.02372890000060579,15,10896,4,47.740504160504344,47.740504160504344,optimal
200,cidade,3,2,classico,16,48.18265937863715,0.019075299999713025,15,11376,4,47.740504160504344,47.740504160504344,optimal
200,cidade,3,2,classico,32,48.18265937863715,0.021844800000508258,15,12336,4,47.740504160504344,47.740504160504344,optimal
200,cidade,3,2,aprendido,8,48.18265937863715,0.1864901999997528,13,8228,3,47.740504160504344,47.740504160504344,optimal
200,cidade,3,2,aprendido,16,48.18265937863715,0.25640740000017104,18,11568,4,47.740504160504344,47.740504160504344,optimal
200,cidade,3,2,aprendido,32,48.644112316064984,0.22792799999933777,16,9860,3,47.740504160504344,47.740504160504344,optimal
200,cidade,3,2,aleatorio,8,47.74050416050434,0.031011700000817655,25,26840,10,47.740504160504344,47.740504160504344,optimal
200,cidade,3,2,aleatorio,16,48.26609116438115,0.02883209999981773,21,19572,7,47.740504160504344,47.740504160504344,optimal
200,cidade,3,2,aleatorio,32,48.018999475570645,0.030633700000180397,30,24672,8,47.740504160504344,47.740504160504344,optimal
200,uniforme,4,0,completo,0,120.51221054857889,0.047428999999283405,20,52080,0,120.51221054857889,120.51221054857889,optimal
200,uniforme,4,0,classico,8,120.51221054857889,0.043965599999864935,22,26744,10,120.51221054857889,120.51221054857889,optimal
200,uniforme,4,0,classico,16,120.51221054857889,0.04044830000020738,20,22112,8,120.51221054857889,120.51221054857889,optimal
200,uniforme,4,0,classico,32,120.51221054857889,0.04085540000050969,21,26124,9,120.51221054857889,120.51221054857889,optimal
200,uniforme,4,0,aprendido,8,120.51221054857889,0.27686109999922337,21,21504,8,120.51221054857889,120.51221054857889,optimal
200,uniforme,4,0,aprendido,16,120.51221054857889,0.3041767000004256,21,19572,7,120.51221054857889,120.51221054857889,optimal
200,uniforme,4,0,aprendido,32,120.51221054857889,0.27769009999974514,20,18184,6,120.51221054857889,120.51221054857889,optimal
200,uniforme,4,0,aleatorio,8,120.51221054857889,0.05156390000047395,32,47896,18,120.51221054857889,120.51221054857889,optimal
200,uniforme,4,0,aleatorio,16,120.51221054857889,0.04310910000003787,29,27896,10,120.51221054857889,120.51221054857889,optimal
200,uniforme,4,0,aleatorio,32,120.51221054857889,0.0550308000001678,34,32996,11,120.51221054857889,120.51221054857889,optimal
200,uniforme,4,1,completo,0,120.51221054857889,0.058361499999591615,21,54684,0,120.51221054857889,120.51221054857889,optimal
200,uniforme,4,1,classico,8,120.51221054857889,0.03968570000051841,20,24076,9,120.51221054857889,120.51221054857889,optimal
200,uniforme,4,1,classico,16,120.51221054857889,0.04254899999978079,22,24844,9,120.51221054857889,120.51221054857889,optimal
200,uniforme,4,1,classico,32,120.51221054857889,0.057475999999951455,26,31972,11,120.51221054857889,120.51221054857889,optimal
200,uniforme,4,1,aprendido,8,120.51221054857889,0.3365244000005987,25,32048,12,120.51221054857889,120.51221054857889,optimal
200,uniforme,4,1,aprendido,16,120.51221054857889,0.37963809999928344,27,27768,10,120.51221054857889,120.51221054857889,optimal
200,uniforme,4,1,aprendido,32,122.43491448042421,0.3361317000008057,25,13616,4,120.51221054857889,120.51221054857889,optimal
200,uniforme,4,1,aleatorio,8,122.28906349997065,0.03947299999981624,25,32048,12,120.51221054857889,120.51221054857889,optimal
200,uniforme,4,1,aleatorio,16,120.51221054857889,0.047168600000077276,32,38504,14,120.51221054857889,120.51221054857889,optimal
200,uniforme,4,1,aleatorio,32,122.43491448042421,0.03795669999999518,30,29880,10,120.51221054857889,120.51221054857889,optimal
200,uniforme,4,2,completo,0,120.51221054857889,0.033015099999829545,17,44268,0,120.51221054857889,120.51221054857889,optimal
200,uniforme,4,2,classico,8,120.51221054857889,0.03500299999996059,19,26648,10,120.51221054857889,120.51221054857889,optimal
200,uniforme,4,2,classico,16,120.51221054857889,0.03155160000005708,19,24652,9,120.51221054857889,120.51221054857889,optimal
200,uniforme,4,2,classico,32,120.51221054857889,0.03650349999952596,18,23136,8,120.51221054857889,120.51221054857889,optimal
200,uniforme,4,2,aprendido,8,120.51221054857889,0.24296859999958542,17,21376,8,120.51221054857889,120.51221054857889,optimal
200,uniforme,4,2,aprendido,16,120.51221054857889,0.22710370000004332,17,16712,6,120.51221054857889,120.51221054857889,optimal
200,uniforme,4,2,aprendido,32,120.51221054857889,0.22469869999986258,17,17800,6,120.51221054857889,120.51221054857889,optimal
200,uniforme,4,2,aleatorio,8,122.43491448042421,0.043935400000009395,23,34588,13,120.51221054857889,120.51221054857889,optimal
200,uniforme,4,2,aleatorio,16,120.51221054857889,0.03887439999925846,26,32912,12,120.51221054857889,120.51221054857889,optimal
200,uniforme,4,2,aleatorio,32,122.43491448042421,0.03364800000053947,26,29368,10,120.51221054857889,120.51221054857889,optimal
200,cidade,5,0,completo,0,42.67197492836547,0.043109000000185915,18,46872,0,42.52016496098834,42.52016496098834,optimal
200,cidade,5,0,classico,8,42.75256439552918,0.043031799999880604,24,29412,11,42.52016496098834,42.52016496098834,optimal
200,cidade,5,0,classico,16,42.75256439552918,0.03910169999926438,23,30116,11,42.52016496098834,42.52016496098834,optimal
200,cidade,5,0,classico,32,42.67197492836547,0.043241099999249855,22,26252,9,42.52016496098834,42.52016496098834,optimal
200,cidade,5,0,aprendido,8,42.67197492836547,0.33324499999980617,23,18964,7,42.52016496098834,42.52016496098834,optimal
200,cidade,5,0,aprendido,16,42.67197492836547,0.3480218999993667,24,19764,7,42.52016496098834,42.52016496098834,optimal
200,cidade,5,0,aprendido,32,42.67197492836547,0.35221269999965443,24,21300,7,42.52016496098834,42.52016496098834,optimal
200,cidade,5,0,aleatorio,8,42.93186469369419,0.04693140000017593,27,34716,13,42.52016496098834,42.52016496098834,optimal
200,cidade,5,0,aleatorio,16,42.52016496098834,0.04519799999980023,26,38120,14,42.52016496098834,42.52016496098834,optimal
200,cidade,5,0,aleatorio,32,42.728781883304805,0.023333500000262575,20,25996,9,42.52016496098834,42.52016496098834,optimal
200,cidade,5,1,completo,0,42.986329230618566,0.03658980000000156,16,41664,0,42.52016496098834,42.52016496098834,optimal
200,cidade,5,1,classico,8,42.986329230618566,0.02815199999986362,16,13532,5,42.52016496098834,42.52016496098834,optimal
200,cidade,5,1,classico,16,42.986329230618566,0.02380929999981163,15,8772,3,42.52016496098834,42.52016496098834,optimal
200,cidade,5,1,classico,32,42.986329230618566,0.02715410000018892,16,12464,4,42.52016496098834,42.52016496098834,optimal
200,cidade,5,1,aprendido,8,42.61742413042596,0.24493359999996756,18,10992,4,42.52016496098834,42.52016496098834,optimal
200,cidade,5,1,aprendido,16,42.986329230618566,0.24834789999931672,18,11568,4,42.52016496098834,42.52016496098834,optimal
200,cidade,5,1,aprendido,32,42.986329230618566,0.23459600000023784,17,9988,3,42.52016496098834,42.52016496098834,optimal
200,cidade,5,1,aleatorio,8,43.27662409795791,0.032281699999657576,27,21696,8,42.52016496098834,42.52016496098834,optimal
200,cidade,5,1,aleatorio,16,42.67197492836547,0.030591800000365765,23,22304,8,42.52016496098834,42.52016496098834,optimal
200,cidade,5,1,aleatorio,32,42.7269267950414,0.040406899999652524,27,29496,10,42.52016496098834,42.52016496098834,optimal
200,cidade,5,2,completo,0,42.93071930774069,0.05199420000008104,20,52080,0,42.52016496098834,42.52016496098834,optimal
200,cidade,5,2,classico,8,43.034506843691794,0.03219189999981609,20,13660,5,42.52016496098834,42.52016496098834,optimal
200,cidade,5,2,classico,16,42.93071930774069,0.042586699999446864,20,24716,9,42.52016496098834,42.52016496098834,optimal
200,cidade,5,2,classico,32,42.93071930774069,0.040786300000036135,20,25996,9,42.52016496098834,42.52016496098834,optimal
200,cidade,5,2,aprendido,8,42.61742413042596,0.34486610000021756,24,24204,9,42.52016496098834,42.52016496098834,optimal
200,cidade,5,2,aprendido,16,42.61742413042596,0.32161159999941447,22,19636,7,42.52016496098834,42.52016496098834,optimal
200,cidade,5,2,aprendido,32,42.93071930774069,0.27507750000040687,19,18056,6,42.52016496098834,42.52016496098834,optimal
200,cidade,5,2,aleatorio,8,43.27987023576216,0.033487699999568576,25,24236,9,42.52016496098834,42.52016496098834,optimal
200,cidade,5,2,aleatorio,16,42.94059445579623,0.043637600000693055,28,33040,12,42.52016496098834,42.52016496098834,optimal
200,cidade,5,2,aleatorio,32,42.99558520054366,0.033972000000176195,26,21556,7,42.52016496098834,42.52016496098834,optimal
200,uniforme,6,0,completo,0,126.00043659417892,0.03212450000046374,14,36456,0,125.27007729955267,125.27007729955267,optimal
200,uniforme,6,0,classico,8,126.00043659417892,0.01814470000044821,15,13500,5,125.27007729955267,125.27007729955267,optimal
200,uniforme,6,0,classico,16,126.00043659417892,0.022389400000065507,15,11376,4,125.27007729955267,125.27007729955267,optimal
200,uniforme,6,0,classico,32,126.00043659417892,0.017946300000403426,13,9476,3,125.27007729955267,125.27007729955267,optimal
200,uniforme,6,0,aprendido,8,126.00043659417892,0.19569180000053166,15,8292,3,125.27007729955267,125.27007729955267,optimal
200,uniforme,6,0,aprendido,16,126.00043659417892,0.15672970000014175,14,6104,2,125.27007729955267,125.27007729955267,optimal
200,uniforme,6,0,aprendido,32,126.00043659417892,0.1973041999999623,14,7000,2,125.27007729955267,125.27007729955267,optimal
200,uniforme,6,0,aleatorio,8,128.51970358484118,0.04190090000065538,24,32016,12,125.27007729955267,125.27007729955267,optimal
200,uniforme,6,0,aleatorio,16,128.51970358484118,0.035185599999749684,22,27448,10,125.27007729955267,125.27007729955267,optimal
200,uniforme,6,0,aleatorio,32,126.00043659417892,0.029478399999788962,24,21300,7,125.27007729955267,125.27007729955267,optimal
200,uniforme,6,1,completo,0,125.27007729955267,0.03256099999998696,14,36456,0,125.27007729955267,125.27007729955267,optimal
200,uniforme,6,1,classico,8,125.27007729955267,0.023047300000143878,14,21280,8,125.27007729955267,125.27007729955267,optimal
200,uniforme,6,1,classico,16,125.27007729955267,0.019960099999480008,14,21728,8,125.27007729955267,125.27007729955267,optimal
200,uniforme,6,1,classico,32,125.27007729955267,0.028750200000104087,14,22624,8,125.27007729955267,125.27007729955267,optimal
200,uniforme,6,1,aprendido,8,126.00043659417892,0.17149479999989126,13,13436,5,125.27007729955267,125.27007729955267,optimal
200,uniforme,6,1,aprendido,16,126.00043659417892,0.18062370000006922,13,13852,5,125.27007729955267,125.27007729955267,optimal
200,uniforme,6,1,aprendido,32,125.27007729955267,0.1948980000006486,14,14812,5,125.27007729955267,125.27007729955267,optimal
200,uniforme,6,1,aleatorio,8,127.84134133532129,0.03497570000035921,20,26680,10,125.27007729955267,125.27007729955267,optimal
200,uniforme,6,1,aleatorio,16,125.27007729955267,0.03147480000006908,20,29924,11,125.27007729955267,125.27007729955267,optimal
200,uniforme,6,1,aleatorio,32,125.27007729955267,0.027030700000068464,20,20788,7,125.27007729955267,125.27007729955267,optimal
200,uniforme,6,2,completo,0,125.27007729955267,0.03644030000032217,15,39060,0,125.27007729955267,125.27007729955267,optimal
200,uniforme,6,2,classico,8,125.27007729955267,0.02316289999998844,14,21280,8,125.27007729955267,125.27007729955267,optimal
200,uniforme,6,2,classico,16,125.27007729955267,0.02866199999971286,14,19124,7,125.27007729955267,125.27007729955267,optimal
200,uniforme,6,2,classico,32,125.27007729955267,0.028770900000381516,14,20020,7,125.27007729955267,125.27007729955267,optimal
200,uniforme,6,2,aprendido,8,125.27007729955267,0.19275010000001203,14,16072,6,125.27007729955267,125.27007729955267,optimal
200,uniforme,6,2,aprendido,16,125.27007729955267,0.17337490000045364,14,16520,6,125.27007729955267,125.27007729955267,optimal
200,uniforme,6,2,aprendido,32,125.27007729955267,0.20678700000007666,15,14940,5,125.27007729955267,125.27007729955267,optimal
200,uniforme,6,2,aleatorio,8,125.27007729955267,0.04274600000007922,27,34716,13,125.27007729955267,125.27007729955267,optimal
200,uniforme,6,2,aleatorio,16,125.27007729955267,0.041921000000002095,22,35260,13,125.27007729955267,125.27007729955267,optimal
200,uniforme,6,2,aleatorio,32,125.27007729955267,0.02688120000038907,26,24160,8,125.27007729955267,125.27007729955267,optimal
200,cidade,7,0,completo,0,48.849829228829094,0.041173499999786145,18,46872,0,48.253802676507355,48.253802676507355,optimal
200,cidade,7,0,classico,8,48.85110295964812,0.02682820000063657,17,18772,7,48.253802676507355,48.253802676507355,optimal
200,cidade,7,0,classico,16,48.60202944871068,0.03350719999980356,19,22048,8,48.253802676507355,48.253802676507355,optimal
200,cidade,7,0,classico,32,48.57175885673589,0.03553180000017164,19,23264,8,48.253802676507355,48.253802676507355,optimal
200,cidade,7,0,aprendido,8,48.51611423193578,0.26591090000056283,21,8484,3,48.253802676507355,48.253802676507355,optimal
200,cidade,7,0,aprendido,16,48.85110295964812,0.28219529999933,21,16968,6,48.253802676507355,48.253802676507355,optimal
200,cidade,7,0,aprendido,32,48.60202944871068,0.24268649999976333,20,15580,5,48.253802676507355,48.253802676507355,optimal
200,cidade,7,0,aleatorio,8,48.51611423193578,0.029812000000674743,29,32176,12,48.253802676507355,48.253802676507355,optimal
200,cidade,7,0,aleatorio,16,48.58095555899584,0.02633129999958328,25,27640,10,48.253802676507355,48.253802676507355,optimal
200,cidade,7,0,aleatorio,32,49.09579295886411,0.023114199999326956,27,21684,7,48.253802676507355,48.253802676507355,optimal
200,cidade,7,1,completo,0,48.512293497565416,0.03461440000046423,15,39060,0,48.253802676507355,48.253802676507355,optimal
200,cidade,7,1,classico,8,48.417947327568804,0.029325499999686144,16,13532,5,48.253802676507355,48.253802676507355,optimal
200,cidade,7,1,classico,16,48.417947327568804,0.03456410000035248,17,16712,6,48.253802676507355,48.253802676507355,optimal
200,cidade,7,1,classico,32,48.417947327568804,0.027516799999830255,17,15196,5,48.253802676507355,48.253802676507355,optimal
200,cidade,7,1,aprendido,8,48.7934060086821,0.23233630000049743,16,13532,5,48.253802676507355,48.253802676507355,optimal
200,cidade,7,1,aprendido,16,48.7934060086821,0.20325930000035441,15,11376,4,48.253802676507355,48.253802676507355,optimal
200,cidade,7,1,aprendido,32,48.7934060086821,0.19027100000039354,15,12336,4,48.253802676507355,48.253802676507355,optimal
200,cidade,7,1,aleatorio,8,48.550684967021056,0.0328391000002739,30,34812,13,48.253802676507355,48.253802676507355,optimal
200,cidade,7,1,aleatorio,16,48.25380267650735,0.030984500000158732,35,17864,6,48.253802676507355,48.253802676507355,optimal
200,cidade,7,1,aleatorio,32,48.64746684793765,0.028205999999954656,25,26636,9,48.253802676507355,48.253802676507355,optimal
200,cidade,7,2,completo,0,48.550684967021056,0.032819000000017695,17,44268,0,48.253802676507355,48.253802676507355,optimal
200,cidade,7,2,classico,8,48.58095555899584,0.021564499999840336,18,16200,6,48.253802676507355,48.253802676507355,optimal
200,cidade,7,2,classico,16,48.58095555899584,0.030385300000489224,18,16776,6,48.253802676507355,48.253802676507355,optimal
200,cidade,7,2,classico,32,48.60202944871068,0.02647530000012921,17,15196,5,48.253802676507355,48.253802676507355,optimal
200,cidade,7,2,aprendido,8,48.51611423193578,0.25418749999971624,20,16264,6,48.253802676507355,48.253802676507355,optimal
200,cidade,7,2,aprendido,16,48.550684967021056,0.2453203000004578,19,14236,5,48.253802676507355,48.253802676507355,optimal
200,cidade,7,2,aprendido,32,48.550684967021056,0.22474699999929726,19,15452,5,48.253802676507355,48.253802676507355,optimal
200,cidade,7,2,aleatorio,8,48.550684967021056,0.03335380000044097,23,37192,14,48.253802676507355,48.253802676507355,optimal
200,cidade,7,2,aleatorio,16,48.60202944871068,0.027600699999311473,19,27256,10,48.253802676507355,48.253802676507355,optimal
200,cidade,7,2,aleatorio,32,48.25380267650735,0.0282932999998593,25,31844,11,48.253802676507355,48.253802676507355,optimal
200,uniforme,8,0,completo,0,127.14011631694603,0.037084800000229734,15,39060,0,125.38249865268672,125.38249865268672,optimal
200,uniforme,8,0,classico,8,126.41689433051776,0.026487800000722928,18,21408,8,125.38249865268672,125.38249865268672,optimal
200,uniforme,8,0,classico,16,126.41689433051776,0.03390130000025238,18,19380,7,125.38249865268672,125.38249865268672,optimal
200,uniforme,8,0,classico,32,126.41689433051776,0.03705420000005688,18,20532,7,125.38249865268672,125.38249865268672,optimal
200,uniforme,8,0,aprendido,8,125.38249865268673,0.22477269999944838,16,16136,6,125.38249865268672,125.38249865268672,optimal
200,uniforme,8,0,aprendido,16,126.41689433051776,0.26317760000074486,18,21984,8,125.38249865268672,125.38249865268672,optimal
200,uniforme,8,0,aprendido,32,125.38249865268673,0.2915409000006548,20,18184,6,125.38249865268672,125.38249865268672,optimal
200,uniforme,8,0,aleatorio,8,126.23224934772355,0.03301079999982903,19,34460,13,125.38249865268672,125.38249865268672,optimal
200,uniforme,8,0,aleatorio,16,126.10572063911498,0.03215139999974781,18,29796,11,125.38249865268672,125.38249865268672,optimal
200,uniforme,8,0,aleatorio,32,127.14011631694603,0.03363029999945866,23,28984,10,125.38249865268672,125.38249865268672,optimal
200,uniforme,8,1,completo,0,126.60400351037654,0.042353199999524804,16,41664,0,125.38249865268672,125.38249865268672,optimal
200,uniforme,8,1,classico,8,126.11042433630922,0.0334342000005563,18,26616,10,125.38249865268672,125.38249865268672,optimal
200,uniforme,8,1,classico,16,126.11042433630922,0.034896300000582414,18,21984,8,125.38249865268672,125.38249865268672,optimal
200,uniforme,8,1,classico,32,126.11042433630922,0.03877029999966908,19,23264,8,125.38249865268672,125.38249865268672,optimal
200,uniforme,8,1,aprendido,8,126.11042433630922,0.292241300000569,21,29316,11,125.38249865268672,125.38249865268672,optimal
200,uniforme,8,1,aprendido,16,126.11042433630922,0.25699590000022,20,19508,7,125.38249865268672,125.38249865268672,optimal
200,uniforme,8,1,aprendido,32,126.11042433630922,0.2615136000003986,21,13104,4,125.38249865268672,125.38249865268672,optimal
200,uniforme,8,1,aleatorio,8,125.38249865268673,0.03345720000015717,19,29252,11,125.38249865268672,125.38249865268672,optimal
200,uniforme,8,1,aleatorio,16,126.11042433630922,0.03942940000069939,25,30244,11,125.38249865268672,125.38249865268672,optimal
200,uniforme,8,1,aleatorio,32,126.23224934772355,0.038006700000551064,29,24544,8,125.38249865268672,125.38249865268672,optimal
200,uniforme,8,2,completo,0,126.85129687653603,0.029725100000177918,14,36456,0,125.38249865268672,125.38249865268672,optimal
200,uniforme,8,2,classico,8,126.85129687653603,0.028942300000380783,14,23884,9,125.38249865268672,125.38249865268672,optimal
200,uniforme,8,2,classico,16,126.85129687653603,0.04469470000003639,14,24332,9,125.38249865268672,125.38249865268672,optimal
200,uniforme,8,2,classico,32,126.85129687653603,0.0454673999993247,14,25228,9,125.38249865268672,125.38249865268672,optimal
200,uniforme,8,2,aprendido,8,126.85129687653603,0.20766579999963142,14,18676,7,125.38249865268672,125.38249865268672,optimal
200,uniforme,8,2,aprendido,16,126.85129687653603,0.19566149999991467,14,16520,6,125.38249865268672,125.38249865268672,optimal
200,uniforme,8,2,aprendido,32,126.85129687653603,0.19998000000032334,14,17416,6,125.38249865268672,125.38249865268672,optimal
200,uniforme,8,2,aleatorio,8,126.59856142392903,0.03622730000006413,18,29220,11,125.38249865268672,125.38249865268672,optimal
200,uniforme,8,2,aleatorio,16,126.85129687653603,0.03832779999993363,22,32656,12,125.38249865268672,125.38249865268672,optimal
200,uniforme,8,2,aleatorio,32,126.53037641135334,0.042692600000009406,25,34448,12,125.38249865268672,125.38249865268672,optimal
200,cidade,9,0,completo,0,40.69090720322632,0.04329970000071626,20,52080,0,40.690907203226516,40.690907203226345,optimal
200,cidade,9,0,classico,8,40.69090720322632,0.04085979999945266,21,24108,9,40.690907203226516,40.690907203226345,optimal
200,cidade,9,0,classico,16,40.69090720322632,0.03722560000005615,20,24716,9,40.690907203226516,40.690907203226345,optimal
200,cidade,9,0,classico,32,40.69090720322632,0.031697600000370585,20,25996,9,40.690907203226516,40.690907203226345,optimal
200,cidade,9,0,aprendido,8,40.69090720322632,0.2524961000008261,19,21440,8,40.690907203226516,40.690907203226345,optimal
200,cidade,9,0,aprendido,16,40.69090720322632,0.279876300000069,20,24716,9,40.690907203226516,40.690907203226345,optimal
200,cidade,9,0,aprendido,32,40.69090720322632,0.2783949999993638,20,25996,9,40.690907203226516,40.690907203226345,optimal
200,cidade,9,0,aleatorio,8,41.194644394443756,0.031150499999966996,30,29604,11,40.690907203226516,40.690907203226345,optimal
200,cidade,9,0,aleatorio,16,40.75536412541959,0.031673999999839,25,27640,10,40.690907203226516,40.690907203226345,optimal
200,cidade,9,0,aleatorio,32,40.841864403203026,0.02806719999989582,26,26764,9,40.690907203226516,40.690907203226345,optimal
200,cidade,9,1,completo,0,40.72132568998695,0.048090500000398606,18,46872,0,40.690907203226516,40.690907203226345,optimal
200,cidade,9,1,classico,8,40.72132568998695,0.04984409999997297,21,37128,14,40.690907203226516,40.690907203226345,optimal
200,cidade,9,1,classico,16,40.91452611598897,0.03833000000031461,19,29860,11,40.690907203226516,40.690907203226345,optimal
200,cidade,9,1,classico,32,40.72132568998695,0.04123810000055528,22,28856,10,40.690907203226516,40.690907203226345,optimal
200,cidade,9,1,aprendido,8,40.72132568998695,0.29517570000007254,21,34524,13,40.690907203226516,40.690907203226345,optimal
200,cidade,9,1,aprendido,16,40.91452611598897,0.2349603999991814,19,24652,9,40.690907203226516,40.690907203226345,optimal
200,cidade,9,1,aprendido,32,40.72132568998695,0.2534855999992942,20,28600,10,40.690907203226516,40.690907203226345,optimal
200,cidade,9,1,aleatorio,8,41.46200247596094,0.034405299999889394,25,34652,13,40.690907203226516,40.690907203226345,optimal
200,cidade,9,1,aleatorio,16,41.23004296416774,0.022004499999638938,16,21856,8,40.690907203226516,40.690907203226345,optimal
200,cidade,9,1,aleatorio,32,40.87875137308146,0.03320999999959895,26,37180,13,40.690907203226516,40.690907203226345,optimal
200,cidade,9,2,completo,0,40.857247873523754,0.04169830000046204,21,54684,0,40.690907203226516,40.690907203226345,optimal
200,cidade,9,2,classico,8,40.857247873523754,0.0409828000001653,22,31952,12,40.690907203226516,40.690907203226345,optimal
200,cidade,9,2,classico,16,40.857247873523754,0.04104949999964447,22,32656,12,40.690907203226516,40.690907203226345,optimal
200,cidade,9,2,classico,32,40.857247873523754,0.04258990000016638,22,36668,13,40.690907203226516,40.690907203226345,optimal
200,cidade,9,2,aprendido,8,41.23004296416774,0.24045730000034382,17,23980,9,40.690907203226516,40.690907203226345,optimal
200,cidade,9,2,aprendido,16,40.857247873523754,0.28972330000033253,19,27256,10,40.690907203226516,40.690907203226345,optimal
200,cidade,9,2,aprendido,32,40.857247873523754,0.3347334999998566,24,29112,10,40.690907203226516,40.690907203226345,optimal
200,cidade,9,2,aleatorio,8,41.4433965732868,0.031747299999551615,23,34588,13,40.690907203226516,40.690907203226345,optimal
200,cidade,9,2,aleatorio,16,40.94320829527473,0.03282820000003994,23,30116,11,40.690907203226516,40.690907203226345,optimal
200,cidade,9,2,aleatorio,32,40.69090720322632,0.02252539999972214,28,21812,7,40.690907203226516,40.690907203226345,optimal
500,uniforme,0,0,completo,0,270.68291078013556,1.6255825999996887,28,294448,0,,,sem_exato
500,uniforme,0,0,classico,8,270.68291078013556,1.044793099999879,31,190280,18,,,sem_exato
500,uniforme,0,0,classico,16,270.68291078013556,1.063890999999785,30,191208,18,,,sem_exato
500,uniforme,0,0,classico,32,270.68291078013556,1.0955846999995629,32,193384,18,,,sem_exato
500,uniforme,0,0,aprendido,8,272.6239318369481,1.7122269999999844,29,158668,15,,,sem_exato
500,uniforme,0,0,aprendido,16,272.6239318369481,1.6026573999997709,27,159468,15,,,sem_exato
500,uniforme,0,0,aprendido,32,272.6239318369481,1.496175299999777,26,150552,14,,,sem_exato
500,uniforme,0,0,aleatorio,8,269.2878663016172,1.2201586000001043,38,243084,23,,,sem_exato
500,uniforme,0,0,aleatorio,16,269.57643339523986,1.4483613000002151,49,297584,28,,,sem_exato
500,uniforme,0,0,aleatorio,32,269.4973765132379,1.0734517000000778,45,216080,20,,,sem_exato
500,uniforme,0,1,completo,0,269.5692398427503,1.58150729999943,31,325996,0,,,sem_exato
500,uniforme,0,1,classico,8,269.6441256304509,1.4072485000006054,38,264116,25,,,sem_exato
500,uniforme,0,1,classico,16,269.47350459510756,0.8749973000003592,34,149400,14,,,sem_exato
500,uniforme,0,1,classico,32,269.47350459510756,0.9228964000003543,34,162092,15,,,sem_exato
500,uniforme,0,1,aprendido,8,269.3279532016443,2.6117506999999023,42,274760,26,,,sem_exato
500,uniforme,0,1,aprendido,16,269.47350459510756,2.1107445999996344,35,202044,19,,,sem_exato
500,uniforme,0,1,aprendido,32,269.176932517169,2.1850008999999773,35,214800,20,,,sem_exato
500,uniforme,0,1,aleatorio,8,269.2636435891977,1.5127535999999964,47,306468,29,,,sem_exato
500,uniforme,0,1,aleatorio,16,270.38396870511406,1.163479499999994,41,233976,22,,,sem_exato
500,uniforme,0,1,aleatorio,32,270.5997971660032,0.9853236999997534,47,205820,19,,,sem_exato
500,uniforme,0,2,completo,0,270.03346651439153,1.3937115999997332,27,283932,0,,,sem_exato
500,uniforme,0,2,classico,8,270.03346651439153,1.0472963000001982,29,179700,17,,,sem_exato
500,uniforme,0,2,classico,16,270.03346651439153,0.8761392999995223,29,159596,15,,,sem_exato
500,uniforme,0,2,classico,32,270.20037607014945,1.0363161000004766,30,193128,18,,,sem_exato
500,uniforme,0,2,aprendido,8,269.7474199238812,1.950687200000175,28,211216,20,,,sem_exato
500,uniforme,0,2,aprendido,16,269.7474199238812,1.8413019999998141,27,201532,19,,,sem_exato
500,uniforme,0,2,aprendido,32,270.03346651439153,1.828719000000092,28,192872,18,,,sem_exato
500,uniforme,0,2,aleatorio,8,270.03346651439153,1.4238463000001502,32,263924,25,,,sem_exato
500,uniforme,0,2,aleatorio,16,269.35211674569086,1.1156923999997161,34,223012,21,,,sem_exato
500,uniforme,0,2,aleatorio,32,270.1864348165128,1.316980099999455,37,257120,24,,,sem_exato
500,cidade,1,0,completo,0,93.52537250916076,1.6056841999998142,29,304964,0,,,sem_exato
500,cidade,1,0,classico,8,93.50222806158644,1.3465756000005058,34,232440,22,,,sem_exato
500,cidade,1,0,classico,16,93.50222806158644,1.280268800000158,34,223012,21,,,sem_exato
500,cidade,1,0,classico,32,93.50222806158644,1.2970076000001427,34,225188,21,,,sem_exato
500,cidade,1,0,aprendido,8,93.50222806158644,2.3100727000000916,36,243020,23,,,sem_exato
500,cidade,1,0,aprendido,16,93.50222806158644,2.3280061000004935,37,233720,22,,,sem_exato
500,cidade,1,0,aprendido,32,93.50222806158644,2.233032600000115,38,236216,22,,,sem_exato
500,cidade,1,0,aleatorio,8,93.95755994063174,1.2743006000000605,41,264212,25,,,sem_exato
500,cidade,1,0,aleatorio,16,93.50222806158644,1.4108733000002758,47,286940,27,,,sem_exato
500,cidade,1,0,aleatorio,32,93.50222806158644,1.131149099999675,44,236984,22,,,sem_exato
500,cidade,1,1,completo,0,93.95515278176127,1.5071628999994573,31,325996,0,,,sem_exato
500,cidade,1,1,classico,8,93.50222806158644,1.2270592000004399,38,222052,21,,,sem_exato
500,cidade,1,1,classico,16,93.50222806158644,0.988996699999916,35,191528,18,,,sem_exato
500,cidade,1,1,classico,32,93.50222806158644,1.0870955000000322,35,193768,18,,,sem_exato
500,cidade,1,1,aprendido,8,93.68693190820564,2.1130730000004405,33,221892,21,,,sem_exato
500,cidade,1,1,aprendido,16,93.50222806158644,2.5272556999998415,41,265524,25,,,sem_exato
500,cidade,1,1,aprendido,32,95.80733592333203,1.7681405999992421,30,161580,15,,,sem_exato
500,cidade,1,1,aleatorio,8,93.82616110824094,1.3033045000001948,39,274664,26,,,sem_exato
500,cidade,1,1,aleatorio,16,93.50222806158644,1.215675100000226,33,243980,23,,,sem_exato
500,cidade,1,1,aleatorio,32,93.52537250916076,1.1169575000003533,38,225700,21,,,sem_exato
500,cidade,1,2,completo,0,93.89670393340236,1.1078794000004564,22,231352,0,,,sem_exato
500,cidade,1,2,classico,8,93.89670393340236,0.6037869000001592,22,105864,10,,,sem_exato
500,cidade,1,2,classico,16,93.89670393340236,0.6045049000003928,22,106568,10,,,sem_exato
500,cidade,1,2,classico,32,93.89670393340236,0.5796442000000752,23,108104,10,,,sem_exato
500,cidade,1,2,aprendido,8,93.86177793619673,1.6180124000002252,29,148152,14,,,sem_exato
500,cidade,1,2,aprendido,16,93.89670393340236,1.3658228000003874,24,117212,11,,,sem_exato
500,cidade,1,2,aprendido,32,93.89670393340236,1.3158417000004192,24,118748,11,,,sem_exato
500,cidade,1,2,aleatorio,8,93.71794751625583,1.1422474999999395,35,232472,22,,,sem_exato
500,cidade,1,2,aleatorio,16,93.80912842807003,1.271816399999807,41,265524,25,,,sem_exato
500,cidade,1,2,aleatorio,32,93.50222806158644,0.997490600000674,36,193896,18,,,sem_exato
500,uniforme,2,0,completo,0,261.52126399053475,1.539940800000295,28,294448,0,,,sem_exato
500,uniforme,2,0,classico,8,261.52126399053475,1.1026988000003257,31,200796,19,,,sem_exato
500,uniforme,2,0,classico,16,261.52126399053475,1.196993200000179,31,201788,19,,,sem_exato
500,uniforme,2,0,classico,32,261.52126399053475,1.144089499999609,31,203772,19,,,sem_exato
500,uniforme,2,0,aprendido,8,260.7130504343237,2.032941800000117,30,221796,21,,,sem_exato
500,uniforme,2,0,aprendido,16,260.7948551771435,1.8356664000002638,29,191144,18,,,sem_exato
500,uniforme,2,0,aprendido,32,262.0434618976507,1.8951634999993985,30,193128,18,,,sem_exato
500,uniforme,2,0,aleatorio,8,259.7197614024568,1.3339685000000827,39,274664,26,,,sem_exato
500,uniforme,2,0,aleatorio,16,262.51402668923686,0.9838872000000265,33,191400,18,,,sem_exato
500,uniforme,2,0,aleatorio,32,260.6540510418778,1.0713631999997233,35,225316,21,,,sem_exato
500,uniforme,2,1,completo,0,259.49622923106983,1.6505528999996386,31,325996,0,,,sem_exato
500,uniforme,2,1,classico,8,259.49622923106983,1.1102419999997437,34,200892,19,,,sem_exato
500,uniforme,2,1,classico,16,259.49622923106983,1.054050599999755,33,191400,18,,,sem_exato
500,uniforme,2,1,classico,32,259.49622923106983,1.1131134999995993,34,193640,18,,,sem_exato
500,uniforme,2,1,aprendido,8,259.49622923106983,1.9520535000001473,32,190312,18,,,sem_exato
500,uniforme,2,1,aprendido,16,259.49622923106983,1.9940616000003502,32,191336,18,,,sem_exato
500,uniforme,2,1,aprendido,32,259.49622923106983,2.2120046,33,214544,20,,,sem_exato
500,uniforme,2,1,aleatorio,8,262.06060084530776,1.3125856000006024,41,264212,25,,,sem_exato
500,uniforme,2,1,aleatorio,16,259.49622923106983,1.0949281999992309,37,223204,21,,,sem_exato
500,uniforme,2,1,aleatorio,32,259.7197614024568,1.116735200000221,42,226212,21,,,sem_exato
500,uniforme,2,2,completo,0,262.3085480276743,1.2579327000003104,24,252384,0,,,sem_exato
500,uniforme,2,2,classico,8,262.3085480276743,0.9438094000006458,27,158604,15,,,sem_exato
500,uniforme,2,2,classico,16,262.3085480276743,0.8523285999999644,27,159468,15,,,sem_exato
500,uniforme,2,2,classico,32,262.3085480276743,0.7958505999995396,24,139780,13,,,sem_exato
500,uniforme,2,2,aprendido,8,259.9041194353968,1.5543295000006765,26,148056,14,,,sem_exato
500,uniforme,2,2,aprendido,16,259.9041194353968,1.600619199999528,26,159404,15,,,sem_exato
500,uniforme,2,2,aprendido,32,262.3085480276743,1.6743310000001657,26,161068,15,,,sem_exato
500,uniforme,2,2,aleatorio,8,260.87654880710846,1.185134299999845,36,232504,22,,,sem_exato
500,uniforme,2,2,aleatorio,16,259.9503580481138,1.3896712999994634,40,254944,24,,,sem_exato
500,uniforme,2,2,aleatorio,32,260.7130504343237,1.0218184999994264,40,204924,19,,,sem_exato
500,cidade,3,0,completo,0,89.64160050132246,1.733234999999695,32,336512,0,,,sem_exato
500,cidade,3,0,classico,8,89.72258283921553,1.163857999999891,33,211376,20,,,sem_exato
500,cidade,3,0,classico,16,89.72258283921553,1.2172537000005832,35,212560,20,,,sem_exato
500,cidade,3,0,classico,32,89.72258283921553,1.1557032999999137,34,193640,18,,,sem_exato
500,cidade,3,0,aprendido,8,89.97313220729262,2.3673768999997264,34,242956,23,,,sem_exato
500,cidade,3,0,aprendido,16,89.64160050132246,2.311771600000611,35,233592,22,,,sem_exato
500,cidade,3,0,aprendido,32,89.49307286111227,2.1299917000005735,34,204156,19,,,sem_exato
500,cidade,3,0,aleatorio,8,89.64160050132246,1.306214700000055,34,253472,24,,,sem_exato
500,cidade,3,0,aleatorio,16,89.49307286111227,1.3325624999997672,37,275784,26,,,sem_exato
500,cidade,3,0,aleatorio,32,89.49307286111227,1.0148976000000403,34,193640,18,,,sem_exato
500,cidade,3,1,completo,0,89.72258283921553,1.2996878000003562,25,262900,0,,,sem_exato
500,cidade,3,1,classico,8,89.72258283921553,0.7955111999999644,27,158604,15,,,sem_exato
500,cidade,3,1,classico,16,89.72258283921553,0.7349692999996478,29,149080,14,,,sem_exato
500,cidade,3,1,classico,32,89.72258283921553,0.9534275999994861,32,172352,16,,,sem_exato
500,cidade,3,1,aprendido,8,89.72258283921553,2.0159858999995777,29,211248,20,,,sem_exato
500,cidade,3,1,aprendido,16,89.72258283921553,1.8136145999997098,27,191016,18,,,sem_exato
500,cidade,3,1,aprendido,32,89.72258283921553,1.965273900000284,32,203900,19,,,sem_exato
500,cidade,3,1,aleatorio,8,90.01241774044189,1.747328600000401,49,359112,34,,,sem_exato
500,cidade,3,1,aleatorio,16,89.49307286111227,1.1817895999993198,36,244172,23,,,sem_exato
500,cidade,3,1,aleatorio,32,89.72258283921553,1.1560899999994945,38,236216,22,,,sem_exato
500,cidade,3,2,completo,0,89.64160050132246,1.1789263999999093,24,252384,0,,,sem_exato
500,cidade,3,2,classico,8,89.64160050132246,0.8422435000002224,27,148088,14,,,sem_exato
500,cidade,3,2,classico,16,89.64160050132246,0.7950056999998196,25,148824,14,,,sem_exato
500,cidade,3,2,classico,32,89.64160050132246,0.8317910000005213,27,150680,14,,,sem_exato
500,cidade,3,2,aprendido,8,89.64160050132246,1.7374914000001809,30,158700,15,,,sem_exato
500,cidade,3,2,aprendido,16,89.64160050132246,1.6497188000003007,29,149080,14,,,sem_exato
500,cidade,3,2,aprendido,32,89.68088603447173,1.7244021999995311,29,161452,15,,,sem_exato
500,cidade,3,2,aleatorio,8,89.64160050132246,1.1547186999996484,31,242860,23,,,sem_exato
500,cidade,3,2,aleatorio,16,90.52106365984304,0.9761366000002454,33,191400,18,,,sem_exato
500,cidade,3,2,aleatorio,32,90.52106365984304,0.8844576000001325,39,183764,17,,,sem_exato
500,uniforme,4,0,completo,0,269.5824530459597,1.6681232000000819,31,325996,0,,,sem_exato
500,uniforme,4,0,classico,8,269.52840891546,1.3265862999996898,32,242892,23,,,sem_exato
500,uniforme,4,0,classico,16,269.5824530459597,1.2511993999996776,34,233528,22,,,sem_exato
500,uniforme,4,0,classico,32,269.5824530459597,1.2911239999993995,34,235704,22,,,sem_exato
500,uniforme,4,0,aprendido,8,269.52840891546,1.9587455000000773,32,200828,19,,,sem_exato
500,uniforme,4,0,aprendido,16,269.507905686899,2.084058799999184,31,222820,21,,,sem_exato
500,uniforme,4,0,aprendido,32,269.52840891546,2.3452134999997725,32,245964,23,,,sem_exato
500,uniforme,4,0,aleatorio,8,271.5369295854024,1.0577931000007084,32,211344,20,,,sem_exato
500,uniforme,4,0,aleatorio,16,269.5157523852147,1.3025421000002098,38,254816,24,,,sem_exato
500,uniforme,4,0,aleatorio,32,269.1840336062096,0.8830416000000696,39,173248,16,,,sem_exato
500,uniforme,4,1,completo,0,269.6309995938868,1.3716040999997858,27,283932,0,,,sem_exato
500,uniforme,4,1,classico,8,272.88544552567544,0.8400740999995833,26,148056,14,,,sem_exato
500,uniforme,4,1,classico,16,271.77553278706455,0.9011129999998957,27,159468,15,,,sem_exato
500,uniforme,4,1,classico,32,271.77553278706455,0.9009378000000652,27,161196,15,,,sem_exato
500,uniforme,4,1,aprendido,8,268.8518382613277,1.7499463000003743,28,169152,16,,,sem_exato
500,uniforme,4,1,aprendido,16,268.8518382613277,1.5931117999998605,27,148952,14,,,sem_exato
500,uniforme,4,1,aprendido,32,268.8518382613277,1.7335167999999612,29,171968,16,,,sem_exato
500,uniforme,4,1,aleatorio,8,268.8518382613277,1.3720217000000048,39,274664,26,,,sem_exato
500,uniforme,4,1,aleatorio,16,268.8518382613277,1.262289299999793,38,254816,24,,,sem_exato
500,uniforme,4,1,aleatorio,32,270.4593189681172,0.9868587999999363,36,204412,19,,,sem_exato
500,uniforme,4,2,completo,0,269.6309995938868,1.3520420000004378,26,273416,0,,,sem_exato
500,uniforme,4,2,classico,8,269.507905686899,1.1538264999999228,34,200892,19,,,sem_exato
500,uniforme,4,2,classico,16,269.507905686899,1.1132576999998491,34,201980,19,,,sem_exato
500,uniforme,4,2,classico,32,269.507905686899,1.0826172000006409,32,193384,18,,,sem_exato
500,uniforme,4,2,aprendido,8,269.507905686899,2.11228519999986,34,221924,21,,,sem_exato
500,uniforme,4,2,aprendido,16,269.52840891546,2.2414893000004668,37,212688,20,,,sem_exato
500,uniforme,4,2,aprendido,32,269.57695546338704,2.1556086999999025,34,193640,18,,,sem_exato
500,uniforme,4,2,aleatorio,8,272.702343549646,1.003823299999567,31,200796,19,,,sem_exato
500,uniforme,4,2,aleatorio,16,272.64829941914616,1.1396854000004168,42,223524,21,,,sem_exato
500,uniforme,4,2,aleatorio,32,269.2923204390472,0.8917492000000493,42,184148,17,,,sem_exato
500,cidade,5,0,completo,0,90.39406139655514,1.3957619000002524,26,273416,0,,,sem_exato
500,cidade,5,0,classico,8,90.39406139655514,0.9389583000001949,30,158700,15,,,sem_exato
500,cidade,5,0,classico,16,90.39406139655514,0.8549891999991814,30,159660,15,,,sem_exato
500,cidade,5,0,classico,32,90.39406139655514,0.9045495000000301,29,161452,15,,,sem_exato
500,cidade,5,0,aprendido,8,90.19064858049794,1.7393967999996676,30,148184,14,,,sem_exato
500,cidade,5,0,aprendido,16,90.39406139655514,1.7733201000000918,30,180692,17,,,sem_exato
500,cidade,5,0,aprendido,32,90.39406139655514,1.8423376999999164,30,172096,16,,,sem_exato
500,cidade,5,0,aleatorio,8,89.99494376266887,1.129496499999732,37,222020,21,,,sem_exato
500,cidade,5,0,aleatorio,16,90.3962173331717,1.1499277999992046,37,223204,21,,,sem_exato
500,cidade,5,0,aleatorio,32,90.0158446793579,1.0452661999997872,37,215056,20,,,sem_exato
500,cidade,5,1,completo,0,90.02580340278871,1.511052799999561,29,304964,0,,,sem_exato
500,cidade,5,1,classico,8,90.11157626212496,0.7674692999999024,32,127216,12,,,sem_exato
500,cidade,5,1,classico,16,90.11157626212496,0.7368377000002511,32,128240,12,,,sem_exato
500,cidade,5,1,classico,32,90.11157626212496,0.7543264000005365,32,130288,12,,,sem_exato
500,cidade,5,1,aprendido,8,91.28449079939183,1.6386950999994951,29,158668,15,,,sem_exato
500,cidade,5,1,aprendido,16,89.97118233858492,2.0063425000007555,33,191400,18,,,sem_exato
500,cidade,5,1,aprendido,32,89.83033882713943,1.5851902000003975,28,150808,14,,,sem_exato
500,cidade,5,1,aleatorio,8,90.31650430638071,1.1682390000005398,37,243052,23,,,sem_exato
500,cidade,5,1,aleatorio,16,90.59915087161153,1.1204449999995632,43,244620,23,,,sem_exato
500,cidade,5,1,aleatorio,32,89.93779267021179,1.1484534999999596,44,258016,24,,,sem_exato
500,cidade,5,2,completo,0,90.06449654622784,1.5862261000002036,31,325996,0,,,sem_exato
500,cidade,5,2,classico,8,90.32591888891557,0.6831206999995629,27,127056,12,,,sem_exato
500,cidade,5,2,classico,16,90.32591888891557,0.7311206000003949,27,127920,12,,,sem_exato
500,cidade,5,2,classico,32,90.32591888891557,0.7602932999998302,28,129776,12,,,sem_exato
500,cidade,5,2,aprendido,8,90.37342602624199,1.6069916000005833,29,158668,15,,,sem_exato
500,cidade,5,2,aprendido,16,90.37342602624199,1.5334186999998565,28,127984,12,,,sem_exato
500,cidade,5,2,aprendido,32,90.37342602624199,1.338084400000298,25,118876,11,,,sem_exato
500,cidade,5,2,aleatorio,8,90.36555359765717,1.2478860999999597,37,243052,23,,,sem_exato
500,cidade,5,2,aleatorio,16,90.02120792830667,0.9606023000005735,35,191528,18,,,sem_exato
500,cidade,5,2,aleatorio,32,90.69165792547987,0.7180533000000651,41,152472,14,,,sem_exato
500,uniforme,6,0,completo,0,265.1675066815127,1.7702245999998922,34,357544,0,,,sem_exato
500,uniforme,6,0,classico,8,266.1191636344847,0.7829875999996148,29,137636,13,,,sem_exato
500,uniforme,6,0,classico,16,266.1191636344847,0.7698181000005206,30,138628,13,,,sem_exato
500,uniforme,6,0,classico,32,266.1191636344847,0.7757430999999997,30,140548,13,,,sem_exato
500,uniforme,6,0,aprendido,8,264.647413573487,2.1283942999998544,34,221924,21,,,sem_exato
500,uniforme,6,0,aprendido,16,265.9474408292967,1.7650716999996803,32,159788,15,,,sem_exato
500,uniforme,6,0,aprendido,32,265.9474408292967,1.6259706000000733,29,150936,14,,,sem_exato
500,uniforme,6,0,aleatorio,8,262.7474631829177,1.5142071000000215,42,306308,29,,,sem_exato
500,uniforme,6,0,aleatorio,16,262.7474631829177,1.3449393999999302,41,276040,26,,,sem_exato
500,uniforme,6,0,aleatorio,32,265.10477176596686,1.0713501999998698,48,216464,20,,,sem_exato
500,uniforme,6,1,completo,0,264.66784260855013,1.1511595000001762,23,241868,0,,,sem_exato
500,uniforme,6,1,classico,8,263.57040820721795,0.8477946000002703,26,158572,15,,,sem_exato
500,uniforme,6,1,classico,16,263.57040820721795,0.8646289000007528,26,159404,15,,,sem_exato
500,uniforme,6,1,classico,32,265.65189563199374,0.7737863000002108,24,139780,13,,,sem_exato
500,uniforme,6,1,aprendido,8,263.6278100532895,1.5332336999999825,27,148088,14,,,sem_exato
500,uniforme,6,1,aprendido,16,263.6278100532895,1.9267001999996864,28,170048,16,,,sem_exato
500,uniforme,6,1,aprendido,32,264.647413573487,1.4656503999995039,24,139780,13,,,sem_exato
500,uniforme,6,1,aleatorio,8,265.65189563199374,1.2206542000003537,38,232568,22,,,sem_exato
500,uniforme,6,1,aleatorio,16,264.66784260855013,1.1372671999997692,28,212112,20,,,sem_exato
500,uniforme,6,1,aleatorio,32,265.79580241636813,1.0136041000005207,31,172224,16,,,sem_exato
500,uniforme,6,2,completo,0,265.0209699636696,1.8865195000007589,26,273416,0,,,sem_exato
500,uniforme,6,2,classico,8,263.75667564258595,1.0236022999997658,28,169152,16,,,sem_exato
500,uniforme,6,2,classico,16,263.6170855164512,1.0665811999997459,32,170304,16,,,sem_exato
500,uniforme,6,2,classico,32,263.6170855164512,1.068463999999949,32,172352,16,,,sem_exato
500,uniforme,6,2,aprendido,8,263.75667564258595,2.1083062000006976,31,190280,18,,,sem_exato
500,uniforme,6,2,aprendido,16,263.6170855164512,2.2294511999998576,30,180692,17,,,sem_exato
500,uniforme,6,2,aprendido,32,263.6170855164512,2.47022669999933,31,182740,17,,,sem_exato
500,uniforme,6,2,aleatorio,8,263.6278100532895,1.3943971999997302,45,253824,24,,,sem_exato
500,uniforme,6,2,aleatorio,16,263.84729158778237,1.5042168999998466,43,276168,26,,,sem_exato
500,uniforme,6,2,aleatorio,32,264.9089699667666,1.3633405999999013,45,247628,23,,,sem_exato
500,cidade,7,0,completo,0,108.2524986397954,1.48283469999933,25,262900,0,,,sem_exato
500,cidade,7,0,classico,8,108.2524986397954,0.5189806999997018,26,74444,7,,,sem_exato
500,cidade,7,0,classico,16,108.2524986397954,0.5166134000000966,26,75276,7,,,sem_exato
500,cidade,7,0,classico,32,108.2524986397954,0.5256875000004584,26,76940,7,,,sem_exato
500,cidade,7,0,aprendido,8,108.24595592929239,1.6660799999999654,29,116604,11,,,sem_exato
500,cidade,7,0,aprendido,16,108.24595592929239,1.7295350000003964,30,128112,12,,,sem_exato
500,cidade,7,0,aprendido,32,108.24595592929239,1.9073732999995627,33,151448,14,,,sem_exato
500,cidade,7,0,aleatorio,8,107.90254145815294,1.1831255000006422,36,221988,21,,,sem_exato
500,cidade,7,0,aleatorio,16,108.91023517556681,1.511370100000022,44,286748,27,,,sem_exato
500,cidade,7,0,aleatorio,32,108.90370537945387,0.8217849000002388,39,162732,15,,,sem_exato
500,cidade,7,1,completo,0,107.90166626525652,1.5556157000000894,28,294448,0,,,sem_exato
500,cidade,7,1,classico,8,107.90166626525652,0.7837315999995553,28,127088,12,,,sem_exato
500,cidade,7,1,classico,16,107.90166626525652,0.8058828000002904,28,127984,12,,,sem_exato
500,cidade,7,1,classico,32,107.90166626525652,0.8469579000002341,29,140420,13,,,sem_exato
500,cidade,7,1,aprendido,8,107.90166626525652,2.4323168999999325,35,242988,23,,,sem_exato
500,cidade,7,1,aprendido,16,107.77237186669169,1.9914407999995092,32,180820,17,,,sem_exato
500,cidade,7,1,aprendido,32,108.44538499491345,1.8745064000004277,30,172096,16,,,sem_exato
500,cidade,7,1,aleatorio,8,107.69419989548597,1.4759150999998383,45,285372,27,,,sem_exato
500,cidade,7,1,aleatorio,16,107.82751157241451,1.534848299999794,41,244492,23,,,sem_exato
500,cidade,7,1,aleatorio,32,107.5078595263075,1.308142200000475,39,215312,20,,,sem_exato
500,cidade,7,2,completo,0,107.72754276176376,1.5744935000002442,26,273416,0,,,sem_exato
500,cidade,7,2,classico,8,107.4898212575933,1.015161899999839,30,137668,13,,,sem_exato
500,cidade,7,2,classico,16,107.62139037216221,0.9108166999994864,31,138692,13,,,sem_exato
500,cidade,7,2,classico,32,107.4898212575933,1.072750599999381,31,172224,16,,,sem_exato
500,cidade,7,2,aprendido,8,107.72754276176376,2.0379405000003317,28,169152,16,,,sem_exato
500,cidade,7,2,aprendido,16,107.72754276176376,2.1870233999998163,30,170176,16,,,sem_exato
500,cidade,7,2,aprendido,32,107.4898212575933,1.9091296999995393,31,151192,14,,,sem_exato
500,cidade,7,2,aleatorio,8,107.7004530514887,1.6122642999998789,36,221988,21,,,sem_exato
500,cidade,7,2,aleatorio,16,107.99173044950689,1.5329203000001144,45,286812,27,,,sem_exato
500,cidade,7,2,aleatorio,32,107.51504799033314,1.1452251000000615,43,215824,20,,,sem_exato
1000,uniforme,0,0,completo,0,462.9288656497481,11.602135199999793,40,1239040,0,,,sem_exato
1000,uniforme,0,0,classico,8,459.182869434881,12.05727139999999,57,1147936,37,,,sem_exato
1000,uniforme,0,0,classico,16,458.2527751149002,11.179783300000054,53,1025600,33,,,sem_exato
1000,uniforme,0,0,classico,32,458.2527751149002,10.991618099999869,53,1028992,33,,,sem_exato
1000,uniforme,0,0,aprendido,8,462.5382387224907,14.932444099999884,50,1054784,34,,,sem_exato
1000,uniforme,0,0,aprendido,16,461.77428110727044,11.609615700000177,41,808000,26,,,sem_exato
1000,uniforme,0,0,aprendido,32,458.73470149460275,13.74652640000022,49,966528,31,,,sem_exato
1000,uniforme,0,0,aleatorio,8,459.5671894586395,11.227068499999405,52,1147776,37,,,sem_exato
1000,uniforme,0,0,aleatorio,16,458.0632540757805,12.265462700000171,65,1243200,40,,,sem_exato
1000,uniforme,0,0,aleatorio,32,458.2527751149002,10.015701100000115,60,998912,32,,,sem_exato
1000,uniforme,0,1,completo,0,461.3081229686535,11.918295500000568,38,1177088,0,,,sem_exato
1000,uniforme,0,1,classico,8,461.3081229686535,8.474470799999835,39,775648,25,,,sem_exato
1000,uniforme,0,1,classico,16,461.3081229686535,8.649016200000005,39,776896,25,,,sem_exato
1000,uniforme,0,1,classico,32,461.3081229686535,8.513069800000267,39,779392,25,,,sem_exato
1000,uniforme,0,1,aprendido,8,459.9260714495921,11.927124600000752,40,837632,27,,,sem_exato
1000,uniforme,0,1,aprendido,16,461.3081229686535,11.913041799999519,39,869824,28,,,sem_exato
1000,uniforme,0,1,aprendido,32,461.3081229686535,13.574106000000029,43,996736,32,,,sem_exato
1000,uniforme,0,1,aleatorio,8,466.11017934315294,10.547280600000704,47,1054688,34,,,sem_exato
1000,uniforme,0,1,aleatorio,16,459.00175364261656,12.913048599999456,64,1274112,41,,,sem_exato
1000,uniforme,0,1,aleatorio,32,460.1949520129282,11.598657900000035,61,1153920,37,,,sem_exato
1000,uniforme,0,2,completo,0,463.93152478014014,11.61937560000024,37,1146112,0,,,sem_exato
1000,uniforme,0,2,classico,8,462.18321692803585,7.3088127000000895,41,651808,21,,,sem_exato
1000,uniforme,0,2,classico,16,462.18321692803585,7.175126000000091,41,653120,21,,,sem_exato
1000,uniforme,0,2,classico,32,460.0293499911784,7.210782299999664,43,656000,21,,,sem_exato
1000,uniforme,0,2,aprendido,8,459.95199392636914,13.213393900000483,48,930816,30,,,sem_exato
1000,uniforme,0,2,aprendido,16,462.51537849031314,8.269954299999881,37,528960,17,,,sem_exato
1000,uniforme,0,2,aprendido,32,462.47201656708734,10.923728499999925,42,748800,24,,,sem_exato
1000,uniforme,0,2,aleatorio,8,463.7753500979298,10.796867600000041,55,1054944,34,,,sem_exato
1000,uniforme,0,2,aleatorio,16,461.05670149338596,11.889105100000052,57,1180736,38,,,sem_exato
1000,uniforme,0,2,aleatorio,32,460.48693937540844,10.713633700000173,57,1060480,34,,,sem_exato
1000,cidade,1,0,completo,0,164.8986916885548,13.536971099999391,42,1300992,0,,,sem_exato
1000,cidade,1,0,classico,8,164.8986916885548,6.321580499999982,45,559008,18,,,sem_exato
1000,cidade,1,0,classico,16,164.8986916885548,6.283674499999506,45,560448,18,,,sem_exato
1000,cidade,1,0,classico,32,164.8986916885548,6.211160099999688,45,563328,18,,,sem_exato
1000,cidade,1,0,aprendido,8,163.9266842347207,13.37232479999966,53,900000,29,,,sem_exato
1000,cidade,1,0,aprendido,16,164.63250101971093,12.60273529999995,49,839488,27,,,sem_exato
1000,cidade,1,0,aprendido,32,163.87938558636264,13.72704639999938,53,905088,29,,,sem_exato
1000,cidade,1,0,aleatorio,8,164.04438607517616,11.891117099999974,56,1147904,37,,,sem_exato
1000,cidade,1,0,aleatorio,16,163.4496940506479,13.512109600000258,63,1119168,36,,,sem_exato
1000,cidade,1,0,aleatorio,32,163.76483778045275,11.69648849999976,66,1123584,36,,,sem_exato
1000,cidade,1,1,completo,0,164.62022332249563,11.996209199999612,39,1208064,0,,,sem_exato
1000,cidade,1,1,classico,8,164.35956663969137,8.13692859999992,48,744960,24,,,sem_exato
1000,cidade,1,1,classico,16,163.7853880769154,9.692653099999916,50,901504,29,,,sem_exato
1000,cidade,1,1,classico,32,163.7853880769154,9.717820899999424,50,904704,29,,,sem_exato
1000,cidade,1,1,aprendido,8,164.35956663969137,13.461618100000123,45,930720,30,,,sem_exato
1000,cidade,1,1,aprendido,16,164.47613358660607,11.922879200000352,40,838912,27,,,sem_exato
1000,cidade,1,1,aprendido,32,164.51070968277284,12.478422799999862,41,872576,28,,,sem_exato
1000,cidade,1,1,aleatorio,8,163.51644542021197,13.245688800000607,59,1302880,42,,,sem_exato
1000,cidade,1,1,aleatorio,16,164.01062840650033,12.42611769999985,60,1242880,40,,,sem_exato
1000,cidade,1,1,aleatorio,32,163.67982595948678,11.077380900000207,62,1092096,35,,,sem_exato
1000,cidade,1,2,completo,0,164.65126469249066,14.823447699999633,47,1455872,0,,,sem_exato
1000,cidade,1,2,classico,8,163.65061787765023,7.4898166000002675,46,651968,21,,,sem_exato
1000,cidade,1,2,classico,16,163.65061787765023,7.4479105000000345,51,653760,21,,,sem_exato
1000,cidade,1,2,classico,32,163.65061787765023,7.707057599999644,49,687744,22,,,sem_exato
1000,cidade,1,2,aprendido,8,163.59366976923098,14.030754600000364,52,930944,30,,,sem_exato
1000,cidade,1,2,aprendido,16,163.7808398500992,11.801893099999688,46,746368,24,,,sem_exato
1000,cidade,1,2,aprendido,32,163.68979116454406,11.279863500000829,48,718592,23,,,sem_exato
1000,cidade,1,2,aleatorio,8,163.41821657435716,12.026882399999522,56,1209856,39,,,sem_exato
1000,cidade,1,2,aleatorio,16,163.4049430460218,12.572640100000172,65,1274176,41,,,sem_exato
1000,cidade,1,2,aleatorio,32,163.81998083697027,11.458978900000147,66,1123584,36,,,sem_exato
1000,uniforme,2,0,completo,0,474.9876429082814,14.304077400000097,45,1393920,0,,,sem_exato
1000,uniforme,2,0,classico,8,475.51434532131714,8.83558019999964,48,775936,25,,,sem_exato
1000,uniforme,2,0,classico,16,475.51434532131714,9.547412499999155,51,839616,27,,,sem_exato
1000,uniforme,2,0,classico,32,475.51434532131714,9.260261499999615,48,811520,26,,,sem_exato
1000,uniforme,2,0,aprendido,8,475.6933154801268,13.36809970000013,46,930752,30,,,sem_exato
1000,uniforme,2,0,aprendido,16,476.24394772861535,12.782666099999915,48,901376,29,,,sem_exato
1000,uniforme,2,0,aprendido,32,477.26339179970614,11.132674899999984,41,779648,25,,,sem_exato
1000,uniforme,2,0,aleatorio,8,476.6265353662882,11.388654600000336,56,1116928,36,,,sem_exato
1000,uniforme,2,0,aleatorio,16,477.79012175730645,12.422965700000532,60,1211904,39,,,sem_exato
1000,uniforme,2,0,aleatorio,32,478.9930029157841,10.216647700000067,54,998144,32,,,sem_exato
1000,uniforme,2,1,completo,0,475.42161833572834,14.93331120000039,47,1455872,0,,,sem_exato
1000,uniforme,2,1,classico,8,477.1170573175549,12.939967700000125,56,1178880,38,,,sem_exato
1000,uniforme,2,1,classico,16,476.0451536117119,8.64736079999966,48,808448,26,,,sem_exato
1000,uniforme,2,1,classico,32,478.1194665977108,10.92031820000011,51,1028736,33,,,sem_exato
1000,uniforme,2,1,aprendido,8,476.00798243914403,14.610696099999586,48,1054720,34,,,sem_exato
1000,uniforme,2,1,aprendido,16,476.96127472221707,12.327439599999707,41,838976,27,,,sem_exato
1000,uniforme,2,1,aprendido,32,476.96127472221707,12.267612499999814,41,841600,27,,,sem_exato
1000,uniforme,2,1,aleatorio,8,476.0833033234046,12.423462599999766,55,1178848,38,,,sem_exato
1000,uniforme,2,1,aleatorio,16,476.321283641497,12.443876199999977,57,1180736,38,,,sem_exato
1000,uniforme,2,1,aleatorio,32,477.3127141168961,8.14404040000045,56,812544,26,,,sem_exato
1000,uniforme,2,2,completo,0,475.3635404082271,13.16295529999934,42,1300992,0,,,sem_exato
1000,uniforme,2,2,classico,8,477.54169611612906,10.512172799999462,50,992832,32,,,sem_exato
1000,uniforme,2,2,classico,16,477.54169611612906,10.663886899999852,50,994432,32,,,sem_exato
1000,uniforme,2,2,classico,32,477.54169611612906,10.995513099999698,49,997504,32,,,sem_exato
1000,uniforme,2,2,aprendido,8,476.87977305632387,14.828813000000082,49,1054752,34,,,sem_exato
1000,uniforme,2,2,aprendido,16,477.9100813581294,14.584451299999273,46,1025152,33,,,sem_exato
1000,uniforme,2,2,aprendido,32,475.3635404082271,13.446652600000562,42,965632,31,,,sem_exato
1000,uniforme,2,2,aleatorio,8,476.01542683970666,10.835546299999805,50,1085760,35,,,sem_exato
1000,uniforme,2,2,aleatorio,16,478.09792943606783,9.50220950000039,53,963648,31,,,sem_exato
1000,uniforme,2,2,aleatorio,32,478.05133642516336,8.55839829999968,55,874368,28,,,sem_exato
1000,cidade,3,0,completo,0,219.6189000580803,13.296031000000767,42,1300992,0,,,sem_exato
1000,cidade,3,0,classico,8,220.40137175941157,8.788737000000765,46,806848,26,,,sem_exato
1000,cidade,3,0,classico,16,220.40137175941157,9.119381799999246,46,808320,26,,,sem_exato
1000,cidade,3,0,classico,32,219.86573974904073,8.635670699999537,45,780160,25,,,sem_exato
1000,cidade,3,0,aprendido,8,219.30305164087423,12.861516799999663,41,899616,29,,,sem_exato
1000,cidade,3,0,aprendido,16,219.30305164087423,12.490479799999775,42,870016,28,,,sem_exato
1000,cidade,3,0,aprendido,32,219.79337043042983,12.453726600000664,42,872704,28,,,sem_exato
1000,cidade,3,0,aleatorio,8,219.78300146473447,10.863425700000334,51,1085792,35,,,sem_exato
1000,cidade,3,0,aleatorio,16,219.23603175918112,12.301982299999509,63,1366976,44,,,sem_exato
1000,cidade,3,0,aleatorio,32,219.7315599973801,8.93980300000021,65,1030528,33,,,sem_exato
1000,cidade,3,1,completo,0,219.74622981567524,8.377294699999766,31,960256,0,,,sem_exato
1000,cidade,3,1,classico,8,219.33180144274095,4.487945900000341,38,465856,15,,,sem_exato
1000,cidade,3,1,classico,16,219.33180144274095,4.5647054999999455,38,467072,15,,,sem_exato
1000,cidade,3,1,classico,32,220.0456980425633,4.322999099999834,36,438272,14,,,sem_exato
1000,cidade,3,1,aprendido,8,219.83001175304526,10.821581700000024,44,868736,28,,,sem_exato
1000,cidade,3,1,aprendido,16,219.74622981567524,10.722190899999987,42,870016,28,,,sem_exato
1000,cidade,3,1,aprendido,32,219.83001175304526,10.617029099999854,45,842112,27,,,sem_exato
1000,cidade,3,1,aleatorio,8,219.69921952736445,10.966027600000416,53,1271712,41,,,sem_exato
1000,cidade,3,1,aleatorio,16,219.30431944898532,9.465138800000204,55,994752,32,,,sem_exato
1000,cidade,3,1,aleatorio,32,219.46335085466836,10.63463210000009,51,1028736,33,,,sem_exato
1000,cidade,3,2,completo,0,220.32622139790658,14.171398499999668,45,1393920,0,,,sem_exato
1000,cidade,3,2,classico,8,219.53025509477982,8.936579599999277,48,775936,25,,,sem_exato
1000,cidade,3,2,classico,16,219.53025509477982,8.911979699999392,48,777472,25,,,sem_exato
1000,cidade,3,2,classico,32,219.53025509477982,8.955941000000166,48,780544,25,,,sem_exato
1000,cidade,3,2,aprendido,8,219.53025509477982,14.625969700000496,47,1054688,34,,,sem_exato
1000,cidade,3,2,aprendido,16,220.32622139790658,14.603164000000106,48,1056256,34,,,sem_exato
1000,cidade,3,2,aprendido,32,219.53025509477982,14.870006000000103,45,996992,32,,,sem_exato
1000,cidade,3,2,aleatorio,8,219.5707828930549,13.027570999999625,58,1271872,41,,,sem_exato
1000,cidade,3,2,aleatorio,16,219.4614988055696,14.049334899999849,70,1367424,44,,,sem_exato
1000,cidade,3,2,aleatorio,32,220.07058509179387,13.335212100000717,70,1309952,42,,,sem_exato
1000,uniforme,4,0,completo,0,444.30905588067253,14.21011389999967,44,1362944,0,,,sem_exato
1000,uniforme,4,0,classico,8,443.1311673268048,9.733089800000016,49,899872,29,,,sem_exato
1000,uniforme,4,0,classico,16,443.1311673268048,9.593005799999446,49,901440,29,,,sem_exato
1000,uniforme,4,0,classico,32,443.1311673268048,9.61830370000007,48,904448,29,,,sem_exato
1000,uniforme,4,0,aprendido,8,443.1311673268048,16.588308100000177,57,1147936,37,,,sem_exato
1000,uniforme,4,0,aprendido,16,444.29483516917264,10.596487300000263,47,622528,20,,,sem_exato
1000,uniforme,4,0,aprendido,32,444.29483516917264,10.92432480000025,47,656512,21,,,sem_exato
1000,uniforme,4,0,aleatorio,8,443.53558531988574,12.482907700000396,55,1178848,38,,,sem_exato
1000,uniforme,4,0,aleatorio,16,443.31036972914154,13.5431023000001,59,1335744,43,,,sem_exato
1000,uniforme,4,0,aleatorio,32,443.328007389223,9.425371899999845,55,936320,30,,,sem_exato
1000,uniforme,4,1,completo,0,444.38307835938053,12.994867399999748,42,1300992,0,,,sem_exato
1000,uniforme,4,1,classico,8,446.2240104810491,7.8382715999996435,38,713664,23,,,sem_exato
1000,uniforme,4,1,classico,16,446.2240104810491,7.612688199999866,38,714880,23,,,sem_exato
1000,uniforme,4,1,classico,32,444.3739340718,7.703586700000415,39,717440,23,,,sem_exato
1000,uniforme,4,1,aprendido,8,444.4478667586418,11.803007700000308,42,806720,26,,,sem_exato
1000,uniforme,4,1,aprendido,16,444.3739340718,10.64611159999913,39,714944,23,,,sem_exato
1000,uniforme,4,1,aprendido,32,446.2240104810491,11.113022500000625,40,779520,25,,,sem_exato
1000,uniforme,4,1,aleatorio,8,445.6274553409487,12.34589319999941,66,1272128,41,,,sem_exato
1000,uniforme,4,1,aleatorio,16,445.82411508666667,12.926004200000534,65,1305152,42,,,sem_exato
1000,uniforme,4,1,aleatorio,32,443.35471319380395,10.584187000000384,66,1092608,35,,,sem_exato
1000,uniforme,4,2,completo,0,442.58185263150267,14.766058799999882,46,1424896,0,,,sem_exato
1000,uniforme,4,2,classico,8,445.91449226625065,8.74482689999968,47,806880,26,,,sem_exato
1000,uniforme,4,2,classico,16,445.91449226625065,9.219383700000435,49,839488,27,,,sem_exato
1000,uniforme,4,2,classico,32,447.65057783083785,8.066878500000712,44,718080,23,,,sem_exato
1000,uniforme,4,2,aprendido,8,450.9746020524124,14.274124399999891,49,992800,32,,,sem_exato
1000,uniforme,4,2,aprendido,16,442.58185263150267,14.310129899999993,49,1025344,33,,,sem_exato
1000,uniforme,4,2,aprendido,32,442.58185263150267,15.765749700000015,51,1152640,37,,,sem_exato
1000,uniforme,4,2,aleatorio,8,445.2440425876606,12.900606300000618,60,1240960,40,,,sem_exato
1000,uniforme,4,2,aleatorio,16,444.81562042815,12.796607200000835,61,1211968,39,,,sem_exato
1000,uniforme,4,2,aleatorio,32,443.2435954796227,12.142892299999403,61,1030016,33,,,sem_exato
