prefix,orders,lat,lon,state,city
149,6649,-21.617635840478616,-48.926189076178126,SP,ibitinga
134,3150,-22.69289410059739,-47.472928281717984,SP,piracicaba
140,2130,-21.1806165029773,-47.804379326284895,SP,ribeirao preto
150,2017,-20.80990961553325,-49.37969275697686,SP,sao jose do rio preto
132,2011,-23.122555505910285,-46.91091884143067,SP,jundiai
041,1957,-23.61305963371951,-46.62251491599333,SP,sao paulo
034,1938,-23.556792138987507,-46.53339936659429,SP,sao paulo
870,1880,-23.418888994460318,-51.93182746991689,PR,maringa
058,1841,-23.666159190551895,-46.764122601273385,SP,sao paulo
090,1828,-23.657010530640825,-46.5401209297515,SP,santo andre
133,1683,-23.130320324259543,-47.27382544691385,SP,indaiatuba
148,1629,-21.635102414984896,-48.18288450144649,SP,araraquara
047,1558,-23.649670403201313,-46.70483236239943,SP,sao paulo
035,1411,-23.548618603398236,-46.50621510230753,SP,sao paulo
085,1391,-23.506573473666943,-46.35362071330714,SP,itaquaquecetuba
012,1330,-23.541328227967306,-46.65609308395131,SP,sao paulo
032,1308,-23.595306454679708,-46.54602168594775,SP,sao paulo
071,1278,-23.430780817996226,-46.48355622697356,SP,guarulhos
117,1212,-24.091269054377698,-46.60611380927899,SP,praia grande
131,1139,-22.80198653543824,-47.184290678885354,SP,sumare
130,1042,-22.90137283724405,-47.07485054083853,SP,campinas
375,986,-22.301244735732347,-45.844276013110104,MG,pouso alegre
139,961,-22.55452636341951,-46.76755100761072,SP,amparo
123,879,-23.298044866904267,-45.96646663302109,SP,jacarei
042,836,-23.60449087391991,-46.60265168857444,SP,sao paulo
892,826,-26.321459646470238,-48.929766397120645,SC,joinville
384,810,-18.876671463336475,-48.28897484835476,MG,uberlandia
312,803,-19.874578578400428,-43.9536383491721,MG,belo horizonte
371,782,-21.309680484191443,-45.82786582579793,MG,alfenas
038,781,-23.49887298468507,-46.485867781006625,SP,sao paulo
