id,custo,fixo,frete,penalidade,servico_pct,centros,tempo_s,status,bound_solver,orcamento_s,instancia,metodo,seed,lb_pl,gap_ub_pl_pct,cobertura_pct
50x15_Guloso_-1,994102.4040724947,28000.0,966102.4040724947,0.0,100.0,14,0.00034890000824816525,HEURISTICA,,10.0,50x15,Guloso,-1,871526.6617073193,12.330293324211354,27.663732083277033
50x15_Busca_local_-1,920006.9764039859,26000.0,894006.9764039859,0.0,100.0,13,0.023119000004953705,OTIMO_LOCAL,,10.0,50x15,Busca local,-1,871526.6617073193,5.269559464229354,27.663732083277033
50x15_MILP_-1,919471.414543876,28000.0,891471.414543876,0.0,100.0,14,9.657103699995787,VIAVEL_LIMITE_TEMPO,876032.7487623431,10.0,50x15,MILP,-1,871526.6617073193,5.214382098038436,27.663732083277033
50x15_MILP_aquecido_-1,894531.2567412611,28000.0,866531.2567412611,0.0,100.0,14,9.760769000000437,VIAVEL_LIMITE_TEMPO,874999.6649689004,10.0,50x15,MILP aquecido,-1,871526.6617073193,2.5716927005710835,27.663732083277033
50x15_LNS_0,885420.5905831876,28000.0,857420.5905831876,0.0,100.0,14,10.024605700004031,LIMITE_TEMPO,,10.0,50x15,LNS,0,871526.6617073193,1.5691897188337358,27.663732083277033
50x15_LNS_1,893046.171293585,26000.0,867046.171293585,0.0,100.0,13,10.068396799993934,LIMITE_TEMPO,,10.0,50x15,LNS,1,871526.6617073193,2.409674916930047,27.663732083277033
50x15_LNS_2,903462.9172843712,26000.0,877462.9172843712,0.0,100.0,13,10.589885400011553,LIMITE_TEMPO,,10.0,50x15,LNS,2,871526.6617073193,3.5348717657439543,27.663732083277033
100x30_Guloso_-1,1352149.4299770426,60000.0,1292149.4299770426,0.0,100.0,30,0.0006877999985590577,HEURISTICA,,10.0,100x30,Guloso,-1,1289225.7491980493,4.6536040606149305,43.00948975667557
100x30_Busca_local_-1,1339302.1204029412,56000.0,1283302.1204029412,0.0,100.0,28,0.12068239999643993,OTIMO_LOCAL,,10.0,100x30,Busca local,-1,1289225.7491980493,3.7389899143761536,43.00948975667557
100x30_MILP_-1,1310952.5664051604,56000.0,1254952.5664051604,0.0,100.0,28,9.799910900008399,VIAVEL_LIMITE_TEMPO,1305960.5825123936,10.0,100x30,MILP,-1,1289225.7491980493,1.6573305368850546,43.00948975667557
100x30_MILP_aquecido_-1,1313883.8958598278,56000.0,1257883.8958598278,0.0,100.0,28,9.918249399997876,VIAVEL_LIMITE_TEMPO,1305951.4468748271,10.0,100x30,MILP aquecido,-1,1289225.7491980493,1.8767371104462576,43.00948975667557
100x30_LNS_0,1309262.4192845656,56000.0,1253262.4192845656,0.0,100.0,28,10.10895619999792,LIMITE_TEMPO,,10.0,100x30,LNS,0,1289225.7491980493,1.5303784628191768,43.00948975667557
100x30_LNS_1,1308430.4107161083,56000.0,1252430.4107161083,0.0,100.0,28,10.161334100004751,LIMITE_TEMPO,,10.0,100x30,LNS,1,1289225.7491980493,1.46776331096953,43.00948975667557
100x30_LNS_2,1312076.2457175246,56000.0,1256076.2457175246,0.0,100.0,28,10.032680200005416,LIMITE_TEMPO,,10.0,100x30,LNS,2,1289225.7491980493,1.7415524893508896,43.00948975667557
