,pedidos,log_pop,cagr_10_22,share_15_29,share_30_44,share_60_mais,idhm,idhm_r,idhm_e,log_rdpc,gini,log_pib_pc,log_dist_polo
pedidos,1.0,0.6368619409056218,0.25832934397102103,-0.042485343199374206,0.39879504943866223,-0.0007010032257848708,0.5295347966488679,0.5252718130299743,0.49908448033331243,0.5252543906231149,-0.05760232251594373,0.40205820905313044,-0.37893938493768525
log_pop,0.6368619409056218,1.0,0.25930974730044315,0.4330930312494476,0.48545024559132044,-0.4419467454499557,0.07505042353060336,0.08060623129218299,0.08488754143681874,0.0806435289878584,0.30409556024695616,0.025673617433623532,0.08682419953758687
cagr_10_22,0.25832934397102103,0.25930974730044315,1.0,0.24929673682392353,0.46267637309999954,-0.3470043840075083,0.26273540377077353,0.25622359157739766,0.2546851905191868,0.25612950898111486,-0.05497002538962206,0.2878347125257117,-0.09351592582179571
share_15_29,-0.042485343199374206,0.4330930312494476,0.24929673682392353,1.0,0.351150244215185,-0.9012882553781093,-0.5227331262010277,-0.5234632065126186,-0.455189993002248,-0.5234795879850986,0.45306039677979576,-0.3761550625723924,0.5353928245539598
share_30_44,0.39879504943866223,0.48545024559132044,0.46267637309999954,0.351150244215185,1.0,-0.5018056768949607,0.16780092539601918,0.15447659029475347,0.1888392529933087,0.1544335311327968,-0.01710535309449207,0.15071768630348023,0.0037018914962633253
share_60_mais,-0.0007010032257848708,-0.4419467454499557,-0.3470043840075083,-0.9012882553781093,-0.5018056768949607,1.0,0.3966797225532029,0.395106695672248,0.33675192106260365,0.3951079424504353,-0.39914726647163457,0.20491379750018154,-0.4831602050837584
idhm,0.5295347966488679,0.07505042353060336,0.26273540377077353,-0.5227331262010277,0.16780092539601918,0.3966797225532029,1.0,0.9489691903572117,0.9526261516486054,0.9489630988954582,-0.43308005980311504,0.7839685871236924,-0.6818437236911146
idhm_r,0.5252718130299743,0.08060623129218299,0.25622359157739766,-0.5234632065126186,0.15447659029475347,0.395106695672248,0.9489691903572117,1.0,0.8266903769278305,0.9999918608715526,-0.372882987766408,0.8168966606250958,-0.6690515097810664
idhm_e,0.49908448033331243,0.08488754143681874,0.2546851905191868,-0.455189993002248,0.1888392529933087,0.33675192106260365,0.9526261516486054,0.8266903769278305,1.0,0.8266916903614042,-0.42780891934253423,0.687694442768909,-0.6055198552639551
log_rdpc,0.5252543906231149,0.0806435289878584,0.25612950898111486,-0.5234795879850986,0.1544335311327968,0.3951079424504353,0.9489630988954582,0.9999918608715526,0.8266916903614042,1.0,-0.37289426484348565,0.8168966894086475,-0.6690447125933675
gini,-0.05760232251594373,0.30409556024695616,-0.05497002538962206,0.45306039677979576,-0.01710535309449207,-0.39914726647163457,-0.43308005980311504,-0.372882987766408,-0.42780891934253423,-0.37289426484348565,1.0,-0.33431504053679195,0.5227207640336109
log_pib_pc,0.40205820905313044,0.025673617433623532,0.2878347125257117,-0.3761550625723924,0.15071768630348023,0.20491379750018154,0.7839685871236924,0.8168966606250958,0.687694442768909,0.8168966894086475,-0.33431504053679195,1.0,-0.5400557107679433
log_dist_polo,-0.37893938493768525,0.08682419953758687,-0.09351592582179571,0.5353928245539598,0.0037018914962633253,-0.4831602050837584,-0.6818437236911146,-0.6690515097810664,-0.6055198552639551,-0.6690447125933675,0.5227207640336109,-0.5400557107679433,1.0
