assignment,fixo,frete,penalidade,custo,nao_atendido,centros,carga_A,carga_B,carga_C
-1 -1 -1 -1 -1,0.0,0.0,1300.0,1300.0,26.0,0,0.0,0.0,0.0
-1 -1 -1 -1 0,33.0,16.0,1200.0,1249.0,24.0,1,2.0,0.0,0.0
-1 -1 -1 -1 1,35.0,2.0,1200.0,1237.0,24.0,1,0.0,2.0,0.0
-1 -1 -1 -1 2,38.0,16.0,1200.0,1254.0,24.0,1,0.0,0.0,2.0
-1 -1 -1 0 -1,33.0,32.0,1100.0,1165.0,22.0,1,4.0,0.0,0.0
-1 -1 -1 0 0,33.0,48.0,1000.0,1081.0,20.0,1,6.0,0.0,0.0
-1 -1 -1 0 1,68.0,34.0,1000.0,1102.0,20.0,2,4.0,2.0,0.0
-1 -1 -1 0 2,71.0,48.0,1000.0,1119.0,20.0,2,4.0,0.0,2.0
-1 -1 -1 1 -1,35.0,4.0,1100.0,1139.0,22.0,1,0.0,4.0,0.0
-1 -1 -1 1 0,68.0,20.0,1000.0,1088.0,20.0,2,2.0,4.0,0.0
-1 -1 -1 1 1,35.0,6.0,1000.0,1041.0,20.0,1,0.0,6.0,0.0
-1 -1 -1 1 2,73.0,20.0,1000.0,1093.0,20.0,2,0.0,4.0,2.0
-1 -1 -1 2 -1,38.0,16.0,1100.0,1154.0,22.0,1,0.0,0.0,4.0
-1 -1 -1 2 0,71.0,32.0,1000.0,1103.0,20.0,2,2.0,0.0,4.0
-1 -1 -1 2 1,73.0,18.0,1000.0,1091.0,20.0,2,0.0,2.0,4.0
-1 -1 -1 2 2,38.0,32.0,1000.0,1070.0,20.0,1,0.0,0.0,6.0
-1 -1 0 -1 -1,33.0,64.0,900.0,997.0,18.0,1,8.0,0.0,0.0
-1 -1 0 -1 0,33.0,80.0,800.0,913.0,16.0,1,10.0,0.0,0.0
-1 -1 0 -1 1,68.0,66.0,800.0,934.0,16.0,2,8.0,2.0,0.0
-1 -1 0 -1 2,71.0,80.0,800.0,951.0,16.0,2,8.0,0.0,2.0
-1 -1 0 0 -1,33.0,96.0,700.0,829.0,14.0,1,12.0,0.0,0.0
-1 -1 0 0 0,33.0,112.0,600.0,745.0,12.0,1,14.0,0.0,0.0
-1 -1 0 0 1,68.0,98.0,600.0,766.0,12.0,2,12.0,2.0,0.0
-1 -1 0 0 2,71.0,112.0,600.0,783.0,12.0,2,12.0,0.0,2.0
-1 -1 0 1 -1,68.0,68.0,700.0,836.0,14.0,2,8.0,4.0,0.0
-1 -1 0 1 0,68.0,84.0,600.0,752.0,12.0,2,10.0,4.0,0.0
-1 -1 0 1 1,68.0,70.0,600.0,738.0,12.0,2,8.0,6.0,0.0
-1 -1 0 1 2,106.0,84.0,600.0,790.0,12.0,3,8.0,4.0,2.0
-1 -1 0 2 -1,71.0,80.0,700.0,851.0,14.0,2,8.0,0.0,4.0
-1 -1 0 2 0,71.0,96.0,600.0,767.0,12.0,2,10.0,0.0,4.0
-1 -1 0 2 1,106.0,82.0,600.0,788.0,12.0,3,8.0,2.0,4.0
-1 -1 0 2 2,71.0,96.0,600.0,767.0,12.0,2,8.0,0.0,6.0
-1 -1 1 -1 -1,35.0,64.0,900.0,999.0,18.0,1,0.0,8.0,0.0
-1 -1 1 -1 0,68.0,80.0,800.0,948.0,16.0,2,2.0,8.0,0.0
-1 -1 1 -1 1,35.0,66.0,800.0,901.0,16.0,1,0.0,10.0,0.0
-1 -1 1 -1 2,73.0,80.0,800.0,953.0,16.0,2,0.0,8.0,2.0
-1 -1 1 0 -1,68.0,96.0,700.0,864.0,14.0,2,4.0,8.0,0.0
-1 -1 1 0 0,68.0,112.0,600.0,780.0,12.0,2,6.0,8.0,0.0
-1 -1 1 0 1,68.0,98.0,600.0,766.0,12.0,2,4.0,10.0,0.0
-1 -1 1 0 2,106.0,112.0,600.0,818.0,12.0,3,4.0,8.0,2.0
-1 -1 1 1 -1,35.0,68.0,700.0,803.0,14.0,1,0.0,12.0,0.0
-1 -1 1 1 0,68.0,84.0,600.0,752.0,12.0,2,2.0,12.0,0.0
-1 -1 1 1 1,35.0,70.0,600.0,705.0,12.0,1,0.0,14.0,0.0
-1 -1 1 1 2,73.0,84.0,600.0,757.0,12.0,2,0.0,12.0,2.0
-1 -1 1 2 -1,73.0,80.0,700.0,853.0,14.0,2,0.0,8.0,4.0
-1 -1 1 2 0,106.0,96.0,600.0,802.0,12.0,3,2.0,8.0,4.0
-1 -1 1 2 1,73.0,82.0,600.0,755.0,12.0,2,0.0,10.0,4.0
-1 -1 1 2 2,73.0,96.0,600.0,769.0,12.0,2,0.0,8.0,6.0
-1 -1 2 -1 -1,38.0,48.0,900.0,986.0,18.0,1,0.0,0.0,8.0
-1 -1 2 -1 0,71.0,64.0,800.0,935.0,16.0,2,2.0,0.0,8.0
-1 -1 2 -1 1,73.0,50.0,800.0,923.0,16.0,2,0.0,2.0,8.0
-1 -1 2 -1 2,38.0,64.0,800.0,902.0,16.0,1,0.0,0.0,10.0
-1 -1 2 0 -1,71.0,80.0,700.0,851.0,14.0,2,4.0,0.0,8.0
-1 -1 2 0 0,71.0,96.0,600.0,767.0,12.0,2,6.0,0.0,8.0
-1 -1 2 0 1,106.0,82.0,600.0,788.0,12.0,3,4.0,2.0,8.0
-1 -1 2 0 2,71.0,96.0,600.0,767.0,12.0,2,4.0,0.0,10.0
-1 -1 2 1 -1,73.0,52.0,700.0,825.0,14.0,2,0.0,4.0,8.0
-1 -1 2 1 0,106.0,68.0,600.0,774.0,12.0,3,2.0,4.0,8.0
-1 -1 2 1 1,73.0,54.0,600.0,727.0,12.0,2,0.0,6.0,8.0
-1 -1 2 1 2,73.0,68.0,600.0,741.0,12.0,2,0.0,4.0,10.0
-1 -1 2 2 -1,38.0,64.0,700.0,802.0,14.0,1,0.0,0.0,12.0
-1 -1 2 2 0,71.0,80.0,600.0,751.0,12.0,2,2.0,0.0,12.0
-1 -1 2 2 1,73.0,66.0,600.0,739.0,12.0,2,0.0,2.0,12.0
-1 -1 2 2 2,38.0,80.0,600.0,718.0,12.0,1,0.0,0.0,14.0
-1 0 -1 -1 -1,33.0,48.0,900.0,981.0,18.0,1,8.0,0.0,0.0
-1 0 -1 -1 0,33.0,64.0,800.0,897.0,16.0,1,10.0,0.0,0.0
-1 0 -1 -1 1,68.0,50.0,800.0,918.0,16.0,2,8.0,2.0,0.0
-1 0 -1 -1 2,71.0,64.0,800.0,935.0,16.0,2,8.0,0.0,2.0
-1 0 -1 0 -1,33.0,80.0,700.0,813.0,14.0,1,12.0,0.0,0.0
-1 0 -1 0 0,33.0,96.0,600.0,729.0,12.0,1,14.0,0.0,0.0
-1 0 -1 0 1,68.0,82.0,600.0,750.0,12.0,2,12.0,2.0,0.0
-1 0 -1 0 2,71.0,96.0,600.0,767.0,12.0,2,12.0,0.0,2.0
-1 0 -1 1 -1,68.0,52.0,700.0,820.0,14.0,2,8.0,4.0,0.0
-1 0 -1 1 0,68.0,68.0,600.0,736.0,12.0,2,10.0,4.0,0.0
-1 0 -1 1 1,68.0,54.0,600.0,722.0,12.0,2,8.0,6.0,0.0
-1 0 -1 1 2,106.0,68.0,600.0,774.0,12.0,3,8.0,4.0,2.0
-1 0 -1 2 -1,71.0,64.0,700.0,835.0,14.0,2,8.0,0.0,4.0
-1 0 -1 2 0,71.0,80.0,600.0,751.0,12.0,2,10.0,0.0,4.0
-1 0 -1 2 1,106.0,66.0,600.0,772.0,12.0,3,8.0,2.0,4.0
-1 0 -1 2 2,71.0,80.0,600.0,751.0,12.0,2,8.0,0.0,6.0
-1 0 1 -1 -1,68.0,112.0,500.0,680.0,10.0,2,8.0,8.0,0.0
-1 0 1 -1 0,68.0,128.0,400.0,596.0,8.0,2,10.0,8.0,0.0
-1 0 1 -1 1,68.0,114.0,400.0,582.0,8.0,2,8.0,10.0,0.0
-1 0 1 -1 2,106.0,128.0,400.0,634.0,8.0,3,8.0,8.0,2.0
-1 0 1 0 -1,68.0,144.0,300.0,512.0,6.0,2,12.0,8.0,0.0
-1 0 1 0 0,68.0,160.0,200.0,428.0,4.0,2,14.0,8.0,0.0
-1 0 1 0 1,68.0,146.0,200.0,414.0,4.0,2,12.0,10.0,0.0
-1 0 1 0 2,106.0,160.0,200.0,466.0,4.0,3,12.0,8.0,2.0
-1 0 1 1 -1,68.0,116.0,300.0,484.0,6.0,2,8.0,12.0,0.0
-1 0 1 1 0,68.0,132.0,200.0,400.0,4.0,2,10.0,12.0,0.0
-1 0 1 1 1,68.0,118.0,200.0,386.0,4.0,2,8.0,14.0,0.0
-1 0 1 1 2,106.0,132.0,200.0,438.0,4.0,3,8.0,12.0,2.0
-1 0 1 2 -1,106.0,128.0,300.0,534.0,6.0,3,8.0,8.0,4.0
-1 0 1 2 0,106.0,144.0,200.0,450.0,4.0,3,10.0,8.0,4.0
-1 0 1 2 1,106.0,130.0,200.0,436.0,4.0,3,8.0,10.0,4.0
-1 0 1 2 2,106.0,144.0,200.0,450.0,4.0,3,8.0,8.0,6.0
-1 0 2 -1 -1,71.0,96.0,500.0,667.0,10.0,2,8.0,0.0,8.0
-1 0 2 -1 0,71.0,112.0,400.0,583.0,8.0,2,10.0,0.0,8.0
-1 0 2 -1 1,106.0,98.0,400.0,604.0,8.0,3,8.0,2.0,8.0
-1 0 2 -1 2,71.0,112.0,400.0,583.0,8.0,2,8.0,0.0,10.0
-1 0 2 0 -1,71.0,128.0,300.0,499.0,6.0,2,12.0,0.0,8.0
-1 0 2 0 0,71.0,144.0,200.0,415.0,4.0,2,14.0,0.0,8.0
-1 0 2 0 1,106.0,130.0,200.0,436.0,4.0,3,12.0,2.0,8.0
-1 0 2 0 2,71.0,144.0,200.0,415.0,4.0,2,12.0,0.0,10.0
-1 0 2 1 -1,106.0,100.0,300.0,506.0,6.0,3,8.0,4.0,8.0
-1 0 2 1 0,106.0,116.0,200.0,422.0,4.0,3,10.0,4.0,8.0
-1 0 2 1 1,106.0,102.0,200.0,408.0,4.0,3,8.0,6.0,8.0
-1 0 2 1 2,106.0,116.0,200.0,422.0,4.0,3,8.0,4.0,10.0
-1 0 2 2 -1,71.0,112.0,300.0,483.0,6.0,2,8.0,0.0,12.0
-1 0 2 2 0,71.0,128.0,200.0,399.0,4.0,2,10.0,0.0,12.0
-1 0 2 2 1,106.0,114.0,200.0,420.0,4.0,3,8.0,2.0,12.0
-1 0 2 2 2,71.0,128.0,200.0,399.0,4.0,2,8.0,0.0,14.0
-1 1 -1 -1 -1,35.0,48.0,900.0,983.0,18.0,1,0.0,8.0,0.0
-1 1 -1 -1 0,68.0,64.0,800.0,932.0,16.0,2,2.0,8.0,0.0
-1 1 -1 -1 1,35.0,50.0,800.0,885.0,16.0,1,0.0,10.0,0.0
-1 1 -1 -1 2,73.0,64.0,800.0,937.0,16.0,2,0.0,8.0,2.0
-1 1 -1 0 -1,68.0,80.0,700.0,848.0,14.0,2,4.0,8.0,0.0
-1 1 -1 0 0,68.0,96.0,600.0,764.0,12.0,2,6.0,8.0,0.0
-1 1 -1 0 1,68.0,82.0,600.0,750.0,12.0,2,4.0,10.0,0.0
-1 1 -1 0 2,106.0,96.0,600.0,802.0,12.0,3,4.0,8.0,2.0
-1 1 -1 1 -1,35.0,52.0,700.0,787.0,14.0,1,0.0,12.0,0.0
-1 1 -1 1 0,68.0,68.0,600.0,736.0,12.0,2,2.0,12.0,0.0
-1 1 -1 1 1,35.0,54.0,600.0,689.0,12.0,1,0.0,14.0,0.0
-1 1 -1 1 2,73.0,68.0,600.0,741.0,12.0,2,0.0,12.0,2.0
-1 1 -1 2 -1,73.0,64.0,700.0,837.0,14.0,2,0.0,8.0,4.0
-1 1 -1 2 0,106.0,80.0,600.0,786.0,12.0,3,2.0,8.0,4.0
-1 1 -1 2 1,73.0,66.0,600.0,739.0,12.0,2,0.0,10.0,4.0
-1 1 -1 2 2,73.0,80.0,600.0,753.0,12.0,2,0.0,8.0,6.0
-1 1 0 -1 -1,68.0,112.0,500.0,680.0,10.0,2,8.0,8.0,0.0
-1 1 0 -1 0,68.0,128.0,400.0,596.0,8.0,2,10.0,8.0,0.0
-1 1 0 -1 1,68.0,114.0,400.0,582.0,8.0,2,8.0,10.0,0.0
-1 1 0 -1 2,106.0,128.0,400.0,634.0,8.0,3,8.0,8.0,2.0
-1 1 0 0 -1,68.0,144.0,300.0,512.0,6.0,2,12.0,8.0,0.0
-1 1 0 0 0,68.0,160.0,200.0,428.0,4.0,2,14.0,8.0,0.0
-1 1 0 0 1,68.0,146.0,200.0,414.0,4.0,2,12.0,10.0,0.0
-1 1 0 0 2,106.0,160.0,200.0,466.0,4.0,3,12.0,8.0,2.0
-1 1 0 1 -1,68.0,116.0,300.0,484.0,6.0,2,8.0,12.0,0.0
-1 1 0 1 0,68.0,132.0,200.0,400.0,4.0,2,10.0,12.0,0.0
-1 1 0 1 1,68.0,118.0,200.0,386.0,4.0,2,8.0,14.0,0.0
-1 1 0 1 2,106.0,132.0,200.0,438.0,4.0,3,8.0,12.0,2.0
-1 1 0 2 -1,106.0,128.0,300.0,534.0,6.0,3,8.0,8.0,4.0
-1 1 0 2 0,106.0,144.0,200.0,450.0,4.0,3,10.0,8.0,4.0
-1 1 0 2 1,106.0,130.0,200.0,436.0,4.0,3,8.0,10.0,4.0
-1 1 0 2 2,106.0,144.0,200.0,450.0,4.0,3,8.0,8.0,6.0
-1 1 2 -1 -1,73.0,96.0,500.0,669.0,10.0,2,0.0,8.0,8.0
-1 1 2 -1 0,106.0,112.0,400.0,618.0,8.0,3,2.0,8.0,8.0
-1 1 2 -1 1,73.0,98.0,400.0,571.0,8.0,2,0.0,10.0,8.0
-1 1 2 -1 2,73.0,112.0,400.0,585.0,8.0,2,0.0,8.0,10.0
-1 1 2 0 -1,106.0,128.0,300.0,534.0,6.0,3,4.0,8.0,8.0
-1 1 2 0 0,106.0,144.0,200.0,450.0,4.0,3,6.0,8.0,8.0
-1 1 2 0 1,106.0,130.0,200.0,436.0,4.0,3,4.0,10.0,8.0
-1 1 2 0 2,106.0,144.0,200.0,450.0,4.0,3,4.0,8.0,10.0
-1 1 2 1 -1,73.0,100.0,300.0,473.0,6.0,2,0.0,12.0,8.0
-1 1 2 1 0,106.0,116.0,200.0,422.0,4.0,3,2.0,12.0,8.0
-1 1 2 1 1,73.0,102.0,200.0,375.0,4.0,2,0.0,14.0,8.0
-1 1 2 1 2,73.0,116.0,200.0,389.0,4.0,2,0.0,12.0,10.0
-1 1 2 2 -1,73.0,112.0,300.0,485.0,6.0,2,0.0,8.0,12.0
-1 1 2 2 0,106.0,128.0,200.0,434.0,4.0,3,2.0,8.0,12.0
-1 1 2 2 1,73.0,114.0,200.0,387.0,4.0,2,0.0,10.0,12.0
-1 1 2 2 2,73.0,128.0,200.0,401.0,4.0,2,0.0,8.0,14.0
-1 2 -1 -1 -1,38.0,32.0,900.0,970.0,18.0,1,0.0,0.0,8.0
-1 2 -1 -1 0,71.0,48.0,800.0,919.0,16.0,2,2.0,0.0,8.0
-1 2 -1 -1 1,73.0,34.0,800.0,907.0,16.0,2,0.0,2.0,8.0
-1 2 -1 -1 2,38.0,48.0,800.0,886.0,16.0,1,0.0,0.0,10.0
-1 2 -1 0 -1,71.0,64.0,700.0,835.0,14.0,2,4.0,0.0,8.0
-1 2 -1 0 0,71.0,80.0,600.0,751.0,12.0,2,6.0,0.0,8.0
-1 2 -1 0 1,106.0,66.0,600.0,772.0,12.0,3,4.0,2.0,8.0
-1 2 -1 0 2,71.0,80.0,600.0,751.0,12.0,2,4.0,0.0,10.0
-1 2 -1 1 -1,73.0,36.0,700.0,809.0,14.0,2,0.0,4.0,8.0
-1 2 -1 1 0,106.0,52.0,600.0,758.0,12.0,3,2.0,4.0,8.0
-1 2 -1 1 1,73.0,38.0,600.0,711.0,12.0,2,0.0,6.0,8.0
-1 2 -1 1 2,73.0,52.0,600.0,725.0,12.0,2,0.0,4.0,10.0
-1 2 -1 2 -1,38.0,48.0,700.0,786.0,14.0,1,0.0,0.0,12.0
-1 2 -1 2 0,71.0,64.0,600.0,735.0,12.0,2,2.0,0.0,12.0
-1 2 -1 2 1,73.0,50.0,600.0,723.0,12.0,2,0.0,2.0,12.0
-1 2 -1 2 2,38.0,64.0,600.0,702.0,12.0,1,0.0,0.0,14.0
-1 2 0 -1 -1,71.0,96.0,500.0,667.0,10.0,2,8.0,0.0,8.0
-1 2 0 -1 0,71.0,112.0,400.0,583.0,8.0,2,10.0,0.0,8.0
-1 2 0 -1 1,106.0,98.0,400.0,604.0,8.0,3,8.0,2.0,8.0
-1 2 0 -1 2,71.0,112.0,400.0,583.0,8.0,2,8.0,0.0,10.0
-1 2 0 0 -1,71.0,128.0,300.0,499.0,6.0,2,12.0,0.0,8.0
-1 2 0 0 0,71.0,144.0,200.0,415.0,4.0,2,14.0,0.0,8.0
-1 2 0 0 1,106.0,130.0,200.0,436.0,4.0,3,12.0,2.0,8.0
-1 2 0 0 2,71.0,144.0,200.0,415.0,4.0,2,12.0,0.0,10.0
-1 2 0 1 -1,106.0,100.0,300.0,506.0,6.0,3,8.0,4.0,8.0
-1 2 0 1 0,106.0,116.0,200.0,422.0,4.0,3,10.0,4.0,8.0
-1 2 0 1 1,106.0,102.0,200.0,408.0,4.0,3,8.0,6.0,8.0
-1 2 0 1 2,106.0,116.0,200.0,422.0,4.0,3,8.0,4.0,10.0
-1 2 0 2 -1,71.0,112.0,300.0,483.0,6.0,2,8.0,0.0,12.0
-1 2 0 2 0,71.0,128.0,200.0,399.0,4.0,2,10.0,0.0,12.0
-1 2 0 2 1,106.0,114.0,200.0,420.0,4.0,3,8.0,2.0,12.0
-1 2 0 2 2,71.0,128.0,200.0,399.0,4.0,2,8.0,0.0,14.0
-1 2 1 -1 -1,73.0,96.0,500.0,669.0,10.0,2,0.0,8.0,8.0
-1 2 1 -1 0,106.0,112.0,400.0,618.0,8.0,3,2.0,8.0,8.0
-1 2 1 -1 1,73.0,98.0,400.0,571.0,8.0,2,0.0,10.0,8.0
-1 2 1 -1 2,73.0,112.0,400.0,585.0,8.0,2,0.0,8.0,10.0
-1 2 1 0 -1,106.0,128.0,300.0,534.0,6.0,3,4.0,8.0,8.0
-1 2 1 0 0,106.0,144.0,200.0,450.0,4.0,3,6.0,8.0,8.0
-1 2 1 0 1,106.0,130.0,200.0,436.0,4.0,3,4.0,10.0,8.0
-1 2 1 0 2,106.0,144.0,200.0,450.0,4.0,3,4.0,8.0,10.0
-1 2 1 1 -1,73.0,100.0,300.0,473.0,6.0,2,0.0,12.0,8.0
-1 2 1 1 0,106.0,116.0,200.0,422.0,4.0,3,2.0,12.0,8.0
-1 2 1 1 1,73.0,102.0,200.0,375.0,4.0,2,0.0,14.0,8.0
-1 2 1 1 2,73.0,116.0,200.0,389.0,4.0,2,0.0,12.0,10.0
-1 2 1 2 -1,73.0,112.0,300.0,485.0,6.0,2,0.0,8.0,12.0
-1 2 1 2 0,106.0,128.0,200.0,434.0,4.0,3,2.0,8.0,12.0
-1 2 1 2 1,73.0,114.0,200.0,387.0,4.0,2,0.0,10.0,12.0
-1 2 1 2 2,73.0,128.0,200.0,401.0,4.0,2,0.0,8.0,14.0
0 -1 -1 -1 -1,33.0,24.0,1100.0,1157.0,22.0,1,4.0,0.0,0.0
0 -1 -1 -1 0,33.0,40.0,1000.0,1073.0,20.0,1,6.0,0.0,0.0
0 -1 -1 -1 1,68.0,26.0,1000.0,1094.0,20.0,2,4.0,2.0,0.0
0 -1 -1 -1 2,71.0,40.0,1000.0,1111.0,20.0,2,4.0,0.0,2.0
0 -1 -1 0 -1,33.0,56.0,900.0,989.0,18.0,1,8.0,0.0,0.0
0 -1 -1 0 0,33.0,72.0,800.0,905.0,16.0,1,10.0,0.0,0.0
0 -1 -1 0 1,68.0,58.0,800.0,926.0,16.0,2,8.0,2.0,0.0
0 -1 -1 0 2,71.0,72.0,800.0,943.0,16.0,2,8.0,0.0,2.0
0 -1 -1 1 -1,68.0,28.0,900.0,996.0,18.0,2,4.0,4.0,0.0
0 -1 -1 1 0,68.0,44.0,800.0,912.0,16.0,2,6.0,4.0,0.0
0 -1 -1 1 1,68.0,30.0,800.0,898.0,16.0,2,4.0,6.0,0.0
0 -1 -1 1 2,106.0,44.0,800.0,950.0,16.0,3,4.0,4.0,2.0
0 -1 -1 2 -1,71.0,40.0,900.0,1011.0,18.0,2,4.0,0.0,4.0
0 -1 -1 2 0,71.0,56.0,800.0,927.0,16.0,2,6.0,0.0,4.0
0 -1 -1 2 1,106.0,42.0,800.0,948.0,16.0,3,4.0,2.0,4.0
0 -1 -1 2 2,71.0,56.0,800.0,927.0,16.0,2,4.0,0.0,6.0
0 -1 0 -1 -1,33.0,88.0,700.0,821.0,14.0,1,12.0,0.0,0.0
0 -1 0 -1 0,33.0,104.0,600.0,737.0,12.0,1,14.0,0.0,0.0
0 -1 0 -1 1,68.0,90.0,600.0,758.0,12.0,2,12.0,2.0,0.0
0 -1 0 -1 2,71.0,104.0,600.0,775.0,12.0,2,12.0,0.0,2.0
0 -1 0 1 -1,68.0,92.0,500.0,660.0,10.0,2,12.0,4.0,0.0
0 -1 0 1 0,68.0,108.0,400.0,576.0,8.0,2,14.0,4.0,0.0
0 -1 0 1 1,68.0,94.0,400.0,562.0,8.0,2,12.0,6.0,0.0
0 -1 0 1 2,106.0,108.0,400.0,614.0,8.0,3,12.0,4.0,2.0
0 -1 0 2 -1,71.0,104.0,500.0,675.0,10.0,2,12.0,0.0,4.0
0 -1 0 2 0,71.0,120.0,400.0,591.0,8.0,2,14.0,0.0,4.0
0 -1 0 2 1,106.0,106.0,400.0,612.0,8.0,3,12.0,2.0,4.0
0 -1 0 2 2,71.0,120.0,400.0,591.0,8.0,2,12.0,0.0,6.0
0 -1 1 -1 -1,68.0,88.0,700.0,856.0,14.0,2,4.0,8.0,0.0
0 -1 1 -1 0,68.0,104.0,600.0,772.0,12.0,2,6.0,8.0,0.0
0 -1 1 -1 1,68.0,90.0,600.0,758.0,12.0,2,4.0,10.0,0.0
0 -1 1 -1 2,106.0,104.0,600.0,810.0,12.0,3,4.0,8.0,2.0
0 -1 1 0 -1,68.0,120.0,500.0,688.0,10.0,2,8.0,8.0,0.0
0 -1 1 0 0,68.0,136.0,400.0,604.0,8.0,2,10.0,8.0,0.0
0 -1 1 0 1,68.0,122.0,400.0,590.0,8.0,2,8.0,10.0,0.0
0 -1 1 0 2,106.0,136.0,400.0,642.0,8.0,3,8.0,8.0,2.0
0 -1 1 1 -1,68.0,92.0,500.0,660.0,10.0,2,4.0,12.0,0.0
0 -1 1 1 0,68.0,108.0,400.0,576.0,8.0,2,6.0,12.0,0.0
0 -1 1 1 1,68.0,94.0,400.0,562.0,8.0,2,4.0,14.0,0.0
0 -1 1 1 2,106.0,108.0,400.0,614.0,8.0,3,4.0,12.0,2.0
0 -1 1 2 -1,106.0,104.0,500.0,710.0,10.0,3,4.0,8.0,4.0
0 -1 1 2 0,106.0,120.0,400.0,626.0,8.0,3,6.0,8.0,4.0
0 -1 1 2 1,106.0,106.0,400.0,612.0,8.0,3,4.0,10.0,4.0
0 -1 1 2 2,106.0,120.0,400.0,626.0,8.0,3,4.0,8.0,6.0
0 -1 2 -1 -1,71.0,72.0,700.0,843.0,14.0,2,4.0,0.0,8.0
0 -1 2 -1 0,71.0,88.0,600.0,759.0,12.0,2,6.0,0.0,8.0
0 -1 2 -1 1,106.0,74.0,600.0,780.0,12.0,3,4.0,2.0,8.0
0 -1 2 -1 2,71.0,88.0,600.0,759.0,12.0,2,4.0,0.0,10.0
0 -1 2 0 -1,71.0,104.0,500.0,675.0,10.0,2,8.0,0.0,8.0
0 -1 2 0 0,71.0,120.0,400.0,591.0,8.0,2,10.0,0.0,8.0
0 -1 2 0 1,106.0,106.0,400.0,612.0,8.0,3,8.0,2.0,8.0
0 -1 2 0 2,71.0,120.0,400.0,591.0,8.0,2,8.0,0.0,10.0
0 -1 2 1 -1,106.0,76.0,500.0,682.0,10.0,3,4.0,4.0,8.0
0 -1 2 1 0,106.0,92.0,400.0,598.0,8.0,3,6.0,4.0,8.0
0 -1 2 1 1,106.0,78.0,400.0,584.0,8.0,3,4.0,6.0,8.0
0 -1 2 1 2,106.0,92.0,400.0,598.0,8.0,3,4.0,4.0,10.0
0 -1 2 2 -1,71.0,88.0,500.0,659.0,10.0,2,4.0,0.0,12.0
0 -1 2 2 0,71.0,104.0,400.0,575.0,8.0,2,6.0,0.0,12.0
0 -1 2 2 1,106.0,90.0,400.0,596.0,8.0,3,4.0,2.0,12.0
0 -1 2 2 2,71.0,104.0,400.0,575.0,8.0,2,4.0,0.0,14.0
0 0 -1 -1 -1,33.0,72.0,700.0,805.0,14.0,1,12.0,0.0,0.0
0 0 -1 -1 0,33.0,88.0,600.0,721.0,12.0,1,14.0,0.0,0.0
0 0 -1 -1 1,68.0,74.0,600.0,742.0,12.0,2,12.0,2.0,0.0
0 0 -1 -1 2,71.0,88.0,600.0,759.0,12.0,2,12.0,0.0,2.0
0 0 -1 1 -1,68.0,76.0,500.0,644.0,10.0,2,12.0,4.0,0.0
0 0 -1 1 0,68.0,92.0,400.0,560.0,8.0,2,14.0,4.0,0.0
0 0 -1 1 1,68.0,78.0,400.0,546.0,8.0,2,12.0,6.0,0.0
0 0 -1 1 2,106.0,92.0,400.0,598.0,8.0,3,12.0,4.0,2.0
0 0 -1 2 -1,71.0,88.0,500.0,659.0,10.0,2,12.0,0.0,4.0
0 0 -1 2 0,71.0,104.0,400.0,575.0,8.0,2,14.0,0.0,4.0
0 0 -1 2 1,106.0,90.0,400.0,596.0,8.0,3,12.0,2.0,4.0
0 0 -1 2 2,71.0,104.0,400.0,575.0,8.0,2,12.0,0.0,6.0
0 0 1 -1 -1,68.0,136.0,300.0,504.0,6.0,2,12.0,8.0,0.0
0 0 1 -1 0,68.0,152.0,200.0,420.0,4.0,2,14.0,8.0,0.0
0 0 1 -1 1,68.0,138.0,200.0,406.0,4.0,2,12.0,10.0,0.0
0 0 1 -1 2,106.0,152.0,200.0,458.0,4.0,3,12.0,8.0,2.0
0 0 1 1 -1,68.0,140.0,100.0,308.0,2.0,2,12.0,12.0,0.0
0 0 1 1 0,68.0,156.0,0.0,224.0,0.0,2,14.0,12.0,0.0
0 0 1 1 1,68.0,142.0,0.0,210.0,0.0,2,12.0,14.0,0.0
0 0 1 1 2,106.0,156.0,0.0,262.0,0.0,3,12.0,12.0,2.0
0 0 1 2 -1,106.0,152.0,100.0,358.0,2.0,3,12.0,8.0,4.0
0 0 1 2 0,106.0,168.0,0.0,274.0,0.0,3,14.0,8.0,4.0
0 0 1 2 1,106.0,154.0,0.0,260.0,0.0,3,12.0,10.0,4.0
0 0 1 2 2,106.0,168.0,0.0,274.0,0.0,3,12.0,8.0,6.0
0 0 2 -1 -1,71.0,120.0,300.0,491.0,6.0,2,12.0,0.0,8.0
0 0 2 -1 0,71.0,136.0,200.0,407.0,4.0,2,14.0,0.0,8.0
0 0 2 -1 1,106.0,122.0,200.0,428.0,4.0,3,12.0,2.0,8.0
0 0 2 -1 2,71.0,136.0,200.0,407.0,4.0,2,12.0,0.0,10.0
0 0 2 1 -1,106.0,124.0,100.0,330.0,2.0,3,12.0,4.0,8.0
0 0 2 1 0,106.0,140.0,0.0,246.0,0.0,3,14.0,4.0,8.0
0 0 2 1 1,106.0,126.0,0.0,232.0,0.0,3,12.0,6.0,8.0
0 0 2 1 2,106.0,140.0,0.0,246.0,0.0,3,12.0,4.0,10.0
0 0 2 2 -1,71.0,136.0,100.0,307.0,2.0,2,12.0,0.0,12.0
0 0 2 2 0,71.0,152.0,0.0,223.0,0.0,2,14.0,0.0,12.0
0 0 2 2 1,106.0,138.0,0.0,244.0,0.0,3,12.0,2.0,12.0
0 0 2 2 2,71.0,152.0,0.0,223.0,0.0,2,12.0,0.0,14.0
0 1 -1 -1 -1,68.0,72.0,700.0,840.0,14.0,2,4.0,8.0,0.0
0 1 -1 -1 0,68.0,88.0,600.0,756.0,12.0,2,6.0,8.0,0.0
0 1 -1 -1 1,68.0,74.0,600.0,742.0,12.0,2,4.0,10.0,0.0
0 1 -1 -1 2,106.0,88.0,600.0,794.0,12.0,3,4.0,8.0,2.0
0 1 -1 0 -1,68.0,104.0,500.0,672.0,10.0,2,8.0,8.0,0.0
0 1 -1 0 0,68.0,120.0,400.0,588.0,8.0,2,10.0,8.0,0.0
0 1 -1 0 1,68.0,106.0,400.0,574.0,8.0,2,8.0,10.0,0.0
0 1 -1 0 2,106.0,120.0,400.0,626.0,8.0,3,8.0,8.0,2.0
0 1 -1 1 -1,68.0,76.0,500.0,644.0,10.0,2,4.0,12.0,0.0
0 1 -1 1 0,68.0,92.0,400.0,560.0,8.0,2,6.0,12.0,0.0
0 1 -1 1 1,68.0,78.0,400.0,546.0,8.0,2,4.0,14.0,0.0
0 1 -1 1 2,106.0,92.0,400.0,598.0,8.0,3,4.0,12.0,2.0
0 1 -1 2 -1,106.0,88.0,500.0,694.0,10.0,3,4.0,8.0,4.0
0 1 -1 2 0,106.0,104.0,400.0,610.0,8.0,3,6.0,8.0,4.0
0 1 -1 2 1,106.0,90.0,400.0,596.0,8.0,3,4.0,10.0,4.0
0 1 -1 2 2,106.0,104.0,400.0,610.0,8.0,3,4.0,8.0,6.0
0 1 0 -1 -1,68.0,136.0,300.0,504.0,6.0,2,12.0,8.0,0.0
0 1 0 -1 0,68.0,152.0,200.0,420.0,4.0,2,14.0,8.0,0.0
0 1 0 -1 1,68.0,138.0,200.0,406.0,4.0,2,12.0,10.0,0.0
0 1 0 -1 2,106.0,152.0,200.0,458.0,4.0,3,12.0,8.0,2.0
0 1 0 1 -1,68.0,140.0,100.0,308.0,2.0,2,12.0,12.0,0.0
0 1 0 1 0,68.0,156.0,0.0,224.0,0.0,2,14.0,12.0,0.0
0 1 0 1 1,68.0,142.0,0.0,210.0,0.0,2,12.0,14.0,0.0
0 1 0 1 2,106.0,156.0,0.0,262.0,0.0,3,12.0,12.0,2.0
0 1 0 2 -1,106.0,152.0,100.0,358.0,2.0,3,12.0,8.0,4.0
0 1 0 2 0,106.0,168.0,0.0,274.0,0.0,3,14.0,8.0,4.0
0 1 0 2 1,106.0,154.0,0.0,260.0,0.0,3,12.0,10.0,4.0
0 1 0 2 2,106.0,168.0,0.0,274.0,0.0,3,12.0,8.0,6.0
0 1 2 -1 -1,106.0,120.0,300.0,526.0,6.0,3,4.0,8.0,8.0
0 1 2 -1 0,106.0,136.0,200.0,442.0,4.0,3,6.0,8.0,8.0
0 1 2 -1 1,106.0,122.0,200.0,428.0,4.0,3,4.0,10.0,8.0
0 1 2 -1 2,106.0,136.0,200.0,442.0,4.0,3,4.0,8.0,10.0
0 1 2 0 -1,106.0,152.0,100.0,358.0,2.0,3,8.0,8.0,8.0
0 1 2 0 0,106.0,168.0,0.0,274.0,0.0,3,10.0,8.0,8.0
0 1 2 0 1,106.0,154.0,0.0,260.0,0.0,3,8.0,10.0,8.0
0 1 2 0 2,106.0,168.0,0.0,274.0,0.0,3,8.0,8.0,10.0
0 1 2 1 -1,106.0,124.0,100.0,330.0,2.0,3,4.0,12.0,8.0
0 1 2 1 0,106.0,140.0,0.0,246.0,0.0,3,6.0,12.0,8.0
0 1 2 1 1,106.0,126.0,0.0,232.0,0.0,3,4.0,14.0,8.0
0 1 2 1 2,106.0,140.0,0.0,246.0,0.0,3,4.0,12.0,10.0
0 1 2 2 -1,106.0,136.0,100.0,342.0,2.0,3,4.0,8.0,12.0
0 1 2 2 0,106.0,152.0,0.0,258.0,0.0,3,6.0,8.0,12.0
0 1 2 2 1,106.0,138.0,0.0,244.0,0.0,3,4.0,10.0,12.0
0 1 2 2 2,106.0,152.0,0.0,258.0,0.0,3,4.0,8.0,14.0
0 2 -1 -1 -1,71.0,56.0,700.0,827.0,14.0,2,4.0,0.0,8.0
0 2 -1 -1 0,71.0,72.0,600.0,743.0,12.0,2,6.0,0.0,8.0
0 2 -1 -1 1,106.0,58.0,600.0,764.0,12.0,3,4.0,2.0,8.0
0 2 -1 -1 2,71.0,72.0,600.0,743.0,12.0,2,4.0,0.0,10.0
0 2 -1 0 -1,71.0,88.0,500.0,659.0,10.0,2,8.0,0.0,8.0
0 2 -1 0 0,71.0,104.0,400.0,575.0,8.0,2,10.0,0.0,8.0
0 2 -1 0 1,106.0,90.0,400.0,596.0,8.0,3,8.0,2.0,8.0
0 2 -1 0 2,71.0,104.0,400.0,575.0,8.0,2,8.0,0.0,10.0
0 2 -1 1 -1,106.0,60.0,500.0,666.0,10.0,3,4.0,4.0,8.0
0 2 -1 1 0,106.0,76.0,400.0,582.0,8.0,3,6.0,4.0,8.0
0 2 -1 1 1,106.0,62.0,400.0,568.0,8.0,3,4.0,6.0,8.0
0 2 -1 1 2,106.0,76.0,400.0,582.0,8.0,3,4.0,4.0,10.0
0 2 -1 2 -1,71.0,72.0,500.0,643.0,10.0,2,4.0,0.0,12.0
0 2 -1 2 0,71.0,88.0,400.0,559.0,8.0,2,6.0,0.0,12.0
0 2 -1 2 1,106.0,74.0,400.0,580.0,8.0,3,4.0,2.0,12.0
0 2 -1 2 2,71.0,88.0,400.0,559.0,8.0,2,4.0,0.0,14.0
0 2 0 -1 -1,71.0,120.0,300.0,491.0,6.0,2,12.0,0.0,8.0
0 2 0 -1 0,71.0,136.0,200.0,407.0,4.0,2,14.0,0.0,8.0
0 2 0 -1 1,106.0,122.0,200.0,428.0,4.0,3,12.0,2.0,8.0
0 2 0 -1 2,71.0,136.0,200.0,407.0,4.0,2,12.0,0.0,10.0
0 2 0 1 -1,106.0,124.0,100.0,330.0,2.0,3,12.0,4.0,8.0
0 2 0 1 0,106.0,140.0,0.0,246.0,0.0,3,14.0,4.0,8.0
0 2 0 1 1,106.0,126.0,0.0,232.0,0.0,3,12.0,6.0,8.0
0 2 0 1 2,106.0,140.0,0.0,246.0,0.0,3,12.0,4.0,10.0
0 2 0 2 -1,71.0,136.0,100.0,307.0,2.0,2,12.0,0.0,12.0
0 2 0 2 0,71.0,152.0,0.0,223.0,0.0,2,14.0,0.0,12.0
0 2 0 2 1,106.0,138.0,0.0,244.0,0.0,3,12.0,2.0,12.0
0 2 0 2 2,71.0,152.0,0.0,223.0,0.0,2,12.0,0.0,14.0
0 2 1 -1 -1,106.0,120.0,300.0,526.0,6.0,3,4.0,8.0,8.0
0 2 1 -1 0,106.0,136.0,200.0,442.0,4.0,3,6.0,8.0,8.0
0 2 1 -1 1,106.0,122.0,200.0,428.0,4.0,3,4.0,10.0,8.0
0 2 1 -1 2,106.0,136.0,200.0,442.0,4.0,3,4.0,8.0,10.0
0 2 1 0 -1,106.0,152.0,100.0,358.0,2.0,3,8.0,8.0,8.0
0 2 1 0 0,106.0,168.0,0.0,274.0,0.0,3,10.0,8.0,8.0
0 2 1 0 1,106.0,154.0,0.0,260.0,0.0,3,8.0,10.0,8.0
0 2 1 0 2,106.0,168.0,0.0,274.0,0.0,3,8.0,8.0,10.0
0 2 1 1 -1,106.0,124.0,100.0,330.0,2.0,3,4.0,12.0,8.0
0 2 1 1 0,106.0,140.0,0.0,246.0,0.0,3,6.0,12.0,8.0
0 2 1 1 1,106.0,126.0,0.0,232.0,0.0,3,4.0,14.0,8.0
0 2 1 1 2,106.0,140.0,0.0,246.0,0.0,3,4.0,12.0,10.0
0 2 1 2 -1,106.0,136.0,100.0,342.0,2.0,3,4.0,8.0,12.0
0 2 1 2 0,106.0,152.0,0.0,258.0,0.0,3,6.0,8.0,12.0
0 2 1 2 1,106.0,138.0,0.0,244.0,0.0,3,4.0,10.0,12.0
0 2 1 2 2,106.0,152.0,0.0,258.0,0.0,3,4.0,8.0,14.0
1 -1 -1 -1 -1,35.0,28.0,1100.0,1163.0,22.0,1,0.0,4.0,0.0
1 -1 -1 -1 0,68.0,44.0,1000.0,1112.0,20.0,2,2.0,4.0,0.0
1 -1 -1 -1 1,35.0,30.0,1000.0,1065.0,20.0,1,0.0,6.0,0.0
1 -1 -1 -1 2,73.0,44.0,1000.0,1117.0,20.0,2,0.0,4.0,2.0
1 -1 -1 0 -1,68.0,60.0,900.0,1028.0,18.0,2,4.0,4.0,0.0
1 -1 -1 0 0,68.0,76.0,800.0,944.0,16.0,2,6.0,4.0,0.0
1 -1 -1 0 1,68.0,62.0,800.0,930.0,16.0,2,4.0,6.0,0.0
1 -1 -1 0 2,106.0,76.0,800.0,982.0,16.0,3,4.0,4.0,2.0
1 -1 -1 1 -1,35.0,32.0,900.0,967.0,18.0,1,0.0,8.0,0.0
1 -1 -1 1 0,68.0,48.0,800.0,916.0,16.0,2,2.0,8.0,0.0
1 -1 -1 1 1,35.0,34.0,800.0,869.0,16.0,1,0.0,10.0,0.0
1 -1 -1 1 2,73.0,48.0,800.0,921.0,16.0,2,0.0,8.0,2.0
1 -1 -1 2 -1,73.0,44.0,900.0,1017.0,18.0,2,0.0,4.0,4.0
1 -1 -1 2 0,106.0,60.0,800.0,966.0,16.0,3,2.0,4.0,4.0
1 -1 -1 2 1,73.0,46.0,800.0,919.0,16.0,2,0.0,6.0,4.0
1 -1 -1 2 2,73.0,60.0,800.0,933.0,16.0,2,0.0,4.0,6.0
1 -1 0 -1 -1,68.0,92.0,700.0,860.0,14.0,2,8.0,4.0,0.0
1 -1 0 -1 0,68.0,108.0,600.0,776.0,12.0,2,10.0,4.0,0.0
1 -1 0 -1 1,68.0,94.0,600.0,762.0,12.0,2,8.0,6.0,0.0
1 -1 0 -1 2,106.0,108.0,600.0,814.0,12.0,3,8.0,4.0,2.0
1 -1 0 0 -1,68.0,124.0,500.0,692.0,10.0,2,12.0,4.0,0.0
1 -1 0 0 0,68.0,140.0,400.0,608.0,8.0,2,14.0,4.0,0.0
1 -1 0 0 1,68.0,126.0,400.0,594.0,8.0,2,12.0,6.0,0.0
1 -1 0 0 2,106.0,140.0,400.0,646.0,8.0,3,12.0,4.0,2.0
1 -1 0 1 -1,68.0,96.0,500.0,664.0,10.0,2,8.0,8.0,0.0
1 -1 0 1 0,68.0,112.0,400.0,580.0,8.0,2,10.0,8.0,0.0
1 -1 0 1 1,68.0,98.0,400.0,566.0,8.0,2,8.0,10.0,0.0
1 -1 0 1 2,106.0,112.0,400.0,618.0,8.0,3,8.0,8.0,2.0
1 -1 0 2 -1,106.0,108.0,500.0,714.0,10.0,3,8.0,4.0,4.0
1 -1 0 2 0,106.0,124.0,400.0,630.0,8.0,3,10.0,4.0,4.0
1 -1 0 2 1,106.0,110.0,400.0,616.0,8.0,3,8.0,6.0,4.0
1 -1 0 2 2,106.0,124.0,400.0,630.0,8.0,3,8.0,4.0,6.0
1 -1 1 -1 -1,35.0,92.0,700.0,827.0,14.0,1,0.0,12.0,0.0
1 -1 1 -1 0,68.0,108.0,600.0,776.0,12.0,2,2.0,12.0,0.0
1 -1 1 -1 1,35.0,94.0,600.0,729.0,12.0,1,0.0,14.0,0.0
1 -1 1 -1 2,73.0,108.0,600.0,781.0,12.0,2,0.0,12.0,2.0
1 -1 1 0 -1,68.0,124.0,500.0,692.0,10.0,2,4.0,12.0,0.0
1 -1 1 0 0,68.0,140.0,400.0,608.0,8.0,2,6.0,12.0,0.0
1 -1 1 0 1,68.0,126.0,400.0,594.0,8.0,2,4.0,14.0,0.0
1 -1 1 0 2,106.0,140.0,400.0,646.0,8.0,3,4.0,12.0,2.0
1 -1 1 2 -1,73.0,108.0,500.0,681.0,10.0,2,0.0,12.0,4.0
1 -1 1 2 0,106.0,124.0,400.0,630.0,8.0,3,2.0,12.0,4.0
1 -1 1 2 1,73.0,110.0,400.0,583.0,8.0,2,0.0,14.0,4.0
1 -1 1 2 2,73.0,124.0,400.0,597.0,8.0,2,0.0,12.0,6.0
1 -1 2 -1 -1,73.0,76.0,700.0,849.0,14.0,2,0.0,4.0,8.0
1 -1 2 -1 0,106.0,92.0,600.0,798.0,12.0,3,2.0,4.0,8.0
1 -1 2 -1 1,73.0,78.0,600.0,751.0,12.0,2,0.0,6.0,8.0
1 -1 2 -1 2,73.0,92.0,600.0,765.0,12.0,2,0.0,4.0,10.0
1 -1 2 0 -1,106.0,108.0,500.0,714.0,10.0,3,4.0,4.0,8.0
1 -1 2 0 0,106.0,124.0,400.0,630.0,8.0,3,6.0,4.0,8.0
1 -1 2 0 1,106.0,110.0,400.0,616.0,8.0,3,4.0,6.0,8.0
1 -1 2 0 2,106.0,124.0,400.0,630.0,8.0,3,4.0,4.0,10.0
1 -1 2 1 -1,73.0,80.0,500.0,653.0,10.0,2,0.0,8.0,8.0
1 -1 2 1 0,106.0,96.0,400.0,602.0,8.0,3,2.0,8.0,8.0
1 -1 2 1 1,73.0,82.0,400.0,555.0,8.0,2,0.0,10.0,8.0
1 -1 2 1 2,73.0,96.0,400.0,569.0,8.0,2,0.0,8.0,10.0
1 -1 2 2 -1,73.0,92.0,500.0,665.0,10.0,2,0.0,4.0,12.0
1 -1 2 2 0,106.0,108.0,400.0,614.0,8.0,3,2.0,4.0,12.0
1 -1 2 2 1,73.0,94.0,400.0,567.0,8.0,2,0.0,6.0,12.0
1 -1 2 2 2,73.0,108.0,400.0,581.0,8.0,2,0.0,4.0,14.0
1 0 -1 -1 -1,68.0,76.0,700.0,844.0,14.0,2,8.0,4.0,0.0
1 0 -1 -1 0,68.0,92.0,600.0,760.0,12.0,2,10.0,4.0,0.0
1 0 -1 -1 1,68.0,78.0,600.0,746.0,12.0,2,8.0,6.0,0.0
1 0 -1 -1 2,106.0,92.0,600.0,798.0,12.0,3,8.0,4.0,2.0
1 0 -1 0 -1,68.0,108.0,500.0,676.0,10.0,2,12.0,4.0,0.0
1 0 -1 0 0,68.0,124.0,400.0,592.0,8.0,2,14.0,4.0,0.0
1 0 -1 0 1,68.0,110.0,400.0,578.0,8.0,2,12.0,6.0,0.0
1 0 -1 0 2,106.0,124.0,400.0,630.0,8.0,3,12.0,4.0,2.0
1 0 -1 1 -1,68.0,80.0,500.0,648.0,10.0,2,8.0,8.0,0.0
1 0 -1 1 0,68.0,96.0,400.0,564.0,8.0,2,10.0,8.0,0.0
1 0 -1 1 1,68.0,82.0,400.0,550.0,8.0,2,8.0,10.0,0.0
1 0 -1 1 2,106.0,96.0,400.0,602.0,8.0,3,8.0,8.0,2.0
1 0 -1 2 -1,106.0,92.0,500.0,698.0,10.0,3,8.0,4.0,4.0
1 0 -1 2 0,106.0,108.0,400.0,614.0,8.0,3,10.0,4.0,4.0
1 0 -1 2 1,106.0,94.0,400.0,600.0,8.0,3,8.0,6.0,4.0
1 0 -1 2 2,106.0,108.0,400.0,614.0,8.0,3,8.0,4.0,6.0
1 0 1 -1 -1,68.0,140.0,300.0,508.0,6.0,2,8.0,12.0,0.0
1 0 1 -1 0,68.0,156.0,200.0,424.0,4.0,2,10.0,12.0,0.0
1 0 1 -1 1,68.0,142.0,200.0,410.0,4.0,2,8.0,14.0,0.0
1 0 1 -1 2,106.0,156.0,200.0,462.0,4.0,3,8.0,12.0,2.0
1 0 1 0 -1,68.0,172.0,100.0,340.0,2.0,2,12.0,12.0,0.0
1 0 1 0 0,68.0,188.0,0.0,256.0,0.0,2,14.0,12.0,0.0
1 0 1 0 1,68.0,174.0,0.0,242.0,0.0,2,12.0,14.0,0.0
1 0 1 0 2,106.0,188.0,0.0,294.0,0.0,3,12.0,12.0,2.0
1 0 1 2 -1,106.0,156.0,100.0,362.0,2.0,3,8.0,12.0,4.0
1 0 1 2 0,106.0,172.0,0.0,278.0,0.0,3,10.0,12.0,4.0
1 0 1 2 1,106.0,158.0,0.0,264.0,0.0,3,8.0,14.0,4.0
1 0 1 2 2,106.0,172.0,0.0,278.0,0.0,3,8.0,12.0,6.0
1 0 2 -1 -1,106.0,124.0,300.0,530.0,6.0,3,8.0,4.0,8.0
1 0 2 -1 0,106.0,140.0,200.0,446.0,4.0,3,10.0,4.0,8.0
1 0 2 -1 1,106.0,126.0,200.0,432.0,4.0,3,8.0,6.0,8.0
1 0 2 -1 2,106.0,140.0,200.0,446.0,4.0,3,8.0,4.0,10.0
1 0 2 0 -1,106.0,156.0,100.0,362.0,2.0,3,12.0,4.0,8.0
1 0 2 0 0,106.0,172.0,0.0,278.0,0.0,3,14.0,4.0,8.0
1 0 2 0 1,106.0,158.0,0.0,264.0,0.0,3,12.0,6.0,8.0
1 0 2 0 2,106.0,172.0,0.0,278.0,0.0,3,12.0,4.0,10.0
1 0 2 1 -1,106.0,128.0,100.0,334.0,2.0,3,8.0,8.0,8.0
1 0 2 1 0,106.0,144.0,0.0,250.0,0.0,3,10.0,8.0,8.0
1 0 2 1 1,106.0,130.0,0.0,236.0,0.0,3,8.0,10.0,8.0
1 0 2 1 2,106.0,144.0,0.0,250.0,0.0,3,8.0,8.0,10.0
1 0 2 2 -1,106.0,140.0,100.0,346.0,2.0,3,8.0,4.0,12.0
1 0 2 2 0,106.0,156.0,0.0,262.0,0.0,3,10.0,4.0,12.0
1 0 2 2 1,106.0,142.0,0.0,248.0,0.0,3,8.0,6.0,12.0
1 0 2 2 2,106.0,156.0,0.0,262.0,0.0,3,8.0,4.0,14.0
1 1 -1 -1 -1,35.0,76.0,700.0,811.0,14.0,1,0.0,12.0,0.0
1 1 -1 -1 0,68.0,92.0,600.0,760.0,12.0,2,2.0,12.0,0.0
1 1 -1 -1 1,35.0,78.0,600.0,713.0,12.0,1,0.0,14.0,0.0
1 1 -1 -1 2,73.0,92.0,600.0,765.0,12.0,2,0.0,12.0,2.0
1 1 -1 0 -1,68.0,108.0,500.0,676.0,10.0,2,4.0,12.0,0.0
1 1 -1 0 0,68.0,124.0,400.0,592.0,8.0,2,6.0,12.0,0.0
1 1 -1 0 1,68.0,110.0,400.0,578.0,8.0,2,4.0,14.0,0.0
1 1 -1 0 2,106.0,124.0,400.0,630.0,8.0,3,4.0,12.0,2.0
1 1 -1 2 -1,73.0,92.0,500.0,665.0,10.0,2,0.0,12.0,4.0
1 1 -1 2 0,106.0,108.0,400.0,614.0,8.0,3,2.0,12.0,4.0
1 1 -1 2 1,73.0,94.0,400.0,567.0,8.0,2,0.0,14.0,4.0
1 1 -1 2 2,73.0,108.0,400.0,581.0,8.0,2,0.0,12.0,6.0
1 1 0 -1 -1,68.0,140.0,300.0,508.0,6.0,2,8.0,12.0,0.0
1 1 0 -1 0,68.0,156.0,200.0,424.0,4.0,2,10.0,12.0,0.0
1 1 0 -1 1,68.0,142.0,200.0,410.0,4.0,2,8.0,14.0,0.0
1 1 0 -1 2,106.0,156.0,200.0,462.0,4.0,3,8.0,12.0,2.0
1 1 0 0 -1,68.0,172.0,100.0,340.0,2.0,2,12.0,12.0,0.0
1 1 0 0 0,68.0,188.0,0.0,256.0,0.0,2,14.0,12.0,0.0
1 1 0 0 1,68.0,174.0,0.0,242.0,0.0,2,12.0,14.0,0.0
1 1 0 0 2,106.0,188.0,0.0,294.0,0.0,3,12.0,12.0,2.0
1 1 0 2 -1,106.0,156.0,100.0,362.0,2.0,3,8.0,12.0,4.0
1 1 0 2 0,106.0,172.0,0.0,278.0,0.0,3,10.0,12.0,4.0
1 1 0 2 1,106.0,158.0,0.0,264.0,0.0,3,8.0,14.0,4.0
1 1 0 2 2,106.0,172.0,0.0,278.0,0.0,3,8.0,12.0,6.0
1 1 2 -1 -1,73.0,124.0,300.0,497.0,6.0,2,0.0,12.0,8.0
1 1 2 -1 0,106.0,140.0,200.0,446.0,4.0,3,2.0,12.0,8.0
1 1 2 -1 1,73.0,126.0,200.0,399.0,4.0,2,0.0,14.0,8.0
1 1 2 -1 2,73.0,140.0,200.0,413.0,4.0,2,0.0,12.0,10.0
1 1 2 0 -1,106.0,156.0,100.0,362.0,2.0,3,4.0,12.0,8.0
1 1 2 0 0,106.0,172.0,0.0,278.0,0.0,3,6.0,12.0,8.0
1 1 2 0 1,106.0,158.0,0.0,264.0,0.0,3,4.0,14.0,8.0
1 1 2 0 2,106.0,172.0,0.0,278.0,0.0,3,4.0,12.0,10.0
1 1 2 2 -1,73.0,140.0,100.0,313.0,2.0,2,0.0,12.0,12.0
1 1 2 2 0,106.0,156.0,0.0,262.0,0.0,3,2.0,12.0,12.0
1 1 2 2 1,73.0,142.0,0.0,215.0,0.0,2,0.0,14.0,12.0
1 1 2 2 2,73.0,156.0,0.0,229.0,0.0,2,0.0,12.0,14.0
1 2 -1 -1 -1,73.0,60.0,700.0,833.0,14.0,2,0.0,4.0,8.0
1 2 -1 -1 0,106.0,76.0,600.0,782.0,12.0,3,2.0,4.0,8.0
1 2 -1 -1 1,73.0,62.0,600.0,735.0,12.0,2,0.0,6.0,8.0
1 2 -1 -1 2,73.0,76.0,600.0,749.0,12.0,2,0.0,4.0,10.0
1 2 -1 0 -1,106.0,92.0,500.0,698.0,10.0,3,4.0,4.0,8.0
1 2 -1 0 0,106.0,108.0,400.0,614.0,8.0,3,6.0,4.0,8.0
1 2 -1 0 1,106.0,94.0,400.0,600.0,8.0,3,4.0,6.0,8.0
1 2 -1 0 2,106.0,108.0,400.0,614.0,8.0,3,4.0,4.0,10.0
1 2 -1 1 -1,73.0,64.0,500.0,637.0,10.0,2,0.0,8.0,8.0
1 2 -1 1 0,106.0,80.0,400.0,586.0,8.0,3,2.0,8.0,8.0
1 2 -1 1 1,73.0,66.0,400.0,539.0,8.0,2,0.0,10.0,8.0
1 2 -1 1 2,73.0,80.0,400.0,553.0,8.0,2,0.0,8.0,10.0
1 2 -1 2 -1,73.0,76.0,500.0,649.0,10.0,2,0.0,4.0,12.0
1 2 -1 2 0,106.0,92.0,400.0,598.0,8.0,3,2.0,4.0,12.0
1 2 -1 2 1,73.0,78.0,400.0,551.0,8.0,2,0.0,6.0,12.0
1 2 -1 2 2,73.0,92.0,400.0,565.0,8.0,2,0.0,4.0,14.0
1 2 0 -1 -1,106.0,124.0,300.0,530.0,6.0,3,8.0,4.0,8.0
1 2 0 -1 0,106.0,140.0,200.0,446.0,4.0,3,10.0,4.0,8.0
1 2 0 -1 1,106.0,126.0,200.0,432.0,4.0,3,8.0,6.0,8.0
1 2 0 -1 2,106.0,140.0,200.0,446.0,4.0,3,8.0,4.0,10.0
1 2 0 0 -1,106.0,156.0,100.0,362.0,2.0,3,12.0,4.0,8.0
1 2 0 0 0,106.0,172.0,0.0,278.0,0.0,3,14.0,4.0,8.0
1 2 0 0 1,106.0,158.0,0.0,264.0,0.0,3,12.0,6.0,8.0
1 2 0 0 2,106.0,172.0,0.0,278.0,0.0,3,12.0,4.0,10.0
1 2 0 1 -1,106.0,128.0,100.0,334.0,2.0,3,8.0,8.0,8.0
1 2 0 1 0,106.0,144.0,0.0,250.0,0.0,3,10.0,8.0,8.0
1 2 0 1 1,106.0,130.0,0.0,236.0,0.0,3,8.0,10.0,8.0
1 2 0 1 2,106.0,144.0,0.0,250.0,0.0,3,8.0,8.0,10.0
1 2 0 2 -1,106.0,140.0,100.0,346.0,2.0,3,8.0,4.0,12.0
1 2 0 2 0,106.0,156.0,0.0,262.0,0.0,3,10.0,4.0,12.0
1 2 0 2 1,106.0,142.0,0.0,248.0,0.0,3,8.0,6.0,12.0
1 2 0 2 2,106.0,156.0,0.0,262.0,0.0,3,8.0,4.0,14.0
1 2 1 -1 -1,73.0,124.0,300.0,497.0,6.0,2,0.0,12.0,8.0
1 2 1 -1 0,106.0,140.0,200.0,446.0,4.0,3,2.0,12.0,8.0
1 2 1 -1 1,73.0,126.0,200.0,399.0,4.0,2,0.0,14.0,8.0
1 2 1 -1 2,73.0,140.0,200.0,413.0,4.0,2,0.0,12.0,10.0
1 2 1 0 -1,106.0,156.0,100.0,362.0,2.0,3,4.0,12.0,8.0
1 2 1 0 0,106.0,172.0,0.0,278.0,0.0,3,6.0,12.0,8.0
1 2 1 0 1,106.0,158.0,0.0,264.0,0.0,3,4.0,14.0,8.0
1 2 1 0 2,106.0,172.0,0.0,278.0,0.0,3,4.0,12.0,10.0
1 2 1 2 -1,73.0,140.0,100.0,313.0,2.0,2,0.0,12.0,12.0
1 2 1 2 0,106.0,156.0,0.0,262.0,0.0,3,2.0,12.0,12.0
1 2 1 2 1,73.0,142.0,0.0,215.0,0.0,2,0.0,14.0,12.0
1 2 1 2 2,73.0,156.0,0.0,229.0,0.0,2,0.0,12.0,14.0
2 -1 -1 -1 -1,38.0,28.0,1100.0,1166.0,22.0,1,0.0,0.0,4.0
2 -1 -1 -1 0,71.0,44.0,1000.0,1115.0,20.0,2,2.0,0.0,4.0
2 -1 -1 -1 1,73.0,30.0,1000.0,1103.0,20.0,2,0.0,2.0,4.0
2 -1 -1 -1 2,38.0,44.0,1000.0,1082.0,20.0,1,0.0,0.0,6.0
2 -1 -1 0 -1,71.0,60.0,900.0,1031.0,18.0,2,4.0,0.0,4.0
2 -1 -1 0 0,71.0,76.0,800.0,947.0,16.0,2,6.0,0.0,4.0
2 -1 -1 0 1,106.0,62.0,800.0,968.0,16.0,3,4.0,2.0,4.0
2 -1 -1 0 2,71.0,76.0,800.0,947.0,16.0,2,4.0,0.0,6.0
2 -1 -1 1 -1,73.0,32.0,900.0,1005.0,18.0,2,0.0,4.0,4.0
2 -1 -1 1 0,106.0,48.0,800.0,954.0,16.0,3,2.0,4.0,4.0
2 -1 -1 1 1,73.0,34.0,800.0,907.0,16.0,2,0.0,6.0,4.0
2 -1 -1 1 2,73.0,48.0,800.0,921.0,16.0,2,0.0,4.0,6.0
2 -1 -1 2 -1,38.0,44.0,900.0,982.0,18.0,1,0.0,0.0,8.0
2 -1 -1 2 0,71.0,60.0,800.0,931.0,16.0,2,2.0,0.0,8.0
2 -1 -1 2 1,73.0,46.0,800.0,919.0,16.0,2,0.0,2.0,8.0
2 -1 -1 2 2,38.0,60.0,800.0,898.0,16.0,1,0.0,0.0,10.0
2 -1 0 -1 -1,71.0,92.0,700.0,863.0,14.0,2,8.0,0.0,4.0
2 -1 0 -1 0,71.0,108.0,600.0,779.0,12.0,2,10.0,0.0,4.0
2 -1 0 -1 1,106.0,94.0,600.0,800.0,12.0,3,8.0,2.0,4.0
2 -1 0 -1 2,71.0,108.0,600.0,779.0,12.0,2,8.0,0.0,6.0
2 -1 0 0 -1,71.0,124.0,500.0,695.0,10.0,2,12.0,0.0,4.0
2 -1 0 0 0,71.0,140.0,400.0,611.0,8.0,2,14.0,0.0,4.0
2 -1 0 0 1,106.0,126.0,400.0,632.0,8.0,3,12.0,2.0,4.0
2 -1 0 0 2,71.0,140.0,400.0,611.0,8.0,2,12.0,0.0,6.0
2 -1 0 1 -1,106.0,96.0,500.0,702.0,10.0,3,8.0,4.0,4.0
2 -1 0 1 0,106.0,112.0,400.0,618.0,8.0,3,10.0,4.0,4.0
2 -1 0 1 1,106.0,98.0,400.0,604.0,8.0,3,8.0,6.0,4.0
2 -1 0 1 2,106.0,112.0,400.0,618.0,8.0,3,8.0,4.0,6.0
2 -1 0 2 -1,71.0,108.0,500.0,679.0,10.0,2,8.0,0.0,8.0
2 -1 0 2 0,71.0,124.0,400.0,595.0,8.0,2,10.0,0.0,8.0
2 -1 0 2 1,106.0,110.0,400.0,616.0,8.0,3,8.0,2.0,8.0
2 -1 0 2 2,71.0,124.0,400.0,595.0,8.0,2,8.0,0.0,10.0
2 -1 1 -1 -1,73.0,92.0,700.0,865.0,14.0,2,0.0,8.0,4.0
2 -1 1 -1 0,106.0,108.0,600.0,814.0,12.0,3,2.0,8.0,4.0
2 -1 1 -1 1,73.0,94.0,600.0,767.0,12.0,2,0.0,10.0,4.0
2 -1 1 -1 2,73.0,108.0,600.0,781.0,12.0,2,0.0,8.0,6.0
2 -1 1 0 -1,106.0,124.0,500.0,730.0,10.0,3,4.0,8.0,4.0
2 -1 1 0 0,106.0,140.0,400.0,646.0,8.0,3,6.0,8.0,4.0
2 -1 1 0 1,106.0,126.0,400.0,632.0,8.0,3,4.0,10.0,4.0
2 -1 1 0 2,106.0,140.0,400.0,646.0,8.0,3,4.0,8.0,6.0
2 -1 1 1 -1,73.0,96.0,500.0,669.0,10.0,2,0.0,12.0,4.0
2 -1 1 1 0,106.0,112.0,400.0,618.0,8.0,3,2.0,12.0,4.0
2 -1 1 1 1,73.0,98.0,400.0,571.0,8.0,2,0.0,14.0,4.0
2 -1 1 1 2,73.0,112.0,400.0,585.0,8.0,2,0.0,12.0,6.0
2 -1 1 2 -1,73.0,108.0,500.0,681.0,10.0,2,0.0,8.0,8.0
2 -1 1 2 0,106.0,124.0,400.0,630.0,8.0,3,2.0,8.0,8.0
2 -1 1 2 1,73.0,110.0,400.0,583.0,8.0,2,0.0,10.0,8.0
2 -1 1 2 2,73.0,124.0,400.0,597.0,8.0,2,0.0,8.0,10.0
2 -1 2 -1 -1,38.0,76.0,700.0,814.0,14.0,1,0.0,0.0,12.0
2 -1 2 -1 0,71.0,92.0,600.0,763.0,12.0,2,2.0,0.0,12.0
2 -1 2 -1 1,73.0,78.0,600.0,751.0,12.0,2,0.0,2.0,12.0
2 -1 2 -1 2,38.0,92.0,600.0,730.0,12.0,1,0.0,0.0,14.0
2 -1 2 0 -1,71.0,108.0,500.0,679.0,10.0,2,4.0,0.0,12.0
2 -1 2 0 0,71.0,124.0,400.0,595.0,8.0,2,6.0,0.0,12.0
2 -1 2 0 1,106.0,110.0,400.0,616.0,8.0,3,4.0,2.0,12.0
2 -1 2 0 2,71.0,124.0,400.0,595.0,8.0,2,4.0,0.0,14.0
2 -1 2 1 -1,73.0,80.0,500.0,653.0,10.0,2,0.0,4.0,12.0
2 -1 2 1 0,106.0,96.0,400.0,602.0,8.0,3,2.0,4.0,12.0
2 -1 2 1 1,73.0,82.0,400.0,555.0,8.0,2,0.0,6.0,12.0
2 -1 2 1 2,73.0,96.0,400.0,569.0,8.0,2,0.0,4.0,14.0
2 0 -1 -1 -1,71.0,76.0,700.0,847.0,14.0,2,8.0,0.0,4.0
2 0 -1 -1 0,71.0,92.0,600.0,763.0,12.0,2,10.0,0.0,4.0
2 0 -1 -1 1,106.0,78.0,600.0,784.0,12.0,3,8.0,2.0,4.0
2 0 -1 -1 2,71.0,92.0,600.0,763.0,12.0,2,8.0,0.0,6.0
2 0 -1 0 -1,71.0,108.0,500.0,679.0,10.0,2,12.0,0.0,4.0
2 0 -1 0 0,71.0,124.0,400.0,595.0,8.0,2,14.0,0.0,4.0
2 0 -1 0 1,106.0,110.0,400.0,616.0,8.0,3,12.0,2.0,4.0
2 0 -1 0 2,71.0,124.0,400.0,595.0,8.0,2,12.0,0.0,6.0
2 0 -1 1 -1,106.0,80.0,500.0,686.0,10.0,3,8.0,4.0,4.0
2 0 -1 1 0,106.0,96.0,400.0,602.0,8.0,3,10.0,4.0,4.0
2 0 -1 1 1,106.0,82.0,400.0,588.0,8.0,3,8.0,6.0,4.0
2 0 -1 1 2,106.0,96.0,400.0,602.0,8.0,3,8.0,4.0,6.0
2 0 -1 2 -1,71.0,92.0,500.0,663.0,10.0,2,8.0,0.0,8.0
2 0 -1 2 0,71.0,108.0,400.0,579.0,8.0,2,10.0,0.0,8.0
2 0 -1 2 1,106.0,94.0,400.0,600.0,8.0,3,8.0,2.0,8.0
2 0 -1 2 2,71.0,108.0,400.0,579.0,8.0,2,8.0,0.0,10.0
2 0 1 -1 -1,106.0,140.0,300.0,546.0,6.0,3,8.0,8.0,4.0
2 0 1 -1 0,106.0,156.0,200.0,462.0,4.0,3,10.0,8.0,4.0
2 0 1 -1 1,106.0,142.0,200.0,448.0,4.0,3,8.0,10.0,4.0
2 0 1 -1 2,106.0,156.0,200.0,462.0,4.0,3,8.0,8.0,6.0
2 0 1 0 -1,106.0,172.0,100.0,378.0,2.0,3,12.0,8.0,4.0
2 0 1 0 0,106.0,188.0,0.0,294.0,0.0,3,14.0,8.0,4.0
2 0 1 0 1,106.0,174.0,0.0,280.0,0.0,3,12.0,10.0,4.0
2 0 1 0 2,106.0,188.0,0.0,294.0,0.0,3,12.0,8.0,6.0
2 0 1 1 -1,106.0,144.0,100.0,350.0,2.0,3,8.0,12.0,4.0
2 0 1 1 0,106.0,160.0,0.0,266.0,0.0,3,10.0,12.0,4.0
2 0 1 1 1,106.0,146.0,0.0,252.0,0.0,3,8.0,14.0,4.0
2 0 1 1 2,106.0,160.0,0.0,266.0,0.0,3,8.0,12.0,6.0
2 0 1 2 -1,106.0,156.0,100.0,362.0,2.0,3,8.0,8.0,8.0
2 0 1 2 0,106.0,172.0,0.0,278.0,0.0,3,10.0,8.0,8.0
2 0 1 2 1,106.0,158.0,0.0,264.0,0.0,3,8.0,10.0,8.0
2 0 1 2 2,106.0,172.0,0.0,278.0,0.0,3,8.0,8.0,10.0
2 0 2 -1 -1,71.0,124.0,300.0,495.0,6.0,2,8.0,0.0,12.0
2 0 2 -1 0,71.0,140.0,200.0,411.0,4.0,2,10.0,0.0,12.0
2 0 2 -1 1,106.0,126.0,200.0,432.0,4.0,3,8.0,2.0,12.0
2 0 2 -1 2,71.0,140.0,200.0,411.0,4.0,2,8.0,0.0,14.0
2 0 2 0 -1,71.0,156.0,100.0,327.0,2.0,2,12.0,0.0,12.0
2 0 2 0 0,71.0,172.0,0.0,243.0,0.0,2,14.0,0.0,12.0
2 0 2 0 1,106.0,158.0,0.0,264.0,0.0,3,12.0,2.0,12.0
2 0 2 0 2,71.0,172.0,0.0,243.0,0.0,2,12.0,0.0,14.0
2 0 2 1 -1,106.0,128.0,100.0,334.0,2.0,3,8.0,4.0,12.0
2 0 2 1 0,106.0,144.0,0.0,250.0,0.0,3,10.0,4.0,12.0
2 0 2 1 1,106.0,130.0,0.0,236.0,0.0,3,8.0,6.0,12.0
2 0 2 1 2,106.0,144.0,0.0,250.0,0.0,3,8.0,4.0,14.0
2 1 -1 -1 -1,73.0,76.0,700.0,849.0,14.0,2,0.0,8.0,4.0
2 1 -1 -1 0,106.0,92.0,600.0,798.0,12.0,3,2.0,8.0,4.0
2 1 -1 -1 1,73.0,78.0,600.0,751.0,12.0,2,0.0,10.0,4.0
2 1 -1 -1 2,73.0,92.0,600.0,765.0,12.0,2,0.0,8.0,6.0
2 1 -1 0 -1,106.0,108.0,500.0,714.0,10.0,3,4.0,8.0,4.0
2 1 -1 0 0,106.0,124.0,400.0,630.0,8.0,3,6.0,8.0,4.0
2 1 -1 0 1,106.0,110.0,400.0,616.0,8.0,3,4.0,10.0,4.0
2 1 -1 0 2,106.0,124.0,400.0,630.0,8.0,3,4.0,8.0,6.0
2 1 -1 1 -1,73.0,80.0,500.0,653.0,10.0,2,0.0,12.0,4.0
2 1 -1 1 0,106.0,96.0,400.0,602.0,8.0,3,2.0,12.0,4.0
2 1 -1 1 1,73.0,82.0,400.0,555.0,8.0,2,0.0,14.0,4.0
2 1 -1 1 2,73.0,96.0,400.0,569.0,8.0,2,0.0,12.0,6.0
2 1 -1 2 -1,73.0,92.0,500.0,665.0,10.0,2,0.0,8.0,8.0
2 1 -1 2 0,106.0,108.0,400.0,614.0,8.0,3,2.0,8.0,8.0
2 1 -1 2 1,73.0,94.0,400.0,567.0,8.0,2,0.0,10.0,8.0
2 1 -1 2 2,73.0,108.0,400.0,581.0,8.0,2,0.0,8.0,10.0
2 1 0 -1 -1,106.0,140.0,300.0,546.0,6.0,3,8.0,8.0,4.0
2 1 0 -1 0,106.0,156.0,200.0,462.0,4.0,3,10.0,8.0,4.0
2 1 0 -1 1,106.0,142.0,200.0,448.0,4.0,3,8.0,10.0,4.0
2 1 0 -1 2,106.0,156.0,200.0,462.0,4.0,3,8.0,8.0,6.0
2 1 0 0 -1,106.0,172.0,100.0,378.0,2.0,3,12.0,8.0,4.0
2 1 0 0 0,106.0,188.0,0.0,294.0,0.0,3,14.0,8.0,4.0
2 1 0 0 1,106.0,174.0,0.0,280.0,0.0,3,12.0,10.0,4.0
2 1 0 0 2,106.0,188.0,0.0,294.0,0.0,3,12.0,8.0,6.0
2 1 0 1 -1,106.0,144.0,100.0,350.0,2.0,3,8.0,12.0,4.0
2 1 0 1 0,106.0,160.0,0.0,266.0,0.0,3,10.0,12.0,4.0
2 1 0 1 1,106.0,146.0,0.0,252.0,0.0,3,8.0,14.0,4.0
2 1 0 1 2,106.0,160.0,0.0,266.0,0.0,3,8.0,12.0,6.0
2 1 0 2 -1,106.0,156.0,100.0,362.0,2.0,3,8.0,8.0,8.0
2 1 0 2 0,106.0,172.0,0.0,278.0,0.0,3,10.0,8.0,8.0
2 1 0 2 1,106.0,158.0,0.0,264.0,0.0,3,8.0,10.0,8.0
2 1 0 2 2,106.0,172.0,0.0,278.0,0.0,3,8.0,8.0,10.0
2 1 2 -1 -1,73.0,124.0,300.0,497.0,6.0,2,0.0,8.0,12.0
2 1 2 -1 0,106.0,140.0,200.0,446.0,4.0,3,2.0,8.0,12.0
2 1 2 -1 1,73.0,126.0,200.0,399.0,4.0,2,0.0,10.0,12.0
2 1 2 -1 2,73.0,140.0,200.0,413.0,4.0,2,0.0,8.0,14.0
2 1 2 0 -1,106.0,156.0,100.0,362.0,2.0,3,4.0,8.0,12.0
2 1 2 0 0,106.0,172.0,0.0,278.0,0.0,3,6.0,8.0,12.0
2 1 2 0 1,106.0,158.0,0.0,264.0,0.0,3,4.0,10.0,12.0
2 1 2 0 2,106.0,172.0,0.0,278.0,0.0,3,4.0,8.0,14.0
2 1 2 1 -1,73.0,128.0,100.0,301.0,2.0,2,0.0,12.0,12.0
2 1 2 1 0,106.0,144.0,0.0,250.0,0.0,3,2.0,12.0,12.0
2 1 2 1 1,73.0,130.0,0.0,203.0,0.0,2,0.0,14.0,12.0
2 1 2 1 2,73.0,144.0,0.0,217.0,0.0,2,0.0,12.0,14.0
2 2 -1 -1 -1,38.0,60.0,700.0,798.0,14.0,1,0.0,0.0,12.0
2 2 -1 -1 0,71.0,76.0,600.0,747.0,12.0,2,2.0,0.0,12.0
2 2 -1 -1 1,73.0,62.0,600.0,735.0,12.0,2,0.0,2.0,12.0
2 2 -1 -1 2,38.0,76.0,600.0,714.0,12.0,1,0.0,0.0,14.0
2 2 -1 0 -1,71.0,92.0,500.0,663.0,10.0,2,4.0,0.0,12.0
2 2 -1 0 0,71.0,108.0,400.0,579.0,8.0,2,6.0,0.0,12.0
2 2 -1 0 1,106.0,94.0,400.0,600.0,8.0,3,4.0,2.0,12.0
2 2 -1 0 2,71.0,108.0,400.0,579.0,8.0,2,4.0,0.0,14.0
2 2 -1 1 -1,73.0,64.0,500.0,637.0,10.0,2,0.0,4.0,12.0
2 2 -1 1 0,106.0,80.0,400.0,586.0,8.0,3,2.0,4.0,12.0
2 2 -1 1 1,73.0,66.0,400.0,539.0,8.0,2,0.0,6.0,12.0
2 2 -1 1 2,73.0,80.0,400.0,553.0,8.0,2,0.0,4.0,14.0
2 2 0 -1 -1,71.0,124.0,300.0,495.0,6.0,2,8.0,0.0,12.0
2 2 0 -1 0,71.0,140.0,200.0,411.0,4.0,2,10.0,0.0,12.0
2 2 0 -1 1,106.0,126.0,200.0,432.0,4.0,3,8.0,2.0,12.0
2 2 0 -1 2,71.0,140.0,200.0,411.0,4.0,2,8.0,0.0,14.0
2 2 0 0 -1,71.0,156.0,100.0,327.0,2.0,2,12.0,0.0,12.0
2 2 0 0 0,71.0,172.0,0.0,243.0,0.0,2,14.0,0.0,12.0
2 2 0 0 1,106.0,158.0,0.0,264.0,0.0,3,12.0,2.0,12.0
2 2 0 0 2,71.0,172.0,0.0,243.0,0.0,2,12.0,0.0,14.0
2 2 0 1 -1,106.0,128.0,100.0,334.0,2.0,3,8.0,4.0,12.0
2 2 0 1 0,106.0,144.0,0.0,250.0,0.0,3,10.0,4.0,12.0
2 2 0 1 1,106.0,130.0,0.0,236.0,0.0,3,8.0,6.0,12.0
2 2 0 1 2,106.0,144.0,0.0,250.0,0.0,3,8.0,4.0,14.0
2 2 1 -1 -1,73.0,124.0,300.0,497.0,6.0,2,0.0,8.0,12.0
2 2 1 -1 0,106.0,140.0,200.0,446.0,4.0,3,2.0,8.0,12.0
2 2 1 -1 1,73.0,126.0,200.0,399.0,4.0,2,0.0,10.0,12.0
2 2 1 -1 2,73.0,140.0,200.0,413.0,4.0,2,0.0,8.0,14.0
2 2 1 0 -1,106.0,156.0,100.0,362.0,2.0,3,4.0,8.0,12.0
2 2 1 0 0,106.0,172.0,0.0,278.0,0.0,3,6.0,8.0,12.0
2 2 1 0 1,106.0,158.0,0.0,264.0,0.0,3,4.0,10.0,12.0
2 2 1 0 2,106.0,172.0,0.0,278.0,0.0,3,4.0,8.0,14.0
2 2 1 1 -1,73.0,128.0,100.0,301.0,2.0,2,0.0,12.0,12.0
2 2 1 1 0,106.0,144.0,0.0,250.0,0.0,3,2.0,12.0,12.0
2 2 1 1 1,73.0,130.0,0.0,203.0,0.0,2,0.0,14.0,12.0
2 2 1 1 2,73.0,144.0,0.0,217.0,0.0,2,0.0,12.0,14.0
