id,custo,fixo,frete,penalidade,servico_pct,centros,tempo_s,status,bound_solver,orcamento_s,demanda,capacidade,gap_solver_pct,escala_demanda,escala_capacidade
grid_0.6_0.6,565779.1603690976,26000.0,539779.1603690976,0.0,100.0,13,2.9477401000040118,VIAVEL_LIMITE_TEMPO,535806.2286538389,3.0,15968.999999999998,23959.200000000004,5.297637985765558,0.6,0.6
grid_0.6_0.8,509560.1006189851,22000.0,487560.1006189851,0.0,100.0,11,2.9603126000001794,VIAVEL_LIMITE_TEMPO,509346.90666677244,3.0,15968.999999999998,31945.6,0.04183882371356351,0.6,0.8
sens_demand_0.6,506460.088208787,20000.0,486460.088208787,0.0,100.0,10,2.6009973000036553,VIAVEL_LIMITE_TEMPO,505484.0466333311,3.0,15968.999999999998,39932.0,0.19271835988259567,0.6,1.0
grid_0.6_1.2,503357.1075401034,18000.0,485357.1075401034,0.0,100.0,9,2.786251199999242,OTIMO,503308.0381009821,3.0,15968.999999999998,47918.40000000001,0.009748434736740004,0.6,1.2
grid_0.6_1.4,500627.578240669,16000.0,484627.578240669,0.0,100.0,8,0.15928040001017507,OTIMO,500616.64303011075,3.0,15968.999999999998,55904.8,0.0021843004727517515,0.6,1.4
grid_0.8_0.6,887389.471321767,30000.0,857389.471321767,0.0,100.0,15,2.9810012000089046,VIAVEL_LIMITE_TEMPO,858421.6281694137,3.0,21292.000000000004,23959.200000000004,3.2643888719127685,0.8,0.6
grid_0.8_0.8,714215.5493691405,28000.0,686215.5493691405,0.0,100.0,14,2.9624258000112604,VIAVEL_LIMITE_TEMPO,706173.1552244872,3.0,21292.000000000004,31945.6,1.1260457927242147,0.8,0.8
sens_demand_0.8,673276.3443165297,22000.0,651276.3443165297,0.0,100.0,11,1.3116196999908425,OTIMO,673213.8673054315,3.0,21292.000000000004,39932.0,0.009279549419131922,0.8,1.0
grid_0.8_1.2,669860.3215991784,20000.0,649860.3215991784,0.0,100.0,10,2.9572425999940606,VIAVEL_LIMITE_TEMPO,669489.7586424351,3.0,21292.000000000004,47918.40000000001,0.05531943672355979,0.8,1.2
grid_0.8_1.4,668042.3087337821,18000.0,650042.3087337821,0.0,100.0,9,2.9536770999984583,VIAVEL_LIMITE_TEMPO,667431.2914913148,3.0,21292.000000000004,55904.8,0.09146385408216312,0.8,1.4
sens_capacity_0.6,4053701.6572250635,30000.0,918571.7653850635,3105129.89184,87.40935562652639,15,2.950806399996509,VIAVEL_LIMITE_TEMPO,3386170.65122056,3.0,26615.0,23959.200000000004,16.467196218417754,1.0,0.6
sens_capacity_0.8,1040959.0862882817,30000.0,1010959.0862882817,0.0,100.0,15,2.9302616999921156,VIAVEL_LIMITE_TEMPO,1015866.2783981413,3.0,26615.0,31945.6,2.410546986972674,1.0,0.8
sens_demand_1.0,949165.3934581394,30000.0,919165.3934581394,0.0,100.0,15,2.6282444999960717,VIAVEL_LIMITE_TEMPO,875875.5670006238,3.0,26615.0,39932.0,7.721502170501106,1.0,1.0
sens_capacity_1.2,842378.3383855274,22000.0,820378.3383855274,0.0,100.0,11,2.915906400012318,VIAVEL_LIMITE_TEMPO,840816.1405194364,3.0,26615.0,47918.40000000001,0.18545085918103923,1.0,1.2
sens_capacity_1.4,833252.9915717858,22000.0,811252.9915717858,0.0,100.0,11,2.0910411999939242,OTIMO,833180.3636245169,3.0,26615.0,55904.8,0.008716194001523025,1.0,1.4
grid_1.2_0.6,8893221.849392103,30000.0,744850.0175841025,8118371.831808001,72.56810069509673,15,2.954382899988559,VIAVEL_LIMITE_TEMPO,8157771.9772535,3.0,31937.999999999996,23959.200000000004,8.269779890725141,1.2,0.6
grid_1.2_0.8,2551912.1179003455,30000.0,1264292.8134523456,1257619.304448,95.7505166259628,15,2.9509567999921273,VIAVEL_LIMITE_TEMPO,1403703.2920851745,3.0,31937.999999999996,31945.6,44.99405828911894,1.2,0.8
sens_demand_1.2,1263922.4380397864,30000.0,1233922.4380397864,0.0,100.0,15,2.953848899996956,VIAVEL_LIMITE_TEMPO,1181298.7143556736,3.0,31937.999999999996,39932.0,6.537088131155711,1.2,1.0
grid_1.2_1.2,1111667.3226799818,28000.0,1083667.3226799818,0.0,100.0,14,2.923835000008694,VIAVEL_LIMITE_TEMPO,1044693.9704356417,3.0,31937.999999999996,47918.40000000001,6.024585852076888,1.2,1.2
grid_1.2_1.4,1008990.1343316558,22000.0,986990.1343316558,0.0,100.0,11,2.972547099998337,VIAVEL_LIMITE_TEMPO,1008084.1823367327,3.0,31937.999999999996,55904.8,0.08978799337053506,1.2,1.4
grid_1.4_0.6,13214147.492650354,30000.0,703026.4645543551,12481121.028096,63.851211722712755,15,2.966994699992938,VIAVEL_LIMITE_TEMPO,13151203.910497248,3.0,37260.99999999999,23959.200000000004,0.4763347933577632,1.4,0.6
grid_1.4_0.8,7038583.370154083,30000.0,1081315.7288100836,5927267.641344,82.8329889160248,15,2.9464569999981904,VIAVEL_LIMITE_TEMPO,6090971.2241138555,3.0,37260.99999999999,31945.6,13.463108926981182,1.4,0.8
sens_demand_1.4,2039356.6641263294,30000.0,1525471.6060783295,483885.0580479999,98.5985346609055,15,2.962179100009962,VIAVEL_LIMITE_TEMPO,1526838.1613845304,3.0,37260.99999999999,39932.0,25.131381467369,1.4,1.0
grid_1.4_1.2,1407883.424192566,30000.0,1377883.424192566,0.0,100.0,15,2.955537200003164,VIAVEL_LIMITE_TEMPO,1340267.3681936786,3.0,37260.99999999999,47918.40000000001,4.802674343414891,1.4,1.2
grid_1.4_1.4,1305832.7530676504,28000.0,1277832.7530676504,0.0,100.0,14,2.9441428999998607,VIAVEL_LIMITE_TEMPO,1214795.748585552,3.0,37260.99999999999,55904.8,6.971566938280196,1.4,1.4
