arquivo,hash_confere,url,status_http,verificavel
data\bronze\aluguel\galpaodasmaquinas_fev2026.provenance.json,True,https://galpaodasmaquinas.com.br/noticias/preco-aluguel-galpao-industrial-fevereiro-2026/,200.0,True
data\bronze\antt\res_00006076.provenance.json,True,https://anttlegis.antt.gov.br/action/ActionDatalegis.php?acao=abrirTextoAto&tipo=RES&numeroAto=00006076&seqAto=000&valorAno=2026&orgao=DG/ANTT/MT&cod_modulo=623&cod_menu=9230,200.0,True
data\bronze\antt\res_00006084.provenance.json,True,https://anttlegis.antt.gov.br/action/ActionDatalegis.php?acao=abrirTextoAto&tipo=RES&numeroAto=00006084&seqAto=000&valorAno=2026&orgao=DG/ANTT/MT&cod_modulo=623&cod_menu=9230,200.0,True
data\bronze\geo\ibge_uf_malha.provenance.json,,https://servicodados.ibge.gov.br/api/v3/malhas/paises/BR?formato=application/vnd.geo+json&qualidade=minima&intrarregiao=UF,200.0,False
data\bronze\ibge\idade_2022_0.provenance.json,,"https://apisidra.ibge.gov.br/values/t/9514/n6/all/v/93/p/2022/c2/6794/c287/93070,93084,93085,93086,93087,93088,93089,93090/c286/113635?formato=json",,False
data\bronze\ibge\idade_2022_1.provenance.json,,"https://apisidra.ibge.gov.br/values/t/9514/n6/all/v/93/p/2022/c2/6794/c287/93091,93092,93093,93094,93095,93096,93097,93098/c286/113635?formato=json",,False
data\bronze\ibge\idade_2022_2.provenance.json,,"https://apisidra.ibge.gov.br/values/t/9514/n6/all/v/93/p/2022/c2/6794/c287/49108,49109,60040,60041,6653/c286/113635?formato=json",,False
data\bronze\ibge\ipea_ADH_GINI.provenance.json,,http://www.ipeadata.gov.br/api/odata4/ValoresSerie(SERCODIGO=%27ADH_GINI%27)?$filter=NIVNOME%20eq%20'Munic%C3%ADpios',,False
data\bronze\ibge\ipea_ADH_IDHM.provenance.json,,http://www.ipeadata.gov.br/api/odata4/ValoresSerie(SERCODIGO=%27ADH_IDHM%27)?$filter=NIVNOME%20eq%20'Munic%C3%ADpios',,False
data\bronze\ibge\ipea_ADH_IDHM_E.provenance.json,,http://www.ipeadata.gov.br/api/odata4/ValoresSerie(SERCODIGO=%27ADH_IDHM_E%27)?$filter=NIVNOME%20eq%20'Munic%C3%ADpios',,False
data\bronze\ibge\ipea_ADH_IDHM_L.provenance.json,,http://www.ipeadata.gov.br/api/odata4/ValoresSerie(SERCODIGO=%27ADH_IDHM_L%27)?$filter=NIVNOME%20eq%20'Munic%C3%ADpios',,False
data\bronze\ibge\ipea_ADH_IDHM_R.provenance.json,,http://www.ipeadata.gov.br/api/odata4/ValoresSerie(SERCODIGO=%27ADH_IDHM_R%27)?$filter=NIVNOME%20eq%20'Munic%C3%ADpios',,False
data\bronze\ibge\ipea_ADH_RDPC.provenance.json,,http://www.ipeadata.gov.br/api/odata4/ValoresSerie(SERCODIGO=%27ADH_RDPC%27)?$filter=NIVNOME%20eq%20'Munic%C3%ADpios',,False
data\bronze\ibge\localidades_municipios.provenance.json,,https://servicodados.ibge.gov.br/api/v1/localidades/municipios?view=nivelado,,False
data\bronze\ibge\malha_11.provenance.json,,https://servicodados.ibge.gov.br/api/v3/malhas/estados/11?formato=application/vnd.geo%2Bjson&qualidade=minima&intrarregiao=municipio,,False
data\bronze\ibge\malha_12.provenance.json,,https://servicodados.ibge.gov.br/api/v3/malhas/estados/12?formato=application/vnd.geo%2Bjson&qualidade=minima&intrarregiao=municipio,,False
data\bronze\ibge\malha_13.provenance.json,,https://servicodados.ibge.gov.br/api/v3/malhas/estados/13?formato=application/vnd.geo%2Bjson&qualidade=minima&intrarregiao=municipio,,False
data\bronze\ibge\malha_14.provenance.json,,https://servicodados.ibge.gov.br/api/v3/malhas/estados/14?formato=application/vnd.geo%2Bjson&qualidade=minima&intrarregiao=municipio,,False
data\bronze\ibge\malha_15.provenance.json,,https://servicodados.ibge.gov.br/api/v3/malhas/estados/15?formato=application/vnd.geo%2Bjson&qualidade=minima&intrarregiao=municipio,,False
data\bronze\ibge\malha_16.provenance.json,,https://servicodados.ibge.gov.br/api/v3/malhas/estados/16?formato=application/vnd.geo%2Bjson&qualidade=minima&intrarregiao=municipio,,False
data\bronze\ibge\malha_17.provenance.json,,https://servicodados.ibge.gov.br/api/v3/malhas/estados/17?formato=application/vnd.geo%2Bjson&qualidade=minima&intrarregiao=municipio,,False
data\bronze\ibge\malha_21.provenance.json,,https://servicodados.ibge.gov.br/api/v3/malhas/estados/21?formato=application/vnd.geo%2Bjson&qualidade=minima&intrarregiao=municipio,,False
data\bronze\ibge\malha_22.provenance.json,,https://servicodados.ibge.gov.br/api/v3/malhas/estados/22?formato=application/vnd.geo%2Bjson&qualidade=minima&intrarregiao=municipio,,False
data\bronze\ibge\malha_23.provenance.json,,https://servicodados.ibge.gov.br/api/v3/malhas/estados/23?formato=application/vnd.geo%2Bjson&qualidade=minima&intrarregiao=municipio,,False
data\bronze\ibge\malha_24.provenance.json,,https://servicodados.ibge.gov.br/api/v3/malhas/estados/24?formato=application/vnd.geo%2Bjson&qualidade=minima&intrarregiao=municipio,,False
data\bronze\ibge\malha_25.provenance.json,,https://servicodados.ibge.gov.br/api/v3/malhas/estados/25?formato=application/vnd.geo%2Bjson&qualidade=minima&intrarregiao=municipio,,False
data\bronze\ibge\malha_26.provenance.json,,https://servicodados.ibge.gov.br/api/v3/malhas/estados/26?formato=application/vnd.geo%2Bjson&qualidade=minima&intrarregiao=municipio,,False
data\bronze\ibge\malha_27.provenance.json,,https://servicodados.ibge.gov.br/api/v3/malhas/estados/27?formato=application/vnd.geo%2Bjson&qualidade=minima&intrarregiao=municipio,,False
data\bronze\ibge\malha_28.provenance.json,,https://servicodados.ibge.gov.br/api/v3/malhas/estados/28?formato=application/vnd.geo%2Bjson&qualidade=minima&intrarregiao=municipio,,False
data\bronze\ibge\malha_29.provenance.json,,https://servicodados.ibge.gov.br/api/v3/malhas/estados/29?formato=application/vnd.geo%2Bjson&qualidade=minima&intrarregiao=municipio,,False
data\bronze\ibge\malha_31.provenance.json,,https://servicodados.ibge.gov.br/api/v3/malhas/estados/31?formato=application/vnd.geo%2Bjson&qualidade=minima&intrarregiao=municipio,,False
data\bronze\ibge\malha_32.provenance.json,,https://servicodados.ibge.gov.br/api/v3/malhas/estados/32?formato=application/vnd.geo%2Bjson&qualidade=minima&intrarregiao=municipio,,False
data\bronze\ibge\malha_33.provenance.json,,https://servicodados.ibge.gov.br/api/v3/malhas/estados/33?formato=application/vnd.geo%2Bjson&qualidade=minima&intrarregiao=municipio,,False
data\bronze\ibge\malha_35.provenance.json,,https://servicodados.ibge.gov.br/api/v3/malhas/estados/35?formato=application/vnd.geo%2Bjson&qualidade=minima&intrarregiao=municipio,,False
data\bronze\ibge\malha_41.provenance.json,,https://servicodados.ibge.gov.br/api/v3/malhas/estados/41?formato=application/vnd.geo%2Bjson&qualidade=minima&intrarregiao=municipio,,False
data\bronze\ibge\malha_42.provenance.json,,https://servicodados.ibge.gov.br/api/v3/malhas/estados/42?formato=application/vnd.geo%2Bjson&qualidade=minima&intrarregiao=municipio,,False
data\bronze\ibge\malha_43.provenance.json,,https://servicodados.ibge.gov.br/api/v3/malhas/estados/43?formato=application/vnd.geo%2Bjson&qualidade=minima&intrarregiao=municipio,,False
data\bronze\ibge\malha_50.provenance.json,,https://servicodados.ibge.gov.br/api/v3/malhas/estados/50?formato=application/vnd.geo%2Bjson&qualidade=minima&intrarregiao=municipio,,False
data\bronze\ibge\malha_51.provenance.json,,https://servicodados.ibge.gov.br/api/v3/malhas/estados/51?formato=application/vnd.geo%2Bjson&qualidade=minima&intrarregiao=municipio,,False
data\bronze\ibge\malha_52.provenance.json,,https://servicodados.ibge.gov.br/api/v3/malhas/estados/52?formato=application/vnd.geo%2Bjson&qualidade=minima&intrarregiao=municipio,,False
data\bronze\ibge\malha_53.provenance.json,,https://servicodados.ibge.gov.br/api/v3/malhas/estados/53?formato=application/vnd.geo%2Bjson&qualidade=minima&intrarregiao=municipio,,False
data\bronze\ibge\pib_2010.provenance.json,,https://apisidra.ibge.gov.br/values/t/5938/n6/all/v/37/p/2010?formato=json,,False
data\bronze\ibge\pib_2011.provenance.json,,https://apisidra.ibge.gov.br/values/t/5938/n6/all/v/37/p/2011?formato=json,,False
data\bronze\ibge\pib_2012.provenance.json,,https://apisidra.ibge.gov.br/values/t/5938/n6/all/v/37/p/2012?formato=json,,False
data\bronze\ibge\pib_2013.provenance.json,,https://apisidra.ibge.gov.br/values/t/5938/n6/all/v/37/p/2013?formato=json,,False
data\bronze\ibge\pib_2014.provenance.json,,https://apisidra.ibge.gov.br/values/t/5938/n6/all/v/37/p/2014?formato=json,,False
data\bronze\ibge\pib_2015.provenance.json,,https://apisidra.ibge.gov.br/values/t/5938/n6/all/v/37/p/2015?formato=json,,False
data\bronze\ibge\pib_2016.provenance.json,,https://apisidra.ibge.gov.br/values/t/5938/n6/all/v/37/p/2016?formato=json,,False
data\bronze\ibge\pib_2017.provenance.json,,https://apisidra.ibge.gov.br/values/t/5938/n6/all/v/37/p/2017?formato=json,,False
data\bronze\ibge\pib_2018.provenance.json,,https://apisidra.ibge.gov.br/values/t/5938/n6/all/v/37/p/2018?formato=json,,False
data\bronze\ibge\pib_2019.provenance.json,,https://apisidra.ibge.gov.br/values/t/5938/n6/all/v/37/p/2019?formato=json,,False
data\bronze\ibge\pib_2020.provenance.json,,https://apisidra.ibge.gov.br/values/t/5938/n6/all/v/37/p/2020?formato=json,,False
data\bronze\ibge\pib_2021.provenance.json,,https://apisidra.ibge.gov.br/values/t/5938/n6/all/v/37/p/2021?formato=json,,False
data\bronze\ibge\pop_2000.provenance.json,,https://apisidra.ibge.gov.br/values/t/202/n6/all/v/93/p/2000/c1/0/c2/0?formato=json,,False
data\bronze\ibge\pop_2010.provenance.json,,https://apisidra.ibge.gov.br/values/t/202/n6/all/v/93/p/2010/c1/0/c2/0?formato=json,,False
data\bronze\ibge\pop_2022.provenance.json,,https://apisidra.ibge.gov.br/values/t/4709/n6/all/v/93/p/2022?formato=json,,False
data\bronze\ibge\pop_estim_2001.provenance.json,,https://apisidra.ibge.gov.br/values/t/6579/n6/all/v/9324/p/2001?formato=json,,False
data\bronze\ibge\pop_estim_2002.provenance.json,,https://apisidra.ibge.gov.br/values/t/6579/n6/all/v/9324/p/2002?formato=json,,False
data\bronze\ibge\pop_estim_2003.provenance.json,,https://apisidra.ibge.gov.br/values/t/6579/n6/all/v/9324/p/2003?formato=json,,False
data\bronze\ibge\pop_estim_2004.provenance.json,,https://apisidra.ibge.gov.br/values/t/6579/n6/all/v/9324/p/2004?formato=json,,False
data\bronze\ibge\pop_estim_2005.provenance.json,,https://apisidra.ibge.gov.br/values/t/6579/n6/all/v/9324/p/2005?formato=json,,False
data\bronze\ibge\pop_estim_2006.provenance.json,,https://apisidra.ibge.gov.br/values/t/6579/n6/all/v/9324/p/2006?formato=json,,False
data\bronze\ibge\pop_estim_2007.provenance.json,,https://apisidra.ibge.gov.br/values/t/6579/n6/all/v/9324/p/2007?formato=json,,False
data\bronze\ibge\pop_estim_2008.provenance.json,,https://apisidra.ibge.gov.br/values/t/6579/n6/all/v/9324/p/2008?formato=json,,False
data\bronze\ibge\pop_estim_2009.provenance.json,,https://apisidra.ibge.gov.br/values/t/6579/n6/all/v/9324/p/2009?formato=json,,False
data\bronze\ibge\pop_estim_2010.provenance.json,,https://apisidra.ibge.gov.br/values/t/6579/n6/all/v/9324/p/2010?formato=json,,False
data\bronze\ibge\pop_estim_2011.provenance.json,,https://apisidra.ibge.gov.br/values/t/6579/n6/all/v/9324/p/2011?formato=json,,False
data\bronze\ibge\pop_estim_2012.provenance.json,,https://apisidra.ibge.gov.br/values/t/6579/n6/all/v/9324/p/2012?formato=json,,False
data\bronze\ibge\pop_estim_2013.provenance.json,,https://apisidra.ibge.gov.br/values/t/6579/n6/all/v/9324/p/2013?formato=json,,False
data\bronze\ibge\pop_estim_2014.provenance.json,,https://apisidra.ibge.gov.br/values/t/6579/n6/all/v/9324/p/2014?formato=json,,False
data\bronze\ibge\pop_estim_2015.provenance.json,,https://apisidra.ibge.gov.br/values/t/6579/n6/all/v/9324/p/2015?formato=json,,False
data\bronze\ibge\pop_estim_2016.provenance.json,,https://apisidra.ibge.gov.br/values/t/6579/n6/all/v/9324/p/2016?formato=json,,False
data\bronze\ibge\pop_estim_2017.provenance.json,,https://apisidra.ibge.gov.br/values/t/6579/n6/all/v/9324/p/2017?formato=json,,False
data\bronze\ibge\pop_estim_2018.provenance.json,,https://apisidra.ibge.gov.br/values/t/6579/n6/all/v/9324/p/2018?formato=json,,False
data\bronze\ibge\pop_estim_2019.provenance.json,,https://apisidra.ibge.gov.br/values/t/6579/n6/all/v/9324/p/2019?formato=json,,False
data\bronze\ibge\pop_estim_2020.provenance.json,,https://apisidra.ibge.gov.br/values/t/6579/n6/all/v/9324/p/2020?formato=json,,False
data\bronze\ibge\pop_estim_2021.provenance.json,,https://apisidra.ibge.gov.br/values/t/6579/n6/all/v/9324/p/2021?formato=json,,False
data\bronze\ibge\pop_estim_2022.provenance.json,,https://apisidra.ibge.gov.br/values/t/6579/n6/all/v/9324/p/2022?formato=json,,False
data\bronze\ibge\pop_estim_2023.provenance.json,,https://apisidra.ibge.gov.br/values/t/6579/n6/all/v/9324/p/2023?formato=json,,False
data\bronze\ibge\pop_estim_2024.provenance.json,,https://apisidra.ibge.gov.br/values/t/6579/n6/all/v/9324/p/2024?formato=json,,False
data\bronze\ibge\pop_estim_2025.provenance.json,,https://apisidra.ibge.gov.br/values/t/6579/n6/all/v/9324/p/2025?formato=json,,False
data\bronze\ibge\pop_estim_2026.provenance.json,,https://apisidra.ibge.gov.br/values/t/6579/n6/all/v/9324/p/2026?formato=json,,False
data\bronze\orlib\cap41.provenance.json,True,https://people.brunel.ac.uk/~mastjjb/jeb/orlib/files/cap41.txt,200.0,True
data\bronze\orlib\cap42.provenance.json,True,https://people.brunel.ac.uk/~mastjjb/jeb/orlib/files/cap42.txt,200.0,True
data\bronze\orlib\cap43.provenance.json,True,https://people.brunel.ac.uk/~mastjjb/jeb/orlib/files/cap43.txt,200.0,True
data\bronze\orlib\cap44.provenance.json,True,https://people.brunel.ac.uk/~mastjjb/jeb/orlib/files/cap44.txt,200.0,True
data\bronze\orlib\cap51.provenance.json,True,https://people.brunel.ac.uk/~mastjjb/jeb/orlib/files/cap51.txt,200.0,True
data\bronze\orlib\cap61.provenance.json,True,https://people.brunel.ac.uk/~mastjjb/jeb/orlib/files/cap61.txt,200.0,True
data\bronze\orlib\cap71.provenance.json,True,https://people.brunel.ac.uk/~mastjjb/jeb/orlib/files/cap71.txt,200.0,True
data\bronze\orlib\capopt.provenance.json,True,https://people.brunel.ac.uk/~mastjjb/jeb/orlib/files/capopt.txt,200.0,True
data\bronze\osm\osm_osm_galpao_1302603.provenance.json,,https://overpass-api.de/api/interpreter?data=%5Bout%3Ajson%5D%5Btimeout%3A90%5D%3Brel%5B%22IBGE%3AGEOCODIGO%22%3D%221302603%22%5D%3Bmap_to_area-%3E.a%3Bway%28area.a%29%5B%22building%22%3D%22warehouse%22%5D%3Bout%20count%3B,,False
data\bronze\osm\osm_osm_galpao_1501402.provenance.json,,https://overpass-api.de/api/interpreter?data=%5Bout%3Ajson%5D%5Btimeout%3A90%5D%3Brel%5B%22IBGE%3AGEOCODIGO%22%3D%221501402%22%5D%3Bmap_to_area-%3E.a%3Bway%28area.a%29%5B%22building%22%3D%22warehouse%22%5D%3Bout%20count%3B,,False
data\bronze\osm\osm_osm_galpao_2111300.provenance.json,,https://overpass-api.de/api/interpreter?data=%5Bout%3Ajson%5D%5Btimeout%3A90%5D%3Brel%5B%22IBGE%3AGEOCODIGO%22%3D%222111300%22%5D%3Bmap_to_area-%3E.a%3Bway%28area.a%29%5B%22building%22%3D%22warehouse%22%5D%3Bout%20count%3B,,False
data\bronze\osm\osm_osm_galpao_2211001.provenance.json,,https://overpass-api.de/api/interpreter?data=%5Bout%3Ajson%5D%5Btimeout%3A90%5D%3Brel%5B%22IBGE%3AGEOCODIGO%22%3D%222211001%22%5D%3Bmap_to_area-%3E.a%3Bway%28area.a%29%5B%22building%22%3D%22warehouse%22%5D%3Bout%20count%3B,,False
data\bronze\osm\osm_osm_galpao_2304400.provenance.json,,https://overpass-api.de/api/interpreter?data=%5Bout%3Ajson%5D%5Btimeout%3A90%5D%3Brel%5B%22IBGE%3AGEOCODIGO%22%3D%222304400%22%5D%3Bmap_to_area-%3E.a%3Bway%28area.a%29%5B%22building%22%3D%22warehouse%22%5D%3Bout%20count%3B,,False
data\bronze\osm\osm_osm_galpao_2408102.provenance.json,,https://overpass-api.de/api/interpreter?data=%5Bout%3Ajson%5D%5Btimeout%3A90%5D%3Brel%5B%22IBGE%3AGEOCODIGO%22%3D%222408102%22%5D%3Bmap_to_area-%3E.a%3Bway%28area.a%29%5B%22building%22%3D%22warehouse%22%5D%3Bout%20count%3B,,False
data\bronze\osm\osm_osm_galpao_2507507.provenance.json,,https://overpass-api.de/api/interpreter?data=%5Bout%3Ajson%5D%5Btimeout%3A90%5D%3Brel%5B%22IBGE%3AGEOCODIGO%22%3D%222507507%22%5D%3Bmap_to_area-%3E.a%3Bway%28area.a%29%5B%22building%22%3D%22warehouse%22%5D%3Bout%20count%3B,,False
data\bronze\osm\osm_osm_galpao_2607901.provenance.json,,https://overpass-api.de/api/interpreter?data=%5Bout%3Ajson%5D%5Btimeout%3A90%5D%3Brel%5B%22IBGE%3AGEOCODIGO%22%3D%222607901%22%5D%3Bmap_to_area-%3E.a%3Bway%28area.a%29%5B%22building%22%3D%22warehouse%22%5D%3Bout%20count%3B,,False
data\bronze\osm\osm_osm_galpao_2611606.provenance.json,,https://overpass-api.de/api/interpreter?data=%5Bout%3Ajson%5D%5Btimeout%3A90%5D%3Brel%5B%22IBGE%3AGEOCODIGO%22%3D%222611606%22%5D%3Bmap_to_area-%3E.a%3Bway%28area.a%29%5B%22building%22%3D%22warehouse%22%5D%3Bout%20count%3B,,False
data\bronze\osm\osm_osm_galpao_2704302.provenance.json,,https://overpass-api.de/api/interpreter?data=%5Bout%3Ajson%5D%5Btimeout%3A90%5D%3Brel%5B%22IBGE%3AGEOCODIGO%22%3D%222704302%22%5D%3Bmap_to_area-%3E.a%3Bway%28area.a%29%5B%22building%22%3D%22warehouse%22%5D%3Bout%20count%3B,,False
data\bronze\osm\osm_osm_galpao_2800308.provenance.json,,https://overpass-api.de/api/interpreter?data=%5Bout%3Ajson%5D%5Btimeout%3A90%5D%3Brel%5B%22IBGE%3AGEOCODIGO%22%3D%222800308%22%5D%3Bmap_to_area-%3E.a%3Bway%28area.a%29%5B%22building%22%3D%22warehouse%22%5D%3Bout%20count%3B,,False
data\bronze\osm\osm_osm_galpao_2910800.provenance.json,,https://overpass-api.de/api/interpreter?data=%5Bout%3Ajson%5D%5Btimeout%3A90%5D%3Brel%5B%22IBGE%3AGEOCODIGO%22%3D%222910800%22%5D%3Bmap_to_area-%3E.a%3Bway%28area.a%29%5B%22building%22%3D%22warehouse%22%5D%3Bout%20count%3B,,False
data\bronze\osm\osm_osm_galpao_2927408.provenance.json,,https://overpass-api.de/api/interpreter?data=%5Bout%3Ajson%5D%5Btimeout%3A90%5D%3Brel%5B%22IBGE%3AGEOCODIGO%22%3D%222927408%22%5D%3Bmap_to_area-%3E.a%3Bway%28area.a%29%5B%22building%22%3D%22warehouse%22%5D%3Bout%20count%3B,,False
data\bronze\osm\osm_osm_galpao_3106200.provenance.json,,https://overpass-api.de/api/interpreter?data=%5Bout%3Ajson%5D%5Btimeout%3A90%5D%3Brel%5B%22IBGE%3AGEOCODIGO%22%3D%223106200%22%5D%3Bmap_to_area-%3E.a%3Bway%28area.a%29%5B%22building%22%3D%22warehouse%22%5D%3Bout%20count%3B,,False
data\bronze\osm\osm_osm_galpao_3106705.provenance.json,,https://overpass-api.de/api/interpreter?data=%5Bout%3Ajson%5D%5Btimeout%3A90%5D%3Brel%5B%22IBGE%3AGEOCODIGO%22%3D%223106705%22%5D%3Bmap_to_area-%3E.a%3Bway%28area.a%29%5B%22building%22%3D%22warehouse%22%5D%3Bout%20count%3B,,False
data\bronze\osm\osm_osm_galpao_3118601.provenance.json,,https://overpass-api.de/api/interpreter?data=%5Bout%3Ajson%5D%5Btimeout%3A90%5D%3Brel%5B%22IBGE%3AGEOCODIGO%22%3D%223118601%22%5D%3Bmap_to_area-%3E.a%3Bway%28area.a%29%5B%22building%22%3D%22warehouse%22%5D%3Bout%20count%3B,,False
data\bronze\osm\osm_osm_galpao_3122306.provenance.json,,https://overpass-api.de/api/interpreter?data=%5Bout%3Ajson%5D%5Btimeout%3A90%5D%3Brel%5B%22IBGE%3AGEOCODIGO%22%3D%223122306%22%5D%3Bmap_to_area-%3E.a%3Bway%28area.a%29%5B%22building%22%3D%22warehouse%22%5D%3Bout%20count%3B,,False
data\bronze\osm\osm_osm_galpao_3127701.provenance.json,,https://overpass-api.de/api/interpreter?data=%5Bout%3Ajson%5D%5Btimeout%3A90%5D%3Brel%5B%22IBGE%3AGEOCODIGO%22%3D%223127701%22%5D%3Bmap_to_area-%3E.a%3Bway%28area.a%29%5B%22building%22%3D%22warehouse%22%5D%3Bout%20count%3B,,False
data\bronze\osm\osm_osm_galpao_3143302.provenance.json,,https://overpass-api.de/api/interpreter?data=%5Bout%3Ajson%5D%5Btimeout%3A90%5D%3Brel%5B%22IBGE%3AGEOCODIGO%22%3D%223143302%22%5D%3Bmap_to_area-%3E.a%3Bway%28area.a%29%5B%22building%22%3D%22warehouse%22%5D%3Bout%20count%3B,,False
data\bronze\osm\osm_osm_galpao_3144805.provenance.json,,https://overpass-api.de/api/interpreter?data=%5Bout%3Ajson%5D%5Btimeout%3A90%5D%3Brel%5B%22IBGE%3AGEOCODIGO%22%3D%223144805%22%5D%3Bmap_to_area-%3E.a%3Bway%28area.a%29%5B%22building%22%3D%22warehouse%22%5D%3Bout%20count%3B,,False
data\bronze\osm\osm_osm_galpao_3151800.provenance.json,,https://overpass-api.de/api/interpreter?data=%5Bout%3Ajson%5D%5Btimeout%3A90%5D%3Brel%5B%22IBGE%3AGEOCODIGO%22%3D%223151800%22%5D%3Bmap_to_area-%3E.a%3Bway%28area.a%29%5B%22building%22%3D%22warehouse%22%5D%3Bout%20count%3B,,False
data\bronze\osm\osm_osm_galpao_3167202.provenance.json,,https://overpass-api.de/api/interpreter?data=%5Bout%3Ajson%5D%5Btimeout%3A90%5D%3Brel%5B%22IBGE%3AGEOCODIGO%22%3D%223167202%22%5D%3Bmap_to_area-%3E.a%3Bway%28area.a%29%5B%22building%22%3D%22warehouse%22%5D%3Bout%20count%3B,,False
data\bronze\osm\osm_osm_galpao_3170107.provenance.json,,https://overpass-api.de/api/interpreter?data=%5Bout%3Ajson%5D%5Btimeout%3A90%5D%3Brel%5B%22IBGE%3AGEOCODIGO%22%3D%223170107%22%5D%3Bmap_to_area-%3E.a%3Bway%28area.a%29%5B%22building%22%3D%22warehouse%22%5D%3Bout%20count%3B,,False
data\bronze\osm\osm_osm_galpao_3170206.provenance.json,,https://overpass-api.de/api/interpreter?data=%5Bout%3Ajson%5D%5Btimeout%3A90%5D%3Brel%5B%22IBGE%3AGEOCODIGO%22%3D%223170206%22%5D%3Bmap_to_area-%3E.a%3Bway%28area.a%29%5B%22building%22%3D%22warehouse%22%5D%3Bout%20count%3B,,False
data\bronze\osm\osm_osm_galpao_3201308.provenance.json,,https://overpass-api.de/api/interpreter?data=%5Bout%3Ajson%5D%5Btimeout%3A90%5D%3Brel%5B%22IBGE%3AGEOCODIGO%22%3D%223201308%22%5D%3Bmap_to_area-%3E.a%3Bway%28area.a%29%5B%22building%22%3D%22warehouse%22%5D%3Bout%20count%3B,,False
data\bronze\osm\osm_osm_galpao_3205002.provenance.json,,https://overpass-api.de/api/interpreter?data=%5Bout%3Ajson%5D%5Btimeout%3A90%5D%3Brel%5B%22IBGE%3AGEOCODIGO%22%3D%223205002%22%5D%3Bmap_to_area-%3E.a%3Bway%28area.a%29%5B%22building%22%3D%22warehouse%22%5D%3Bout%20count%3B,,False
data\bronze\osm\osm_osm_galpao_3205200.provenance.json,,https://overpass-api.de/api/interpreter?data=%5Bout%3Ajson%5D%5Btimeout%3A90%5D%3Brel%5B%22IBGE%3AGEOCODIGO%22%3D%223205200%22%5D%3Bmap_to_area-%3E.a%3Bway%28area.a%29%5B%22building%22%3D%22warehouse%22%5D%3Bout%20count%3B,,False
data\bronze\osm\osm_osm_galpao_3205309.provenance.json,,https://overpass-api.de/api/interpreter?data=%5Bout%3Ajson%5D%5Btimeout%3A90%5D%3Brel%5B%22IBGE%3AGEOCODIGO%22%3D%223205309%22%5D%3Bmap_to_area-%3E.a%3Bway%28area.a%29%5B%22building%22%3D%22warehouse%22%5D%3Bout%20count%3B,,False
data\bronze\osm\osm_osm_galpao_3300456.provenance.json,,https://overpass-api.de/api/interpreter?data=%5Bout%3Ajson%5D%5Btimeout%3A90%5D%3Brel%5B%22IBGE%3AGEOCODIGO%22%3D%223300456%22%5D%3Bmap_to_area-%3E.a%3Bway%28area.a%29%5B%22building%22%3D%22warehouse%22%5D%3Bout%20count%3B,,False
data\bronze\osm\osm_osm_galpao_3300704.provenance.json,,https://overpass-api.de/api/interpreter?data=%5Bout%3Ajson%5D%5Btimeout%3A90%5D%3Brel%5B%22IBGE%3AGEOCODIGO%22%3D%223300704%22%5D%3Bmap_to_area-%3E.a%3Bway%28area.a%29%5B%22building%22%3D%22warehouse%22%5D%3Bout%20count%3B,,False
data\bronze\osm\osm_osm_galpao_3301702.provenance.json,,https://overpass-api.de/api/interpreter?data=%5Bout%3Ajson%5D%5Btimeout%3A90%5D%3Brel%5B%22IBGE%3AGEOCODIGO%22%3D%223301702%22%5D%3Bmap_to_area-%3E.a%3Bway%28area.a%29%5B%22building%22%3D%22warehouse%22%5D%3Bout%20count%3B,,False
data\bronze\osm\osm_osm_galpao_3302403.provenance.json,,https://overpass-api.de/api/interpreter?data=%5Bout%3Ajson%5D%5Btimeout%3A90%5D%3Brel%5B%22IBGE%3AGEOCODIGO%22%3D%223302403%22%5D%3Bmap_to_area-%3E.a%3Bway%28area.a%29%5B%22building%22%3D%22warehouse%22%5D%3Bout%20count%3B,,False
data\bronze\osm\osm_osm_galpao_3302700.provenance.json,,https://overpass-api.de/api/interpreter?data=%5Bout%3Ajson%5D%5Btimeout%3A90%5D%3Brel%5B%22IBGE%3AGEOCODIGO%22%3D%223302700%22%5D%3Bmap_to_area-%3E.a%3Bway%28area.a%29%5B%22building%22%3D%22warehouse%22%5D%3Bout%20count%3B,,False
data\bronze\osm\osm_osm_galpao_3303401.provenance.json,,https://overpass-api.de/api/interpreter?data=%5Bout%3Ajson%5D%5Btimeout%3A90%5D%3Brel%5B%22IBGE%3AGEOCODIGO%22%3D%223303401%22%5D%3Bmap_to_area-%3E.a%3Bway%28area.a%29%5B%22building%22%3D%22warehouse%22%5D%3Bout%20count%3B,,False
data\bronze\osm\osm_osm_galpao_3303500.provenance.json,,https://overpass-api.de/api/interpreter?data=%5Bout%3Ajson%5D%5Btimeout%3A90%5D%3Brel%5B%22IBGE%3AGEOCODIGO%22%3D%223303500%22%5D%3Bmap_to_area-%3E.a%3Bway%28area.a%29%5B%22building%22%3D%22warehouse%22%5D%3Bout%20count%3B,,False
data\bronze\osm\osm_osm_galpao_3303906.provenance.json,,https://overpass-api.de/api/interpreter?data=%5Bout%3Ajson%5D%5Btimeout%3A90%5D%3Brel%5B%22IBGE%3AGEOCODIGO%22%3D%223303906%22%5D%3Bmap_to_area-%3E.a%3Bway%28area.a%29%5B%22building%22%3D%22warehouse%22%5D%3Bout%20count%3B,,False
data\bronze\osm\osm_osm_galpao_3304524.provenance.json,,https://overpass-api.de/api/interpreter?data=%5Bout%3Ajson%5D%5Btimeout%3A90%5D%3Brel%5B%22IBGE%3AGEOCODIGO%22%3D%223304524%22%5D%3Bmap_to_area-%3E.a%3Bway%28area.a%29%5B%22building%22%3D%22warehouse%22%5D%3Bout%20count%3B,,False
data\bronze\osm\osm_osm_galpao_3304557.provenance.json,,https://overpass-api.de/api/interpreter?data=%5Bout%3Ajson%5D%5Btimeout%3A90%5D%3Brel%5B%22IBGE%3AGEOCODIGO%22%3D%223304557%22%5D%3Bmap_to_area-%3E.a%3Bway%28area.a%29%5B%22building%22%3D%22warehouse%22%5D%3Bout%20count%3B,,False
data\bronze\osm\osm_osm_galpao_3304904.provenance.json,,https://overpass-api.de/api/interpreter?data=%5Bout%3Ajson%5D%5Btimeout%3A90%5D%3Brel%5B%22IBGE%3AGEOCODIGO%22%3D%223304904%22%5D%3Bmap_to_area-%3E.a%3Bway%28area.a%29%5B%22building%22%3D%22warehouse%22%5D%3Bout%20count%3B,,False
data\bronze\osm\osm_osm_galpao_3305109.provenance.json,,https://overpass-api.de/api/interpreter?data=%5Bout%3Ajson%5D%5Btimeout%3A90%5D%3Brel%5B%22IBGE%3AGEOCODIGO%22%3D%223305109%22%5D%3Bmap_to_area-%3E.a%3Bway%28area.a%29%5B%22building%22%3D%22warehouse%22%5D%3Bout%20count%3B,,False
data\bronze\osm\osm_osm_galpao_3306305.provenance.json,,https://overpass-api.de/api/interpreter?data=%5Bout%3Ajson%5D%5Btimeout%3A90%5D%3Brel%5B%22IBGE%3AGEOCODIGO%22%3D%223306305%22%5D%3Bmap_to_area-%3E.a%3Bway%28area.a%29%5B%22building%22%3D%22warehouse%22%5D%3Bout%20count%3B,,False
data\bronze\osm\osm_osm_galpao_3501608.provenance.json,,https://overpass-api.de/api/interpreter?data=%5Bout%3Ajson%5D%5Btimeout%3A90%5D%3Brel%5B%22IBGE%3AGEOCODIGO%22%3D%223501608%22%5D%3Bmap_to_area-%3E.a%3Bway%28area.a%29%5B%22building%22%3D%22warehouse%22%5D%3Bout%20count%3B,,False
data\bronze\osm\osm_osm_galpao_3502804.provenance.json,,https://overpass-api.de/api/interpreter?data=%5Bout%3Ajson%5D%5Btimeout%3A90%5D%3Brel%5B%22IBGE%3AGEOCODIGO%22%3D%223502804%22%5D%3Bmap_to_area-%3E.a%3Bway%28area.a%29%5B%22building%22%3D%22warehouse%22%5D%3Bout%20count%3B,,False
data\bronze\osm\osm_osm_galpao_3503208.provenance.json,,https://overpass-api.de/api/interpreter?data=%5Bout%3Ajson%5D%5Btimeout%3A90%5D%3Brel%5B%22IBGE%3AGEOCODIGO%22%3D%223503208%22%5D%3Bmap_to_area-%3E.a%3Bway%28area.a%29%5B%22building%22%3D%22warehouse%22%5D%3Bout%20count%3B,,False
data\bronze\osm\osm_osm_galpao_3504107.provenance.json,,https://overpass-api.de/api/interpreter?data=%5Bout%3Ajson%5D%5Btimeout%3A90%5D%3Brel%5B%22IBGE%3AGEOCODIGO%22%3D%223504107%22%5D%3Bmap_to_area-%3E.a%3Bway%28area.a%29%5B%22building%22%3D%22warehouse%22%5D%3Bout%20count%3B,,False
data\bronze\osm\osm_osm_galpao_3505708.provenance.json,,https://overpass-api.de/api/interpreter?data=%5Bout%3Ajson%5D%5Btimeout%3A90%5D%3Brel%5B%22IBGE%3AGEOCODIGO%22%3D%223505708%22%5D%3Bmap_to_area-%3E.a%3Bway%28area.a%29%5B%22building%22%3D%22warehouse%22%5D%3Bout%20count%3B,,False
data\bronze\osm\osm_osm_galpao_3506003.provenance.json,,https://overpass-api.de/api/interpreter?data=%5Bout%3Ajson%5D%5Btimeout%3A90%5D%3Brel%5B%22IBGE%3AGEOCODIGO%22%3D%223506003%22%5D%3Bmap_to_area-%3E.a%3Bway%28area.a%29%5B%22building%22%3D%22warehouse%22%5D%3Bout%20count%3B,,False
data\bronze\osm\osm_osm_galpao_3507605.provenance.json,,https://overpass-api.de/api/interpreter?data=%5Bout%3Ajson%5D%5Btimeout%3A90%5D%3Brel%5B%22IBGE%3AGEOCODIGO%22%3D%223507605%22%5D%3Bmap_to_area-%3E.a%3Bway%28area.a%29%5B%22building%22%3D%22warehouse%22%5D%3Bout%20count%3B,,False
data\bronze\osm\osm_osm_galpao_3509502.provenance.json,,https://overpass-api.de/api/interpreter?data=%5Bout%3Ajson%5D%5Btimeout%3A90%5D%3Brel%5B%22IBGE%3AGEOCODIGO%22%3D%223509502%22%5D%3Bmap_to_area-%3E.a%3Bway%28area.a%29%5B%22building%22%3D%22warehouse%22%5D%3Bout%20count%3B,,False
data\bronze\osm\osm_osm_galpao_3510609.provenance.json,,https://overpass-api.de/api/interpreter?data=%5Bout%3Ajson%5D%5Btimeout%3A90%5D%3Brel%5B%22IBGE%3AGEOCODIGO%22%3D%223510609%22%5D%3Bmap_to_area-%3E.a%3Bway%28area.a%29%5B%22building%22%3D%22warehouse%22%5D%3Bout%20count%3B,,False
data\bronze\osm\osm_osm_galpao_3513009.provenance.json,,https://overpass-api.de/api/interpreter?data=%5Bout%3Ajson%5D%5Btimeout%3A90%5D%3Brel%5B%22IBGE%3AGEOCODIGO%22%3D%223513009%22%5D%3Bmap_to_area-%3E.a%3Bway%28area.a%29%5B%22building%22%3D%22warehouse%22%5D%3Bout%20count%3B,,False
data\bronze\osm\osm_osm_galpao_3513801.provenance.json,,https://overpass-api.de/api/interpreter?data=%5Bout%3Ajson%5D%5Btimeout%3A90%5D%3Brel%5B%22IBGE%3AGEOCODIGO%22%3D%223513801%22%5D%3Bmap_to_area-%3E.a%3Bway%28area.a%29%5B%22building%22%3D%22warehouse%22%5D%3Bout%20count%3B,,False
data\bronze\osm\osm_osm_galpao_3515004.provenance.json,,https://overpass-api.de/api/interpreter?data=%5Bout%3Ajson%5D%5Btimeout%3A90%5D%3Brel%5B%22IBGE%3AGEOCODIGO%22%3D%223515004%22%5D%3Bmap_to_area-%3E.a%3Bway%28area.a%29%5B%22building%22%3D%22warehouse%22%5D%3Bout%20count%3B,,False
data\bronze\osm\osm_osm_galpao_3516200.provenance.json,,https://overpass-api.de/api/interpreter?data=%5Bout%3Ajson%5D%5Btimeout%3A90%5D%3Brel%5B%22IBGE%3AGEOCODIGO%22%3D%223516200%22%5D%3Bmap_to_area-%3E.a%3Bway%28area.a%29%5B%22building%22%3D%22warehouse%22%5D%3Bout%20count%3B,,False
data\bronze\osm\osm_osm_galpao_3518701.provenance.json,,https://overpass-api.de/api/interpreter?data=%5Bout%3Ajson%5D%5Btimeout%3A90%5D%3Brel%5B%22IBGE%3AGEOCODIGO%22%3D%223518701%22%5D%3Bmap_to_area-%3E.a%3Bway%28area.a%29%5B%22building%22%3D%22warehouse%22%5D%3Bout%20count%3B,,False
data\bronze\osm\osm_osm_galpao_3518800.provenance.json,,https://overpass-api.de/api/interpreter?data=%5Bout%3Ajson%5D%5Btimeout%3A90%5D%3Brel%5B%22IBGE%3AGEOCODIGO%22%3D%223518800%22%5D%3Bmap_to_area-%3E.a%3Bway%28area.a%29%5B%22building%22%3D%22warehouse%22%5D%3Bout%20count%3B,,False
data\bronze\osm\osm_osm_galpao_3519071.provenance.json,,https://overpass-api.de/api/interpreter?data=%5Bout%3Ajson%5D%5Btimeout%3A90%5D%3Brel%5B%22IBGE%3AGEOCODIGO%22%3D%223519071%22%5D%3Bmap_to_area-%3E.a%3Bway%28area.a%29%5B%22building%22%3D%22warehouse%22%5D%3Bout%20count%3B,,False
data\bronze\osm\osm_osm_galpao_3520509.provenance.json,,https://overpass-api.de/api/interpreter?data=%5Bout%3Ajson%5D%5Btimeout%3A90%5D%3Brel%5B%22IBGE%3AGEOCODIGO%22%3D%223520509%22%5D%3Bmap_to_area-%3E.a%3Bway%28area.a%29%5B%22building%22%3D%22warehouse%22%5D%3Bout%20count%3B,,False
data\bronze\osm\osm_osm_galpao_3522505.provenance.json,,https://overpass-api.de/api/interpreter?data=%5Bout%3Ajson%5D%5Btimeout%3A90%5D%3Brel%5B%22IBGE%3AGEOCODIGO%22%3D%223522505%22%5D%3Bmap_to_area-%3E.a%3Bway%28area.a%29%5B%22building%22%3D%22warehouse%22%5D%3Bout%20count%3B,,False
data\bronze\osm\osm_osm_galpao_3523107.provenance.json,,https://overpass-api.de/api/interpreter?data=%5Bout%3Ajson%5D%5Btimeout%3A90%5D%3Brel%5B%22IBGE%3AGEOCODIGO%22%3D%223523107%22%5D%3Bmap_to_area-%3E.a%3Bway%28area.a%29%5B%22building%22%3D%22warehouse%22%5D%3Bout%20count%3B,,False
data\bronze\osm\osm_osm_galpao_3523909.provenance.json,,https://overpass-api.de/api/interpreter?data=%5Bout%3Ajson%5D%5Btimeout%3A90%5D%3Brel%5B%22IBGE%3AGEOCODIGO%22%3D%223523909%22%5D%3Bmap_to_area-%3E.a%3Bway%28area.a%29%5B%22building%22%3D%22warehouse%22%5D%3Bout%20count%3B,,False
data\bronze\osm\osm_osm_galpao_3524402.provenance.json,,https://overpass-api.de/api/interpreter?data=%5Bout%3Ajson%5D%5Btimeout%3A90%5D%3Brel%5B%22IBGE%3AGEOCODIGO%22%3D%223524402%22%5D%3Bmap_to_area-%3E.a%3Bway%28area.a%29%5B%22building%22%3D%22warehouse%22%5D%3Bout%20count%3B,,False
data\bronze\osm\osm_osm_galpao_3525904.provenance.json,,https://overpass-api.de/api/interpreter?data=%5Bout%3Ajson%5D%5Btimeout%3A90%5D%3Brel%5B%22IBGE%3AGEOCODIGO%22%3D%223525904%22%5D%3Bmap_to_area-%3E.a%3Bway%28area.a%29%5B%22building%22%3D%22warehouse%22%5D%3Bout%20count%3B,,False
data\bronze\osm\osm_osm_galpao_3526902.provenance.json,,https://overpass-api.de/api/interpreter?data=%5Bout%3Ajson%5D%5Btimeout%3A90%5D%3Brel%5B%22IBGE%3AGEOCODIGO%22%3D%223526902%22%5D%3Bmap_to_area-%3E.a%3Bway%28area.a%29%5B%22building%22%3D%22warehouse%22%5D%3Bout%20count%3B,,False
data\bronze\osm\osm_osm_galpao_3529005.provenance.json,,https://overpass-api.de/api/interpreter?data=%5Bout%3Ajson%5D%5Btimeout%3A90%5D%3Brel%5B%22IBGE%3AGEOCODIGO%22%3D%223529005%22%5D%3Bmap_to_area-%3E.a%3Bway%28area.a%29%5B%22building%22%3D%22warehouse%22%5D%3Bout%20count%3B,,False
data\bronze\osm\osm_osm_galpao_3529401.provenance.json,,https://overpass-api.de/api/interpreter?data=%5Bout%3Ajson%5D%5Btimeout%3A90%5D%3Brel%5B%22IBGE%3AGEOCODIGO%22%3D%223529401%22%5D%3Bmap_to_area-%3E.a%3Bway%28area.a%29%5B%22building%22%3D%22warehouse%22%5D%3Bout%20count%3B,,False
data\bronze\osm\osm_osm_galpao_3530607.provenance.json,,https://overpass-api.de/api/interpreter?data=%5Bout%3Ajson%5D%5Btimeout%3A90%5D%3Brel%5B%22IBGE%3AGEOCODIGO%22%3D%223530607%22%5D%3Bmap_to_area-%3E.a%3Bway%28area.a%29%5B%22building%22%3D%22warehouse%22%5D%3Bout%20count%3B,,False
data\bronze\osm\osm_osm_galpao_3534401.provenance.json,,https://overpass-api.de/api/interpreter?data=%5Bout%3Ajson%5D%5Btimeout%3A90%5D%3Brel%5B%22IBGE%3AGEOCODIGO%22%3D%223534401%22%5D%3Bmap_to_area-%3E.a%3Bway%28area.a%29%5B%22building%22%3D%22warehouse%22%5D%3Bout%20count%3B,,False
data\bronze\osm\osm_osm_galpao_3536505.provenance.json,,https://overpass-api.de/api/interpreter?data=%5Bout%3Ajson%5D%5Btimeout%3A90%5D%3Brel%5B%22IBGE%3AGEOCODIGO%22%3D%223536505%22%5D%3Bmap_to_area-%3E.a%3Bway%28area.a%29%5B%22building%22%3D%22warehouse%22%5D%3Bout%20count%3B,,False
data\bronze\osm\osm_osm_galpao_3538709.provenance.json,,https://overpass-api.de/api/interpreter?data=%5Bout%3Ajson%5D%5Btimeout%3A90%5D%3Brel%5B%22IBGE%3AGEOCODIGO%22%3D%223538709%22%5D%3Bmap_to_area-%3E.a%3Bway%28area.a%29%5B%22building%22%3D%22warehouse%22%5D%3Bout%20count%3B,,False
data\bronze\osm\osm_osm_galpao_3541000.provenance.json,,https://overpass-api.de/api/interpreter?data=%5Bout%3Ajson%5D%5Btimeout%3A90%5D%3Brel%5B%22IBGE%3AGEOCODIGO%22%3D%223541000%22%5D%3Bmap_to_area-%3E.a%3Bway%28area.a%29%5B%22building%22%3D%22warehouse%22%5D%3Bout%20count%3B,,False
data\bronze\osm\osm_osm_galpao_3541406.provenance.json,,https://overpass-api.de/api/interpreter?data=%5Bout%3Ajson%5D%5Btimeout%3A90%5D%3Brel%5B%22IBGE%3AGEOCODIGO%22%3D%223541406%22%5D%3Bmap_to_area-%3E.a%3Bway%28area.a%29%5B%22building%22%3D%22warehouse%22%5D%3Bout%20count%3B,,False
data\bronze\osm\osm_osm_galpao_3543402.provenance.json,,https://overpass-api.de/api/interpreter?data=%5Bout%3Ajson%5D%5Btimeout%3A90%5D%3Brel%5B%22IBGE%3AGEOCODIGO%22%3D%223543402%22%5D%3Bmap_to_area-%3E.a%3Bway%28area.a%29%5B%22building%22%3D%22warehouse%22%5D%3Bout%20count%3B,,False
data\bronze\osm\osm_osm_galpao_3543907.provenance.json,,https://overpass-api.de/api/interpreter?data=%5Bout%3Ajson%5D%5Btimeout%3A90%5D%3Brel%5B%22IBGE%3AGEOCODIGO%22%3D%223543907%22%5D%3Bmap_to_area-%3E.a%3Bway%28area.a%29%5B%22building%22%3D%22warehouse%22%5D%3Bout%20count%3B,,False
data\bronze\osm\osm_osm_galpao_3545803.provenance.json,,https://overpass-api.de/api/interpreter?data=%5Bout%3Ajson%5D%5Btimeout%3A90%5D%3Brel%5B%22IBGE%3AGEOCODIGO%22%3D%223545803%22%5D%3Bmap_to_area-%3E.a%3Bway%28area.a%29%5B%22building%22%3D%22warehouse%22%5D%3Bout%20count%3B,,False
data\bronze\osm\osm_osm_galpao_3547304.provenance.json,,https://overpass-api.de/api/interpreter?data=%5Bout%3Ajson%5D%5Btimeout%3A90%5D%3Brel%5B%22IBGE%3AGEOCODIGO%22%3D%223547304%22%5D%3Bmap_to_area-%3E.a%3Bway%28area.a%29%5B%22building%22%3D%22warehouse%22%5D%3Bout%20count%3B,,False
data\bronze\osm\osm_osm_galpao_3547809.provenance.json,,https://overpass-api.de/api/interpreter?data=%5Bout%3Ajson%5D%5Btimeout%3A90%5D%3Brel%5B%22IBGE%3AGEOCODIGO%22%3D%223547809%22%5D%3Bmap_to_area-%3E.a%3Bway%28area.a%29%5B%22building%22%3D%22warehouse%22%5D%3Bout%20count%3B,,False
data\bronze\osm\osm_osm_galpao_3548500.provenance.json,,https://overpass-api.de/api/interpreter?data=%5Bout%3Ajson%5D%5Btimeout%3A90%5D%3Brel%5B%22IBGE%3AGEOCODIGO%22%3D%223548500%22%5D%3Bmap_to_area-%3E.a%3Bway%28area.a%29%5B%22building%22%3D%22warehouse%22%5D%3Bout%20count%3B,,False
data\bronze\osm\osm_osm_galpao_3548708.provenance.json,,https://overpass-api.de/api/interpreter?data=%5Bout%3Ajson%5D%5Btimeout%3A90%5D%3Brel%5B%22IBGE%3AGEOCODIGO%22%3D%223548708%22%5D%3Bmap_to_area-%3E.a%3Bway%28area.a%29%5B%22building%22%3D%22warehouse%22%5D%3Bout%20count%3B,,False
data\bronze\osm\osm_osm_galpao_3548807.provenance.json,,https://overpass-api.de/api/interpreter?data=%5Bout%3Ajson%5D%5Btimeout%3A90%5D%3Brel%5B%22IBGE%3AGEOCODIGO%22%3D%223548807%22%5D%3Bmap_to_area-%3E.a%3Bway%28area.a%29%5B%22building%22%3D%22warehouse%22%5D%3Bout%20count%3B,,False
data\bronze\osm\osm_osm_galpao_3548906.provenance.json,,https://overpass-api.de/api/interpreter?data=%5Bout%3Ajson%5D%5Btimeout%3A90%5D%3Brel%5B%22IBGE%3AGEOCODIGO%22%3D%223548906%22%5D%3Bmap_to_area-%3E.a%3Bway%28area.a%29%5B%22building%22%3D%22warehouse%22%5D%3Bout%20count%3B,,False
data\bronze\osm\osm_osm_galpao_3549805.provenance.json,,https://overpass-api.de/api/interpreter?data=%5Bout%3Ajson%5D%5Btimeout%3A90%5D%3Brel%5B%22IBGE%3AGEOCODIGO%22%3D%223549805%22%5D%3Bmap_to_area-%3E.a%3Bway%28area.a%29%5B%22building%22%3D%22warehouse%22%5D%3Bout%20count%3B,,False
data\bronze\osm\osm_osm_galpao_3549904.provenance.json,,https://overpass-api.de/api/interpreter?data=%5Bout%3Ajson%5D%5Btimeout%3A90%5D%3Brel%5B%22IBGE%3AGEOCODIGO%22%3D%223549904%22%5D%3Bmap_to_area-%3E.a%3Bway%28area.a%29%5B%22building%22%3D%22warehouse%22%5D%3Bout%20count%3B,,False
data\bronze\osm\osm_osm_galpao_3550308.provenance.json,,https://overpass-api.de/api/interpreter?data=%5Bout%3Ajson%5D%5Btimeout%3A90%5D%3Brel%5B%22IBGE%3AGEOCODIGO%22%3D%223550308%22%5D%3Bmap_to_area-%3E.a%3Bway%28area.a%29%5B%22building%22%3D%22warehouse%22%5D%3Bout%20count%3B,,False
data\bronze\osm\osm_osm_galpao_3551009.provenance.json,,https://overpass-api.de/api/interpreter?data=%5Bout%3Ajson%5D%5Btimeout%3A90%5D%3Brel%5B%22IBGE%3AGEOCODIGO%22%3D%223551009%22%5D%3Bmap_to_area-%3E.a%3Bway%28area.a%29%5B%22building%22%3D%22warehouse%22%5D%3Bout%20count%3B,,False
data\bronze\osm\osm_osm_galpao_3552205.provenance.json,,https://overpass-api.de/api/interpreter?data=%5Bout%3Ajson%5D%5Btimeout%3A90%5D%3Brel%5B%22IBGE%3AGEOCODIGO%22%3D%223552205%22%5D%3Bmap_to_area-%3E.a%3Bway%28area.a%29%5B%22building%22%3D%22warehouse%22%5D%3Bout%20count%3B,,False
data\bronze\osm\osm_osm_galpao_3552403.provenance.json,,https://overpass-api.de/api/interpreter?data=%5Bout%3Ajson%5D%5Btimeout%3A90%5D%3Brel%5B%22IBGE%3AGEOCODIGO%22%3D%223552403%22%5D%3Bmap_to_area-%3E.a%3Bway%28area.a%29%5B%22building%22%3D%22warehouse%22%5D%3Bout%20count%3B,,False
data\bronze\osm\osm_osm_galpao_3552502.provenance.json,,https://overpass-api.de/api/interpreter?data=%5Bout%3Ajson%5D%5Btimeout%3A90%5D%3Brel%5B%22IBGE%3AGEOCODIGO%22%3D%223552502%22%5D%3Bmap_to_area-%3E.a%3Bway%28area.a%29%5B%22building%22%3D%22warehouse%22%5D%3Bout%20count%3B,,False
data\bronze\osm\osm_osm_galpao_3554102.provenance.json,,https://overpass-api.de/api/interpreter?data=%5Bout%3Ajson%5D%5Btimeout%3A90%5D%3Brel%5B%22IBGE%3AGEOCODIGO%22%3D%223554102%22%5D%3Bmap_to_area-%3E.a%3Bway%28area.a%29%5B%22building%22%3D%22warehouse%22%5D%3Bout%20count%3B,,False
data\bronze\osm\osm_osm_galpao_3556206.provenance.json,,https://overpass-api.de/api/interpreter?data=%5Bout%3Ajson%5D%5Btimeout%3A90%5D%3Brel%5B%22IBGE%3AGEOCODIGO%22%3D%223556206%22%5D%3Bmap_to_area-%3E.a%3Bway%28area.a%29%5B%22building%22%3D%22warehouse%22%5D%3Bout%20count%3B,,False
data\bronze\osm\osm_osm_galpao_4104808.provenance.json,,https://overpass-api.de/api/interpreter?data=%5Bout%3Ajson%5D%5Btimeout%3A90%5D%3Brel%5B%22IBGE%3AGEOCODIGO%22%3D%224104808%22%5D%3Bmap_to_area-%3E.a%3Bway%28area.a%29%5B%22building%22%3D%22warehouse%22%5D%3Bout%20count%3B,,False
data\bronze\osm\osm_osm_galpao_4106902.provenance.json,,https://overpass-api.de/api/interpreter?data=%5Bout%3Ajson%5D%5Btimeout%3A90%5D%3Brel%5B%22IBGE%3AGEOCODIGO%22%3D%224106902%22%5D%3Bmap_to_area-%3E.a%3Bway%28area.a%29%5B%22building%22%3D%22warehouse%22%5D%3Bout%20count%3B,,False
data\bronze\osm\osm_osm_galpao_4113700.provenance.json,,https://overpass-api.de/api/interpreter?data=%5Bout%3Ajson%5D%5Btimeout%3A90%5D%3Brel%5B%22IBGE%3AGEOCODIGO%22%3D%224113700%22%5D%3Bmap_to_area-%3E.a%3Bway%28area.a%29%5B%22building%22%3D%22warehouse%22%5D%3Bout%20count%3B,,False
data\bronze\osm\osm_osm_galpao_4115200.provenance.json,,https://overpass-api.de/api/interpreter?data=%5Bout%3Ajson%5D%5Btimeout%3A90%5D%3Brel%5B%22IBGE%3AGEOCODIGO%22%3D%224115200%22%5D%3Bmap_to_area-%3E.a%3Bway%28area.a%29%5B%22building%22%3D%22warehouse%22%5D%3Bout%20count%3B,,False
data\bronze\osm\osm_osm_galpao_4119905.provenance.json,,https://overpass-api.de/api/interpreter?data=%5Bout%3Ajson%5D%5Btimeout%3A90%5D%3Brel%5B%22IBGE%3AGEOCODIGO%22%3D%224119905%22%5D%3Bmap_to_area-%3E.a%3Bway%28area.a%29%5B%22building%22%3D%22warehouse%22%5D%3Bout%20count%3B,,False
data\bronze\osm\osm_osm_galpao_4125506.provenance.json,,https://overpass-api.de/api/interpreter?data=%5Bout%3Ajson%5D%5Btimeout%3A90%5D%3Brel%5B%22IBGE%3AGEOCODIGO%22%3D%224125506%22%5D%3Bmap_to_area-%3E.a%3Bway%28area.a%29%5B%22building%22%3D%22warehouse%22%5D%3Bout%20count%3B,,False
data\bronze\osm\osm_osm_galpao_4202008.provenance.json,,https://overpass-api.de/api/interpreter?data=%5Bout%3Ajson%5D%5Btimeout%3A90%5D%3Brel%5B%22IBGE%3AGEOCODIGO%22%3D%224202008%22%5D%3Bmap_to_area-%3E.a%3Bway%28area.a%29%5B%22building%22%3D%22warehouse%22%5D%3Bout%20count%3B,,False
data\bronze\osm\osm_osm_galpao_4202404.provenance.json,,https://overpass-api.de/api/interpreter?data=%5Bout%3Ajson%5D%5Btimeout%3A90%5D%3Brel%5B%22IBGE%3AGEOCODIGO%22%3D%224202404%22%5D%3Bmap_to_area-%3E.a%3Bway%28area.a%29%5B%22building%22%3D%22warehouse%22%5D%3Bout%20count%3B,,False
data\bronze\osm\osm_osm_galpao_4204202.provenance.json,,https://overpass-api.de/api/interpreter?data=%5Bout%3Ajson%5D%5Btimeout%3A90%5D%3Brel%5B%22IBGE%3AGEOCODIGO%22%3D%224204202%22%5D%3Bmap_to_area-%3E.a%3Bway%28area.a%29%5B%22building%22%3D%22warehouse%22%5D%3Bout%20count%3B,,False
data\bronze\osm\osm_osm_galpao_4205407.provenance.json,,https://overpass-api.de/api/interpreter?data=%5Bout%3Ajson%5D%5Btimeout%3A90%5D%3Brel%5B%22IBGE%3AGEOCODIGO%22%3D%224205407%22%5D%3Bmap_to_area-%3E.a%3Bway%28area.a%29%5B%22building%22%3D%22warehouse%22%5D%3Bout%20count%3B,,False
data\bronze\osm\osm_osm_galpao_4208203.provenance.json,,https://overpass-api.de/api/interpreter?data=%5Bout%3Ajson%5D%5Btimeout%3A90%5D%3Brel%5B%22IBGE%3AGEOCODIGO%22%3D%224208203%22%5D%3Bmap_to_area-%3E.a%3Bway%28area.a%29%5B%22building%22%3D%22warehouse%22%5D%3Bout%20count%3B,,False
data\bronze\osm\osm_osm_galpao_4208906.provenance.json,,https://overpass-api.de/api/interpreter?data=%5Bout%3Ajson%5D%5Btimeout%3A90%5D%3Brel%5B%22IBGE%3AGEOCODIGO%22%3D%224208906%22%5D%3Bmap_to_area-%3E.a%3Bway%28area.a%29%5B%22building%22%3D%22warehouse%22%5D%3Bout%20count%3B,,False
data\bronze\osm\osm_osm_galpao_4209102.provenance.json,,https://overpass-api.de/api/interpreter?data=%5Bout%3Ajson%5D%5Btimeout%3A90%5D%3Brel%5B%22IBGE%3AGEOCODIGO%22%3D%224209102%22%5D%3Bmap_to_area-%3E.a%3Bway%28area.a%29%5B%22building%22%3D%22warehouse%22%5D%3Bout%20count%3B,,False
data\bronze\osm\osm_osm_galpao_4211900.provenance.json,,https://overpass-api.de/api/interpreter?data=%5Bout%3Ajson%5D%5Btimeout%3A90%5D%3Brel%5B%22IBGE%3AGEOCODIGO%22%3D%224211900%22%5D%3Bmap_to_area-%3E.a%3Bway%28area.a%29%5B%22building%22%3D%22warehouse%22%5D%3Bout%20count%3B,,False
data\bronze\osm\osm_osm_galpao_4304606.provenance.json,,https://overpass-api.de/api/interpreter?data=%5Bout%3Ajson%5D%5Btimeout%3A90%5D%3Brel%5B%22IBGE%3AGEOCODIGO%22%3D%224304606%22%5D%3Bmap_to_area-%3E.a%3Bway%28area.a%29%5B%22building%22%3D%22warehouse%22%5D%3Bout%20count%3B,,False
data\bronze\osm\osm_osm_galpao_4305108.provenance.json,,https://overpass-api.de/api/interpreter?data=%5Bout%3Ajson%5D%5Btimeout%3A90%5D%3Brel%5B%22IBGE%3AGEOCODIGO%22%3D%224305108%22%5D%3Bmap_to_area-%3E.a%3Bway%28area.a%29%5B%22building%22%3D%22warehouse%22%5D%3Bout%20count%3B,,False
data\bronze\osm\osm_osm_galpao_4313409.provenance.json,,https://overpass-api.de/api/interpreter?data=%5Bout%3Ajson%5D%5Btimeout%3A90%5D%3Brel%5B%22IBGE%3AGEOCODIGO%22%3D%224313409%22%5D%3Bmap_to_area-%3E.a%3Bway%28area.a%29%5B%22building%22%3D%22warehouse%22%5D%3Bout%20count%3B,,False
data\bronze\osm\osm_osm_galpao_4314407.provenance.json,,https://overpass-api.de/api/interpreter?data=%5Bout%3Ajson%5D%5Btimeout%3A90%5D%3Brel%5B%22IBGE%3AGEOCODIGO%22%3D%224314407%22%5D%3Bmap_to_area-%3E.a%3Bway%28area.a%29%5B%22building%22%3D%22warehouse%22%5D%3Bout%20count%3B,,False
data\bronze\osm\osm_osm_galpao_4314902.provenance.json,,https://overpass-api.de/api/interpreter?data=%5Bout%3Ajson%5D%5Btimeout%3A90%5D%3Brel%5B%22IBGE%3AGEOCODIGO%22%3D%224314902%22%5D%3Bmap_to_area-%3E.a%3Bway%28area.a%29%5B%22building%22%3D%22warehouse%22%5D%3Bout%20count%3B,,False
data\bronze\osm\osm_osm_galpao_4316907.provenance.json,,https://overpass-api.de/api/interpreter?data=%5Bout%3Ajson%5D%5Btimeout%3A90%5D%3Brel%5B%22IBGE%3AGEOCODIGO%22%3D%224316907%22%5D%3Bmap_to_area-%3E.a%3Bway%28area.a%29%5B%22building%22%3D%22warehouse%22%5D%3Bout%20count%3B,,False
data\bronze\osm\osm_osm_galpao_5002704.provenance.json,,https://overpass-api.de/api/interpreter?data=%5Bout%3Ajson%5D%5Btimeout%3A90%5D%3Brel%5B%22IBGE%3AGEOCODIGO%22%3D%225002704%22%5D%3Bmap_to_area-%3E.a%3Bway%28area.a%29%5B%22building%22%3D%22warehouse%22%5D%3Bout%20count%3B,,False
data\bronze\osm\osm_osm_galpao_5103403.provenance.json,,https://overpass-api.de/api/interpreter?data=%5Bout%3Ajson%5D%5Btimeout%3A90%5D%3Brel%5B%22IBGE%3AGEOCODIGO%22%3D%225103403%22%5D%3Bmap_to_area-%3E.a%3Bway%28area.a%29%5B%22building%22%3D%22warehouse%22%5D%3Bout%20count%3B,,False
data\bronze\osm\osm_osm_galpao_5201108.provenance.json,,https://overpass-api.de/api/interpreter?data=%5Bout%3Ajson%5D%5Btimeout%3A90%5D%3Brel%5B%22IBGE%3AGEOCODIGO%22%3D%225201108%22%5D%3Bmap_to_area-%3E.a%3Bway%28area.a%29%5B%22building%22%3D%22warehouse%22%5D%3Bout%20count%3B,,False
data\bronze\osm\osm_osm_galpao_5208707.provenance.json,,https://overpass-api.de/api/interpreter?data=%5Bout%3Ajson%5D%5Btimeout%3A90%5D%3Brel%5B%22IBGE%3AGEOCODIGO%22%3D%225208707%22%5D%3Bmap_to_area-%3E.a%3Bway%28area.a%29%5B%22building%22%3D%22warehouse%22%5D%3Bout%20count%3B,,False
data\bronze\osm\osm_osm_galpao_5300108.provenance.json,,https://overpass-api.de/api/interpreter?data=%5Bout%3Ajson%5D%5Btimeout%3A90%5D%3Brel%5B%22IBGE%3AGEOCODIGO%22%3D%225300108%22%5D%3Bmap_to_area-%3E.a%3Bway%28area.a%29%5B%22building%22%3D%22warehouse%22%5D%3Bout%20count%3B,,False
data\bronze\osm\osm_osm_industrial_1302603.provenance.json,,https://overpass-api.de/api/interpreter?data=%5Bout%3Ajson%5D%5Btimeout%3A90%5D%3Brel%5B%22IBGE%3AGEOCODIGO%22%3D%221302603%22%5D%3Bmap_to_area-%3E.a%3Bway%28area.a%29%5B%22landuse%22%3D%22industrial%22%5D%3Bout%20count%3B,,False
data\bronze\osm\osm_osm_industrial_1501402.provenance.json,,https://overpass-api.de/api/interpreter?data=%5Bout%3Ajson%5D%5Btimeout%3A90%5D%3Brel%5B%22IBGE%3AGEOCODIGO%22%3D%221501402%22%5D%3Bmap_to_area-%3E.a%3Bway%28area.a%29%5B%22landuse%22%3D%22industrial%22%5D%3Bout%20count%3B,,False
data\bronze\osm\osm_osm_industrial_2111300.provenance.json,,https://overpass-api.de/api/interpreter?data=%5Bout%3Ajson%5D%5Btimeout%3A90%5D%3Brel%5B%22IBGE%3AGEOCODIGO%22%3D%222111300%22%5D%3Bmap_to_area-%3E.a%3Bway%28area.a%29%5B%22landuse%22%3D%22industrial%22%5D%3Bout%20count%3B,,False
data\bronze\osm\osm_osm_industrial_2211001.provenance.json,,https://overpass-api.de/api/interpreter?data=%5Bout%3Ajson%5D%5Btimeout%3A90%5D%3Brel%5B%22IBGE%3AGEOCODIGO%22%3D%222211001%22%5D%3Bmap_to_area-%3E.a%3Bway%28area.a%29%5B%22landuse%22%3D%22industrial%22%5D%3Bout%20count%3B,,False
data\bronze\osm\osm_osm_industrial_2304400.provenance.json,,https://overpass-api.de/api/interpreter?data=%5Bout%3Ajson%5D%5Btimeout%3A90%5D%3Brel%5B%22IBGE%3AGEOCODIGO%22%3D%222304400%22%5D%3Bmap_to_area-%3E.a%3Bway%28area.a%29%5B%22landuse%22%3D%22industrial%22%5D%3Bout%20count%3B,,False
data\bronze\osm\osm_osm_industrial_2408102.provenance.json,,https://overpass-api.de/api/interpreter?data=%5Bout%3Ajson%5D%5Btimeout%3A90%5D%3Brel%5B%22IBGE%3AGEOCODIGO%22%3D%222408102%22%5D%3Bmap_to_area-%3E.a%3Bway%28area.a%29%5B%22landuse%22%3D%22industrial%22%5D%3Bout%20count%3B,,False
data\bronze\osm\osm_osm_industrial_2507507.provenance.json,,https://overpass-api.de/api/interpreter?data=%5Bout%3Ajson%5D%5Btimeout%3A90%5D%3Brel%5B%22IBGE%3AGEOCODIGO%22%3D%222507507%22%5D%3Bmap_to_area-%3E.a%3Bway%28area.a%29%5B%22landuse%22%3D%22industrial%22%5D%3Bout%20count%3B,,False
data\bronze\osm\osm_osm_industrial_2607901.provenance.json,,https://overpass-api.de/api/interpreter?data=%5Bout%3Ajson%5D%5Btimeout%3A90%5D%3Brel%5B%22IBGE%3AGEOCODIGO%22%3D%222607901%22%5D%3Bmap_to_area-%3E.a%3Bway%28area.a%29%5B%22landuse%22%3D%22industrial%22%5D%3Bout%20count%3B,,False
data\bronze\osm\osm_osm_industrial_2611606.provenance.json,,https://overpass-api.de/api/interpreter?data=%5Bout%3Ajson%5D%5Btimeout%3A90%5D%3Brel%5B%22IBGE%3AGEOCODIGO%22%3D%222611606%22%5D%3Bmap_to_area-%3E.a%3Bway%28area.a%29%5B%22landuse%22%3D%22industrial%22%5D%3Bout%20count%3B,,False
data\bronze\osm\osm_osm_industrial_2704302.provenance.json,,https://overpass-api.de/api/interpreter?data=%5Bout%3Ajson%5D%5Btimeout%3A90%5D%3Brel%5B%22IBGE%3AGEOCODIGO%22%3D%222704302%22%5D%3Bmap_to_area-%3E.a%3Bway%28area.a%29%5B%22landuse%22%3D%22industrial%22%5D%3Bout%20count%3B,,False
data\bronze\osm\osm_osm_industrial_2800308.provenance.json,,https://overpass-api.de/api/interpreter?data=%5Bout%3Ajson%5D%5Btimeout%3A90%5D%3Brel%5B%22IBGE%3AGEOCODIGO%22%3D%222800308%22%5D%3Bmap_to_area-%3E.a%3Bway%28area.a%29%5B%22landuse%22%3D%22industrial%22%5D%3Bout%20count%3B,,False
data\bronze\osm\osm_osm_industrial_2910800.provenance.json,,https://overpass-api.de/api/interpreter?data=%5Bout%3Ajson%5D%5Btimeout%3A90%5D%3Brel%5B%22IBGE%3AGEOCODIGO%22%3D%222910800%22%5D%3Bmap_to_area-%3E.a%3Bway%28area.a%29%5B%22landuse%22%3D%22industrial%22%5D%3Bout%20count%3B,,False
data\bronze\osm\osm_osm_industrial_3106705.provenance.json,,https://overpass-api.de/api/interpreter?data=%5Bout%3Ajson%5D%5Btimeout%3A90%5D%3Brel%5B%22IBGE%3AGEOCODIGO%22%3D%223106705%22%5D%3Bmap_to_area-%3E.a%3Bway%28area.a%29%5B%22landuse%22%3D%22industrial%22%5D%3Bout%20count%3B,,False
data\bronze\osm\osm_osm_industrial_3118601.provenance.json,,https://overpass-api.de/api/interpreter?data=%5Bout%3Ajson%5D%5Btimeout%3A90%5D%3Brel%5B%22IBGE%3AGEOCODIGO%22%3D%223118601%22%5D%3Bmap_to_area-%3E.a%3Bway%28area.a%29%5B%22landuse%22%3D%22industrial%22%5D%3Bout%20count%3B,,False
data\bronze\osm\osm_osm_industrial_3122306.provenance.json,,https://overpass-api.de/api/interpreter?data=%5Bout%3Ajson%5D%5Btimeout%3A90%5D%3Brel%5B%22IBGE%3AGEOCODIGO%22%3D%223122306%22%5D%3Bmap_to_area-%3E.a%3Bway%28area.a%29%5B%22landuse%22%3D%22industrial%22%5D%3Bout%20count%3B,,False
data\bronze\osm\osm_osm_industrial_3127701.provenance.json,,https://overpass-api.de/api/interpreter?data=%5Bout%3Ajson%5D%5Btimeout%3A90%5D%3Brel%5B%22IBGE%3AGEOCODIGO%22%3D%223127701%22%5D%3Bmap_to_area-%3E.a%3Bway%28area.a%29%5B%22landuse%22%3D%22industrial%22%5D%3Bout%20count%3B,,False
data\bronze\osm\osm_osm_industrial_3131307.provenance.json,,https://overpass-api.de/api/interpreter?data=%5Bout%3Ajson%5D%5Btimeout%3A90%5D%3Brel%5B%22IBGE%3AGEOCODIGO%22%3D%223131307%22%5D%3Bmap_to_area-%3E.a%3Bway%28area.a%29%5B%22landuse%22%3D%22industrial%22%5D%3Bout%20count%3B,,False
data\bronze\osm\osm_osm_industrial_3136702.provenance.json,,https://overpass-api.de/api/interpreter?data=%5Bout%3Ajson%5D%5Btimeout%3A90%5D%3Brel%5B%22IBGE%3AGEOCODIGO%22%3D%223136702%22%5D%3Bmap_to_area-%3E.a%3Bway%28area.a%29%5B%22landuse%22%3D%22industrial%22%5D%3Bout%20count%3B,,False
data\bronze\osm\osm_osm_industrial_3143302.provenance.json,,https://overpass-api.de/api/interpreter?data=%5Bout%3Ajson%5D%5Btimeout%3A90%5D%3Brel%5B%22IBGE%3AGEOCODIGO%22%3D%223143302%22%5D%3Bmap_to_area-%3E.a%3Bway%28area.a%29%5B%22landuse%22%3D%22industrial%22%5D%3Bout%20count%3B,,False
data\bronze\osm\osm_osm_industrial_3144805.provenance.json,,https://overpass-api.de/api/interpreter?data=%5Bout%3Ajson%5D%5Btimeout%3A90%5D%3Brel%5B%22IBGE%3AGEOCODIGO%22%3D%223144805%22%5D%3Bmap_to_area-%3E.a%3Bway%28area.a%29%5B%22landuse%22%3D%22industrial%22%5D%3Bout%20count%3B,,False
data\bronze\osm\osm_osm_industrial_3151800.provenance.json,,https://overpass-api.de/api/interpreter?data=%5Bout%3Ajson%5D%5Btimeout%3A90%5D%3Brel%5B%22IBGE%3AGEOCODIGO%22%3D%223151800%22%5D%3Bmap_to_area-%3E.a%3Bway%28area.a%29%5B%22landuse%22%3D%22industrial%22%5D%3Bout%20count%3B,,False
data\bronze\osm\osm_osm_industrial_3167202.provenance.json,,https://overpass-api.de/api/interpreter?data=%5Bout%3Ajson%5D%5Btimeout%3A90%5D%3Brel%5B%22IBGE%3AGEOCODIGO%22%3D%223167202%22%5D%3Bmap_to_area-%3E.a%3Bway%28area.a%29%5B%22landuse%22%3D%22industrial%22%5D%3Bout%20count%3B,,False
data\bronze\osm\osm_osm_industrial_3170107.provenance.json,,https://overpass-api.de/api/interpreter?data=%5Bout%3Ajson%5D%5Btimeout%3A90%5D%3Brel%5B%22IBGE%3AGEOCODIGO%22%3D%223170107%22%5D%3Bmap_to_area-%3E.a%3Bway%28area.a%29%5B%22landuse%22%3D%22industrial%22%5D%3Bout%20count%3B,,False
data\bronze\osm\osm_osm_industrial_3170206.provenance.json,,https://overpass-api.de/api/interpreter?data=%5Bout%3Ajson%5D%5Btimeout%3A90%5D%3Brel%5B%22IBGE%3AGEOCODIGO%22%3D%223170206%22%5D%3Bmap_to_area-%3E.a%3Bway%28area.a%29%5B%22landuse%22%3D%22industrial%22%5D%3Bout%20count%3B,,False
data\bronze\osm\osm_osm_industrial_3201308.provenance.json,,https://overpass-api.de/api/interpreter?data=%5Bout%3Ajson%5D%5Btimeout%3A90%5D%3Brel%5B%22IBGE%3AGEOCODIGO%22%3D%223201308%22%5D%3Bmap_to_area-%3E.a%3Bway%28area.a%29%5B%22landuse%22%3D%22industrial%22%5D%3Bout%20count%3B,,False
data\bronze\osm\osm_osm_industrial_3205002.provenance.json,,https://overpass-api.de/api/interpreter?data=%5Bout%3Ajson%5D%5Btimeout%3A90%5D%3Brel%5B%22IBGE%3AGEOCODIGO%22%3D%223205002%22%5D%3Bmap_to_area-%3E.a%3Bway%28area.a%29%5B%22landuse%22%3D%22industrial%22%5D%3Bout%20count%3B,,False
data\bronze\osm\osm_osm_industrial_3205309.provenance.json,,https://overpass-api.de/api/interpreter?data=%5Bout%3Ajson%5D%5Btimeout%3A90%5D%3Brel%5B%22IBGE%3AGEOCODIGO%22%3D%223205309%22%5D%3Bmap_to_area-%3E.a%3Bway%28area.a%29%5B%22landuse%22%3D%22industrial%22%5D%3Bout%20count%3B,,False
data\bronze\osm\osm_osm_industrial_3300456.provenance.json,,https://overpass-api.de/api/interpreter?data=%5Bout%3Ajson%5D%5Btimeout%3A90%5D%3Brel%5B%22IBGE%3AGEOCODIGO%22%3D%223300456%22%5D%3Bmap_to_area-%3E.a%3Bway%28area.a%29%5B%22landuse%22%3D%22industrial%22%5D%3Bout%20count%3B,,False
data\bronze\osm\osm_osm_industrial_3301009.provenance.json,,https://overpass-api.de/api/interpreter?data=%5Bout%3Ajson%5D%5Btimeout%3A90%5D%3Brel%5B%22IBGE%3AGEOCODIGO%22%3D%223301009%22%5D%3Bmap_to_area-%3E.a%3Bway%28area.a%29%5B%22landuse%22%3D%22industrial%22%5D%3Bout%20count%3B,,False
data\bronze\osm\osm_osm_industrial_3301702.provenance.json,,https://overpass-api.de/api/interpreter?data=%5Bout%3Ajson%5D%5Btimeout%3A90%5D%3Brel%5B%22IBGE%3AGEOCODIGO%22%3D%223301702%22%5D%3Bmap_to_area-%3E.a%3Bway%28area.a%29%5B%22landuse%22%3D%22industrial%22%5D%3Bout%20count%3B,,False
data\bronze\osm\osm_osm_industrial_3302403.provenance.json,,https://overpass-api.de/api/interpreter?data=%5Bout%3Ajson%5D%5Btimeout%3A90%5D%3Brel%5B%22IBGE%3AGEOCODIGO%22%3D%223302403%22%5D%3Bmap_to_area-%3E.a%3Bway%28area.a%29%5B%22landuse%22%3D%22industrial%22%5D%3Bout%20count%3B,,False
data\bronze\osm\osm_osm_industrial_3302700.provenance.json,,https://overpass-api.de/api/interpreter?data=%5Bout%3Ajson%5D%5Btimeout%3A90%5D%3Brel%5B%22IBGE%3AGEOCODIGO%22%3D%223302700%22%5D%3Bmap_to_area-%3E.a%3Bway%28area.a%29%5B%22landuse%22%3D%22industrial%22%5D%3Bout%20count%3B,,False
data\bronze\osm\osm_osm_industrial_3303302.provenance.json,,https://overpass-api.de/api/interpreter?data=%5Bout%3Ajson%5D%5Btimeout%3A90%5D%3Brel%5B%22IBGE%3AGEOCODIGO%22%3D%223303302%22%5D%3Bmap_to_area-%3E.a%3Bway%28area.a%29%5B%22landuse%22%3D%22industrial%22%5D%3Bout%20count%3B,,False
data\bronze\osm\osm_osm_industrial_3303401.provenance.json,,https://overpass-api.de/api/interpreter?data=%5Bout%3Ajson%5D%5Btimeout%3A90%5D%3Brel%5B%22IBGE%3AGEOCODIGO%22%3D%223303401%22%5D%3Bmap_to_area-%3E.a%3Bway%28area.a%29%5B%22landuse%22%3D%22industrial%22%5D%3Bout%20count%3B,,False
data\bronze\osm\osm_osm_industrial_3303500.provenance.json,,https://overpass-api.de/api/interpreter?data=%5Bout%3Ajson%5D%5Btimeout%3A90%5D%3Brel%5B%22IBGE%3AGEOCODIGO%22%3D%223303500%22%5D%3Bmap_to_area-%3E.a%3Bway%28area.a%29%5B%22landuse%22%3D%22industrial%22%5D%3Bout%20count%3B,,False
data\bronze\osm\osm_osm_industrial_3303906.provenance.json,,https://overpass-api.de/api/interpreter?data=%5Bout%3Ajson%5D%5Btimeout%3A90%5D%3Brel%5B%22IBGE%3AGEOCODIGO%22%3D%223303906%22%5D%3Bmap_to_area-%3E.a%3Bway%28area.a%29%5B%22landuse%22%3D%22industrial%22%5D%3Bout%20count%3B,,False
data\bronze\osm\osm_osm_industrial_3304524.provenance.json,,https://overpass-api.de/api/interpreter?data=%5Bout%3Ajson%5D%5Btimeout%3A90%5D%3Brel%5B%22IBGE%3AGEOCODIGO%22%3D%223304524%22%5D%3Bmap_to_area-%3E.a%3Bway%28area.a%29%5B%22landuse%22%3D%22industrial%22%5D%3Bout%20count%3B,,False
data\bronze\osm\osm_osm_industrial_3304557.provenance.json,,https://overpass-api.de/api/interpreter?data=%5Bout%3Ajson%5D%5Btimeout%3A90%5D%3Brel%5B%22IBGE%3AGEOCODIGO%22%3D%223304557%22%5D%3Bmap_to_area-%3E.a%3Bway%28area.a%29%5B%22landuse%22%3D%22industrial%22%5D%3Bout%20count%3B,,False
data\bronze\osm\osm_osm_industrial_3304904.provenance.json,,https://overpass-api.de/api/interpreter?data=%5Bout%3Ajson%5D%5Btimeout%3A90%5D%3Brel%5B%22IBGE%3AGEOCODIGO%22%3D%223304904%22%5D%3Bmap_to_area-%3E.a%3Bway%28area.a%29%5B%22landuse%22%3D%22industrial%22%5D%3Bout%20count%3B,,False
data\bronze\osm\osm_osm_industrial_3305109.provenance.json,,https://overpass-api.de/api/interpreter?data=%5Bout%3Ajson%5D%5Btimeout%3A90%5D%3Brel%5B%22IBGE%3AGEOCODIGO%22%3D%223305109%22%5D%3Bmap_to_area-%3E.a%3Bway%28area.a%29%5B%22landuse%22%3D%22industrial%22%5D%3Bout%20count%3B,,False
data\bronze\osm\osm_osm_industrial_3306305.provenance.json,,https://overpass-api.de/api/interpreter?data=%5Bout%3Ajson%5D%5Btimeout%3A90%5D%3Brel%5B%22IBGE%3AGEOCODIGO%22%3D%223306305%22%5D%3Bmap_to_area-%3E.a%3Bway%28area.a%29%5B%22landuse%22%3D%22industrial%22%5D%3Bout%20count%3B,,False
data\bronze\osm\osm_osm_industrial_3501608.provenance.json,,https://overpass-api.de/api/interpreter?data=%5Bout%3Ajson%5D%5Btimeout%3A90%5D%3Brel%5B%22IBGE%3AGEOCODIGO%22%3D%223501608%22%5D%3Bmap_to_area-%3E.a%3Bway%28area.a%29%5B%22landuse%22%3D%22industrial%22%5D%3Bout%20count%3B,,False
data\bronze\osm\osm_osm_industrial_3502804.provenance.json,,https://overpass-api.de/api/interpreter?data=%5Bout%3Ajson%5D%5Btimeout%3A90%5D%3Brel%5B%22IBGE%3AGEOCODIGO%22%3D%223502804%22%5D%3Bmap_to_area-%3E.a%3Bway%28area.a%29%5B%22landuse%22%3D%22industrial%22%5D%3Bout%20count%3B,,False
data\bronze\osm\osm_osm_industrial_3503208.provenance.json,,https://overpass-api.de/api/interpreter?data=%5Bout%3Ajson%5D%5Btimeout%3A90%5D%3Brel%5B%22IBGE%3AGEOCODIGO%22%3D%223503208%22%5D%3Bmap_to_area-%3E.a%3Bway%28area.a%29%5B%22landuse%22%3D%22industrial%22%5D%3Bout%20count%3B,,False
data\bronze\osm\osm_osm_industrial_3504107.provenance.json,,https://overpass-api.de/api/interpreter?data=%5Bout%3Ajson%5D%5Btimeout%3A90%5D%3Brel%5B%22IBGE%3AGEOCODIGO%22%3D%223504107%22%5D%3Bmap_to_area-%3E.a%3Bway%28area.a%29%5B%22landuse%22%3D%22industrial%22%5D%3Bout%20count%3B,,False
data\bronze\osm\osm_osm_industrial_3505708.provenance.json,,https://overpass-api.de/api/interpreter?data=%5Bout%3Ajson%5D%5Btimeout%3A90%5D%3Brel%5B%22IBGE%3AGEOCODIGO%22%3D%223505708%22%5D%3Bmap_to_area-%3E.a%3Bway%28area.a%29%5B%22landuse%22%3D%22industrial%22%5D%3Bout%20count%3B,,False
data\bronze\osm\osm_osm_industrial_3506003.provenance.json,,https://overpass-api.de/api/interpreter?data=%5Bout%3Ajson%5D%5Btimeout%3A90%5D%3Brel%5B%22IBGE%3AGEOCODIGO%22%3D%223506003%22%5D%3Bmap_to_area-%3E.a%3Bway%28area.a%29%5B%22landuse%22%3D%22industrial%22%5D%3Bout%20count%3B,,False
data\bronze\osm\osm_osm_industrial_3507605.provenance.json,,https://overpass-api.de/api/interpreter?data=%5Bout%3Ajson%5D%5Btimeout%3A90%5D%3Brel%5B%22IBGE%3AGEOCODIGO%22%3D%223507605%22%5D%3Bmap_to_area-%3E.a%3Bway%28area.a%29%5B%22landuse%22%3D%22industrial%22%5D%3Bout%20count%3B,,False
data\bronze\osm\osm_osm_industrial_3509502.provenance.json,,https://overpass-api.de/api/interpreter?data=%5Bout%3Ajson%5D%5Btimeout%3A90%5D%3Brel%5B%22IBGE%3AGEOCODIGO%22%3D%223509502%22%5D%3Bmap_to_area-%3E.a%3Bway%28area.a%29%5B%22landuse%22%3D%22industrial%22%5D%3Bout%20count%3B,,False
data\bronze\osm\osm_osm_industrial_3510609.provenance.json,,https://overpass-api.de/api/interpreter?data=%5Bout%3Ajson%5D%5Btimeout%3A90%5D%3Brel%5B%22IBGE%3AGEOCODIGO%22%3D%223510609%22%5D%3Bmap_to_area-%3E.a%3Bway%28area.a%29%5B%22landuse%22%3D%22industrial%22%5D%3Bout%20count%3B,,False
data\bronze\osm\osm_osm_industrial_3513009.provenance.json,,https://overpass-api.de/api/interpreter?data=%5Bout%3Ajson%5D%5Btimeout%3A90%5D%3Brel%5B%22IBGE%3AGEOCODIGO%22%3D%223513009%22%5D%3Bmap_to_area-%3E.a%3Bway%28area.a%29%5B%22landuse%22%3D%22industrial%22%5D%3Bout%20count%3B,,False
data\bronze\osm\osm_osm_industrial_3513801.provenance.json,,https://overpass-api.de/api/interpreter?data=%5Bout%3Ajson%5D%5Btimeout%3A90%5D%3Brel%5B%22IBGE%3AGEOCODIGO%22%3D%223513801%22%5D%3Bmap_to_area-%3E.a%3Bway%28area.a%29%5B%22landuse%22%3D%22industrial%22%5D%3Bout%20count%3B,,False
data\bronze\osm\osm_osm_industrial_3515004.provenance.json,,https://overpass-api.de/api/interpreter?data=%5Bout%3Ajson%5D%5Btimeout%3A90%5D%3Brel%5B%22IBGE%3AGEOCODIGO%22%3D%223515004%22%5D%3Bmap_to_area-%3E.a%3Bway%28area.a%29%5B%22landuse%22%3D%22industrial%22%5D%3Bout%20count%3B,,False
data\bronze\osm\osm_osm_industrial_3516200.provenance.json,,https://overpass-api.de/api/interpreter?data=%5Bout%3Ajson%5D%5Btimeout%3A90%5D%3Brel%5B%22IBGE%3AGEOCODIGO%22%3D%223516200%22%5D%3Bmap_to_area-%3E.a%3Bway%28area.a%29%5B%22landuse%22%3D%22industrial%22%5D%3Bout%20count%3B,,False
data\bronze\osm\osm_osm_industrial_3518701.provenance.json,,https://overpass-api.de/api/interpreter?data=%5Bout%3Ajson%5D%5Btimeout%3A90%5D%3Brel%5B%22IBGE%3AGEOCODIGO%22%3D%223518701%22%5D%3Bmap_to_area-%3E.a%3Bway%28area.a%29%5B%22landuse%22%3D%22industrial%22%5D%3Bout%20count%3B,,False
data\bronze\osm\osm_osm_industrial_3518800.provenance.json,,https://overpass-api.de/api/interpreter?data=%5Bout%3Ajson%5D%5Btimeout%3A90%5D%3Brel%5B%22IBGE%3AGEOCODIGO%22%3D%223518800%22%5D%3Bmap_to_area-%3E.a%3Bway%28area.a%29%5B%22landuse%22%3D%22industrial%22%5D%3Bout%20count%3B,,False
data\bronze\osm\osm_osm_industrial_3519071.provenance.json,,https://overpass-api.de/api/interpreter?data=%5Bout%3Ajson%5D%5Btimeout%3A90%5D%3Brel%5B%22IBGE%3AGEOCODIGO%22%3D%223519071%22%5D%3Bmap_to_area-%3E.a%3Bway%28area.a%29%5B%22landuse%22%3D%22industrial%22%5D%3Bout%20count%3B,,False
data\bronze\osm\osm_osm_industrial_3520509.provenance.json,,https://overpass-api.de/api/interpreter?data=%5Bout%3Ajson%5D%5Btimeout%3A90%5D%3Brel%5B%22IBGE%3AGEOCODIGO%22%3D%223520509%22%5D%3Bmap_to_area-%3E.a%3Bway%28area.a%29%5B%22landuse%22%3D%22industrial%22%5D%3Bout%20count%3B,,False
data\bronze\osm\osm_osm_industrial_3522505.provenance.json,,https://overpass-api.de/api/interpreter?data=%5Bout%3Ajson%5D%5Btimeout%3A90%5D%3Brel%5B%22IBGE%3AGEOCODIGO%22%3D%223522505%22%5D%3Bmap_to_area-%3E.a%3Bway%28area.a%29%5B%22landuse%22%3D%22industrial%22%5D%3Bout%20count%3B,,False
data\bronze\osm\osm_osm_industrial_3523107.provenance.json,,https://overpass-api.de/api/interpreter?data=%5Bout%3Ajson%5D%5Btimeout%3A90%5D%3Brel%5B%22IBGE%3AGEOCODIGO%22%3D%223523107%22%5D%3Bmap_to_area-%3E.a%3Bway%28area.a%29%5B%22landuse%22%3D%22industrial%22%5D%3Bout%20count%3B,,False
data\bronze\osm\osm_osm_industrial_3523909.provenance.json,,https://overpass-api.de/api/interpreter?data=%5Bout%3Ajson%5D%5Btimeout%3A90%5D%3Brel%5B%22IBGE%3AGEOCODIGO%22%3D%223523909%22%5D%3Bmap_to_area-%3E.a%3Bway%28area.a%29%5B%22landuse%22%3D%22industrial%22%5D%3Bout%20count%3B,,False
data\bronze\osm\osm_osm_industrial_3525904.provenance.json,,https://overpass-api.de/api/interpreter?data=%5Bout%3Ajson%5D%5Btimeout%3A90%5D%3Brel%5B%22IBGE%3AGEOCODIGO%22%3D%223525904%22%5D%3Bmap_to_area-%3E.a%3Bway%28area.a%29%5B%22landuse%22%3D%22industrial%22%5D%3Bout%20count%3B,,False
data\bronze\osm\osm_osm_industrial_3526902.provenance.json,,https://overpass-api.de/api/interpreter?data=%5Bout%3Ajson%5D%5Btimeout%3A90%5D%3Brel%5B%22IBGE%3AGEOCODIGO%22%3D%223526902%22%5D%3Bmap_to_area-%3E.a%3Bway%28area.a%29%5B%22landuse%22%3D%22industrial%22%5D%3Bout%20count%3B,,False
data\bronze\osm\osm_osm_industrial_3529005.provenance.json,,https://overpass-api.de/api/interpreter?data=%5Bout%3Ajson%5D%5Btimeout%3A90%5D%3Brel%5B%22IBGE%3AGEOCODIGO%22%3D%223529005%22%5D%3Bmap_to_area-%3E.a%3Bway%28area.a%29%5B%22landuse%22%3D%22industrial%22%5D%3Bout%20count%3B,,False
data\bronze\osm\osm_osm_industrial_3529401.provenance.json,,https://overpass-api.de/api/interpreter?data=%5Bout%3Ajson%5D%5Btimeout%3A90%5D%3Brel%5B%22IBGE%3AGEOCODIGO%22%3D%223529401%22%5D%3Bmap_to_area-%3E.a%3Bway%28area.a%29%5B%22landuse%22%3D%22industrial%22%5D%3Bout%20count%3B,,False
data\bronze\osm\osm_osm_industrial_3530607.provenance.json,,https://overpass-api.de/api/interpreter?data=%5Bout%3Ajson%5D%5Btimeout%3A90%5D%3Brel%5B%22IBGE%3AGEOCODIGO%22%3D%223530607%22%5D%3Bmap_to_area-%3E.a%3Bway%28area.a%29%5B%22landuse%22%3D%22industrial%22%5D%3Bout%20count%3B,,False
data\bronze\osm\osm_osm_industrial_3534401.provenance.json,,https://overpass-api.de/api/interpreter?data=%5Bout%3Ajson%5D%5Btimeout%3A90%5D%3Brel%5B%22IBGE%3AGEOCODIGO%22%3D%223534401%22%5D%3Bmap_to_area-%3E.a%3Bway%28area.a%29%5B%22landuse%22%3D%22industrial%22%5D%3Bout%20count%3B,,False
data\bronze\osm\osm_osm_industrial_3536505.provenance.json,,https://overpass-api.de/api/interpreter?data=%5Bout%3Ajson%5D%5Btimeout%3A90%5D%3Brel%5B%22IBGE%3AGEOCODIGO%22%3D%223536505%22%5D%3Bmap_to_area-%3E.a%3Bway%28area.a%29%5B%22landuse%22%3D%22industrial%22%5D%3Bout%20count%3B,,False
data\bronze\osm\osm_osm_industrial_3538709.provenance.json,,https://overpass-api.de/api/interpreter?data=%5Bout%3Ajson%5D%5Btimeout%3A90%5D%3Brel%5B%22IBGE%3AGEOCODIGO%22%3D%223538709%22%5D%3Bmap_to_area-%3E.a%3Bway%28area.a%29%5B%22landuse%22%3D%22industrial%22%5D%3Bout%20count%3B,,False
data\bronze\osm\osm_osm_industrial_3541000.provenance.json,,https://overpass-api.de/api/interpreter?data=%5Bout%3Ajson%5D%5Btimeout%3A90%5D%3Brel%5B%22IBGE%3AGEOCODIGO%22%3D%223541000%22%5D%3Bmap_to_area-%3E.a%3Bway%28area.a%29%5B%22landuse%22%3D%22industrial%22%5D%3Bout%20count%3B,,False
data\bronze\osm\osm_osm_industrial_3541406.provenance.json,,https://overpass-api.de/api/interpreter?data=%5Bout%3Ajson%5D%5Btimeout%3A90%5D%3Brel%5B%22IBGE%3AGEOCODIGO%22%3D%223541406%22%5D%3Bmap_to_area-%3E.a%3Bway%28area.a%29%5B%22landuse%22%3D%22industrial%22%5D%3Bout%20count%3B,,False
data\bronze\osm\osm_osm_industrial_3543402.provenance.json,,https://overpass-api.de/api/interpreter?data=%5Bout%3Ajson%5D%5Btimeout%3A90%5D%3Brel%5B%22IBGE%3AGEOCODIGO%22%3D%223543402%22%5D%3Bmap_to_area-%3E.a%3Bway%28area.a%29%5B%22landuse%22%3D%22industrial%22%5D%3Bout%20count%3B,,False
data\bronze\osm\osm_osm_industrial_3543907.provenance.json,,https://overpass-api.de/api/interpreter?data=%5Bout%3Ajson%5D%5Btimeout%3A90%5D%3Brel%5B%22IBGE%3AGEOCODIGO%22%3D%223543907%22%5D%3Bmap_to_area-%3E.a%3Bway%28area.a%29%5B%22landuse%22%3D%22industrial%22%5D%3Bout%20count%3B,,False
data\bronze\osm\osm_osm_industrial_3545803.provenance.json,,https://overpass-api.de/api/interpreter?data=%5Bout%3Ajson%5D%5Btimeout%3A90%5D%3Brel%5B%22IBGE%3AGEOCODIGO%22%3D%223545803%22%5D%3Bmap_to_area-%3E.a%3Bway%28area.a%29%5B%22landuse%22%3D%22industrial%22%5D%3Bout%20count%3B,,False
data\bronze\osm\osm_osm_industrial_3547304.provenance.json,,https://overpass-api.de/api/interpreter?data=%5Bout%3Ajson%5D%5Btimeout%3A90%5D%3Brel%5B%22IBGE%3AGEOCODIGO%22%3D%223547304%22%5D%3Bmap_to_area-%3E.a%3Bway%28area.a%29%5B%22landuse%22%3D%22industrial%22%5D%3Bout%20count%3B,,False
data\bronze\osm\osm_osm_industrial_3547809.provenance.json,,https://overpass-api.de/api/interpreter?data=%5Bout%3Ajson%5D%5Btimeout%3A90%5D%3Brel%5B%22IBGE%3AGEOCODIGO%22%3D%223547809%22%5D%3Bmap_to_area-%3E.a%3Bway%28area.a%29%5B%22landuse%22%3D%22industrial%22%5D%3Bout%20count%3B,,False
data\bronze\osm\osm_osm_industrial_3548500.provenance.json,,https://overpass-api.de/api/interpreter?data=%5Bout%3Ajson%5D%5Btimeout%3A90%5D%3Brel%5B%22IBGE%3AGEOCODIGO%22%3D%223548500%22%5D%3Bmap_to_area-%3E.a%3Bway%28area.a%29%5B%22landuse%22%3D%22industrial%22%5D%3Bout%20count%3B,,False
data\bronze\osm\osm_osm_industrial_3548708.provenance.json,,https://overpass-api.de/api/interpreter?data=%5Bout%3Ajson%5D%5Btimeout%3A90%5D%3Brel%5B%22IBGE%3AGEOCODIGO%22%3D%223548708%22%5D%3Bmap_to_area-%3E.a%3Bway%28area.a%29%5B%22landuse%22%3D%22industrial%22%5D%3Bout%20count%3B,,False
data\bronze\osm\osm_osm_industrial_3548807.provenance.json,,https://overpass-api.de/api/interpreter?data=%5Bout%3Ajson%5D%5Btimeout%3A90%5D%3Brel%5B%22IBGE%3AGEOCODIGO%22%3D%223548807%22%5D%3Bmap_to_area-%3E.a%3Bway%28area.a%29%5B%22landuse%22%3D%22industrial%22%5D%3Bout%20count%3B,,False
data\bronze\osm\osm_osm_industrial_3548906.provenance.json,,https://overpass-api.de/api/interpreter?data=%5Bout%3Ajson%5D%5Btimeout%3A90%5D%3Brel%5B%22IBGE%3AGEOCODIGO%22%3D%223548906%22%5D%3Bmap_to_area-%3E.a%3Bway%28area.a%29%5B%22landuse%22%3D%22industrial%22%5D%3Bout%20count%3B,,False
data\bronze\osm\osm_osm_industrial_3549805.provenance.json,,https://overpass-api.de/api/interpreter?data=%5Bout%3Ajson%5D%5Btimeout%3A90%5D%3Brel%5B%22IBGE%3AGEOCODIGO%22%3D%223549805%22%5D%3Bmap_to_area-%3E.a%3Bway%28area.a%29%5B%22landuse%22%3D%22industrial%22%5D%3Bout%20count%3B,,False
data\bronze\osm\osm_osm_industrial_3549904.provenance.json,,https://overpass-api.de/api/interpreter?data=%5Bout%3Ajson%5D%5Btimeout%3A90%5D%3Brel%5B%22IBGE%3AGEOCODIGO%22%3D%223549904%22%5D%3Bmap_to_area-%3E.a%3Bway%28area.a%29%5B%22landuse%22%3D%22industrial%22%5D%3Bout%20count%3B,,False
data\bronze\osm\osm_osm_industrial_3550308.provenance.json,,https://overpass-api.de/api/interpreter?data=%5Bout%3Ajson%5D%5Btimeout%3A90%5D%3Brel%5B%22IBGE%3AGEOCODIGO%22%3D%223550308%22%5D%3Bmap_to_area-%3E.a%3Bway%28area.a%29%5B%22landuse%22%3D%22industrial%22%5D%3Bout%20count%3B,,False
data\bronze\osm\osm_osm_industrial_3551009.provenance.json,,https://overpass-api.de/api/interpreter?data=%5Bout%3Ajson%5D%5Btimeout%3A90%5D%3Brel%5B%22IBGE%3AGEOCODIGO%22%3D%223551009%22%5D%3Bmap_to_area-%3E.a%3Bway%28area.a%29%5B%22landuse%22%3D%22industrial%22%5D%3Bout%20count%3B,,False
data\bronze\osm\osm_osm_industrial_3552205.provenance.json,,https://overpass-api.de/api/interpreter?data=%5Bout%3Ajson%5D%5Btimeout%3A90%5D%3Brel%5B%22IBGE%3AGEOCODIGO%22%3D%223552205%22%5D%3Bmap_to_area-%3E.a%3Bway%28area.a%29%5B%22landuse%22%3D%22industrial%22%5D%3Bout%20count%3B,,False
data\bronze\osm\osm_osm_industrial_3552403.provenance.json,,https://overpass-api.de/api/interpreter?data=%5Bout%3Ajson%5D%5Btimeout%3A90%5D%3Brel%5B%22IBGE%3AGEOCODIGO%22%3D%223552403%22%5D%3Bmap_to_area-%3E.a%3Bway%28area.a%29%5B%22landuse%22%3D%22industrial%22%5D%3Bout%20count%3B,,False
data\bronze\osm\osm_osm_industrial_3552502.provenance.json,,https://overpass-api.de/api/interpreter?data=%5Bout%3Ajson%5D%5Btimeout%3A90%5D%3Brel%5B%22IBGE%3AGEOCODIGO%22%3D%223552502%22%5D%3Bmap_to_area-%3E.a%3Bway%28area.a%29%5B%22landuse%22%3D%22industrial%22%5D%3Bout%20count%3B,,False
data\bronze\osm\osm_osm_industrial_3554102.provenance.json,,https://overpass-api.de/api/interpreter?data=%5Bout%3Ajson%5D%5Btimeout%3A90%5D%3Brel%5B%22IBGE%3AGEOCODIGO%22%3D%223554102%22%5D%3Bmap_to_area-%3E.a%3Bway%28area.a%29%5B%22landuse%22%3D%22industrial%22%5D%3Bout%20count%3B,,False
data\bronze\osm\osm_osm_industrial_3556206.provenance.json,,https://overpass-api.de/api/interpreter?data=%5Bout%3Ajson%5D%5Btimeout%3A90%5D%3Brel%5B%22IBGE%3AGEOCODIGO%22%3D%223556206%22%5D%3Bmap_to_area-%3E.a%3Bway%28area.a%29%5B%22landuse%22%3D%22industrial%22%5D%3Bout%20count%3B,,False
data\bronze\osm\osm_osm_industrial_4104808.provenance.json,,https://overpass-api.de/api/interpreter?data=%5Bout%3Ajson%5D%5Btimeout%3A90%5D%3Brel%5B%22IBGE%3AGEOCODIGO%22%3D%224104808%22%5D%3Bmap_to_area-%3E.a%3Bway%28area.a%29%5B%22landuse%22%3D%22industrial%22%5D%3Bout%20count%3B,,False
data\bronze\osm\osm_osm_industrial_4106902.provenance.json,,https://overpass-api.de/api/interpreter?data=%5Bout%3Ajson%5D%5Btimeout%3A90%5D%3Brel%5B%22IBGE%3AGEOCODIGO%22%3D%224106902%22%5D%3Bmap_to_area-%3E.a%3Bway%28area.a%29%5B%22landuse%22%3D%22industrial%22%5D%3Bout%20count%3B,,False
data\bronze\osm\osm_osm_industrial_4113700.provenance.json,,https://overpass-api.de/api/interpreter?data=%5Bout%3Ajson%5D%5Btimeout%3A90%5D%3Brel%5B%22IBGE%3AGEOCODIGO%22%3D%224113700%22%5D%3Bmap_to_area-%3E.a%3Bway%28area.a%29%5B%22landuse%22%3D%22industrial%22%5D%3Bout%20count%3B,,False
data\bronze\osm\osm_osm_industrial_4115200.provenance.json,,https://overpass-api.de/api/interpreter?data=%5Bout%3Ajson%5D%5Btimeout%3A90%5D%3Brel%5B%22IBGE%3AGEOCODIGO%22%3D%224115200%22%5D%3Bmap_to_area-%3E.a%3Bway%28area.a%29%5B%22landuse%22%3D%22industrial%22%5D%3Bout%20count%3B,,False
data\bronze\osm\osm_osm_industrial_4119905.provenance.json,,https://overpass-api.de/api/interpreter?data=%5Bout%3Ajson%5D%5Btimeout%3A90%5D%3Brel%5B%22IBGE%3AGEOCODIGO%22%3D%224119905%22%5D%3Bmap_to_area-%3E.a%3Bway%28area.a%29%5B%22landuse%22%3D%22industrial%22%5D%3Bout%20count%3B,,False
data\bronze\osm\osm_osm_industrial_4125506.provenance.json,,https://overpass-api.de/api/interpreter?data=%5Bout%3Ajson%5D%5Btimeout%3A90%5D%3Brel%5B%22IBGE%3AGEOCODIGO%22%3D%224125506%22%5D%3Bmap_to_area-%3E.a%3Bway%28area.a%29%5B%22landuse%22%3D%22industrial%22%5D%3Bout%20count%3B,,False
data\bronze\osm\osm_osm_industrial_4202008.provenance.json,,https://overpass-api.de/api/interpreter?data=%5Bout%3Ajson%5D%5Btimeout%3A90%5D%3Brel%5B%22IBGE%3AGEOCODIGO%22%3D%224202008%22%5D%3Bmap_to_area-%3E.a%3Bway%28area.a%29%5B%22landuse%22%3D%22industrial%22%5D%3Bout%20count%3B,,False
data\bronze\osm\osm_osm_industrial_4202404.provenance.json,,https://overpass-api.de/api/interpreter?data=%5Bout%3Ajson%5D%5Btimeout%3A90%5D%3Brel%5B%22IBGE%3AGEOCODIGO%22%3D%224202404%22%5D%3Bmap_to_area-%3E.a%3Bway%28area.a%29%5B%22landuse%22%3D%22industrial%22%5D%3Bout%20count%3B,,False
data\bronze\osm\osm_osm_industrial_4204202.provenance.json,,https://overpass-api.de/api/interpreter?data=%5Bout%3Ajson%5D%5Btimeout%3A90%5D%3Brel%5B%22IBGE%3AGEOCODIGO%22%3D%224204202%22%5D%3Bmap_to_area-%3E.a%3Bway%28area.a%29%5B%22landuse%22%3D%22industrial%22%5D%3Bout%20count%3B,,False
data\bronze\osm\osm_osm_industrial_4205407.provenance.json,,https://overpass-api.de/api/interpreter?data=%5Bout%3Ajson%5D%5Btimeout%3A90%5D%3Brel%5B%22IBGE%3AGEOCODIGO%22%3D%224205407%22%5D%3Bmap_to_area-%3E.a%3Bway%28area.a%29%5B%22landuse%22%3D%22industrial%22%5D%3Bout%20count%3B,,False
data\bronze\osm\osm_osm_industrial_4208906.provenance.json,,https://overpass-api.de/api/interpreter?data=%5Bout%3Ajson%5D%5Btimeout%3A90%5D%3Brel%5B%22IBGE%3AGEOCODIGO%22%3D%224208906%22%5D%3Bmap_to_area-%3E.a%3Bway%28area.a%29%5B%22landuse%22%3D%22industrial%22%5D%3Bout%20count%3B,,False
data\bronze\osm\osm_osm_industrial_4209102.provenance.json,,https://overpass-api.de/api/interpreter?data=%5Bout%3Ajson%5D%5Btimeout%3A90%5D%3Brel%5B%22IBGE%3AGEOCODIGO%22%3D%224209102%22%5D%3Bmap_to_area-%3E.a%3Bway%28area.a%29%5B%22landuse%22%3D%22industrial%22%5D%3Bout%20count%3B,,False
data\bronze\osm\osm_osm_industrial_4211900.provenance.json,,https://overpass-api.de/api/interpreter?data=%5Bout%3Ajson%5D%5Btimeout%3A90%5D%3Brel%5B%22IBGE%3AGEOCODIGO%22%3D%224211900%22%5D%3Bmap_to_area-%3E.a%3Bway%28area.a%29%5B%22landuse%22%3D%22industrial%22%5D%3Bout%20count%3B,,False
data\bronze\osm\osm_osm_industrial_4304606.provenance.json,,https://overpass-api.de/api/interpreter?data=%5Bout%3Ajson%5D%5Btimeout%3A90%5D%3Brel%5B%22IBGE%3AGEOCODIGO%22%3D%224304606%22%5D%3Bmap_to_area-%3E.a%3Bway%28area.a%29%5B%22landuse%22%3D%22industrial%22%5D%3Bout%20count%3B,,False
data\bronze\osm\osm_osm_industrial_4305108.provenance.json,,https://overpass-api.de/api/interpreter?data=%5Bout%3Ajson%5D%5Btimeout%3A90%5D%3Brel%5B%22IBGE%3AGEOCODIGO%22%3D%224305108%22%5D%3Bmap_to_area-%3E.a%3Bway%28area.a%29%5B%22landuse%22%3D%22industrial%22%5D%3Bout%20count%3B,,False
data\bronze\osm\osm_osm_industrial_4313409.provenance.json,,https://overpass-api.de/api/interpreter?data=%5Bout%3Ajson%5D%5Btimeout%3A90%5D%3Brel%5B%22IBGE%3AGEOCODIGO%22%3D%224313409%22%5D%3Bmap_to_area-%3E.a%3Bway%28area.a%29%5B%22landuse%22%3D%22industrial%22%5D%3Bout%20count%3B,,False
data\bronze\osm\osm_osm_industrial_4314407.provenance.json,,https://overpass-api.de/api/interpreter?data=%5Bout%3Ajson%5D%5Btimeout%3A90%5D%3Brel%5B%22IBGE%3AGEOCODIGO%22%3D%224314407%22%5D%3Bmap_to_area-%3E.a%3Bway%28area.a%29%5B%22landuse%22%3D%22industrial%22%5D%3Bout%20count%3B,,False
data\bronze\osm\osm_osm_industrial_4314902.provenance.json,,https://overpass-api.de/api/interpreter?data=%5Bout%3Ajson%5D%5Btimeout%3A90%5D%3Brel%5B%22IBGE%3AGEOCODIGO%22%3D%224314902%22%5D%3Bmap_to_area-%3E.a%3Bway%28area.a%29%5B%22landuse%22%3D%22industrial%22%5D%3Bout%20count%3B,,False
data\bronze\osm\osm_osm_industrial_4316907.provenance.json,,https://overpass-api.de/api/interpreter?data=%5Bout%3Ajson%5D%5Btimeout%3A90%5D%3Brel%5B%22IBGE%3AGEOCODIGO%22%3D%224316907%22%5D%3Bmap_to_area-%3E.a%3Bway%28area.a%29%5B%22landuse%22%3D%22industrial%22%5D%3Bout%20count%3B,,False
data\bronze\osm\osm_osm_industrial_5002704.provenance.json,,https://overpass-api.de/api/interpreter?data=%5Bout%3Ajson%5D%5Btimeout%3A90%5D%3Brel%5B%22IBGE%3AGEOCODIGO%22%3D%225002704%22%5D%3Bmap_to_area-%3E.a%3Bway%28area.a%29%5B%22landuse%22%3D%22industrial%22%5D%3Bout%20count%3B,,False
data\bronze\osm\osm_osm_industrial_5103403.provenance.json,,https://overpass-api.de/api/interpreter?data=%5Bout%3Ajson%5D%5Btimeout%3A90%5D%3Brel%5B%22IBGE%3AGEOCODIGO%22%3D%225103403%22%5D%3Bmap_to_area-%3E.a%3Bway%28area.a%29%5B%22landuse%22%3D%22industrial%22%5D%3Bout%20count%3B,,False
data\bronze\osm\osm_osm_industrial_5201108.provenance.json,,https://overpass-api.de/api/interpreter?data=%5Bout%3Ajson%5D%5Btimeout%3A90%5D%3Brel%5B%22IBGE%3AGEOCODIGO%22%3D%225201108%22%5D%3Bmap_to_area-%3E.a%3Bway%28area.a%29%5B%22landuse%22%3D%22industrial%22%5D%3Bout%20count%3B,,False
data\bronze\osm\osm_osm_industrial_5208707.provenance.json,,https://overpass-api.de/api/interpreter?data=%5Bout%3Ajson%5D%5Btimeout%3A90%5D%3Brel%5B%22IBGE%3AGEOCODIGO%22%3D%225208707%22%5D%3Bmap_to_area-%3E.a%3Bway%28area.a%29%5B%22landuse%22%3D%22industrial%22%5D%3Bout%20count%3B,,False
data\bronze\osm\osm_osm_industrial_5300108.provenance.json,,https://overpass-api.de/api/interpreter?data=%5Bout%3Ajson%5D%5Btimeout%3A90%5D%3Brel%5B%22IBGE%3AGEOCODIGO%22%3D%225300108%22%5D%3Bmap_to_area-%3E.a%3Bway%28area.a%29%5B%22landuse%22%3D%22industrial%22%5D%3Bout%20count%3B,,False
data\bronze\osm_regional\centro-oeste-260930.provenance.json,,,,False
