id,custo,fixo,frete,penalidade,servico_pct,centros,tempo_s,status,bound_solver,orcamento_s,demanda,capacidade,gap_solver_pct,fator,nivel
sens_demand_0.6,506460.088208787,20000.0,486460.088208787,0.0,100.0,10,2.6009973000036553,VIAVEL_LIMITE_TEMPO,505484.0466333311,3.0,15968.999999999998,39932.0,0.19271835988259567,demand,0.6
sens_demand_0.8,673276.3443165297,22000.0,651276.3443165297,0.0,100.0,11,1.3116196999908425,OTIMO,673213.8673054315,3.0,21292.000000000004,39932.0,0.009279549419131922,demand,0.8
sens_demand_1.0,949165.3934581394,30000.0,919165.3934581394,0.0,100.0,15,2.6282444999960717,VIAVEL_LIMITE_TEMPO,875875.5670006238,3.0,26615.0,39932.0,7.721502170501106,demand,1.0
sens_demand_1.2,1263922.4380397864,30000.0,1233922.4380397864,0.0,100.0,15,2.953848899996956,VIAVEL_LIMITE_TEMPO,1181298.7143556736,3.0,31937.999999999996,39932.0,6.537088131155711,demand,1.2
sens_demand_1.4,2039356.6641263294,30000.0,1525471.6060783295,483885.0580479999,98.5985346609055,15,2.962179100009962,VIAVEL_LIMITE_TEMPO,1526838.1613845304,3.0,37260.99999999999,39932.0,25.131381467369,demand,1.4
sens_capacity_0.6,4053701.6572250635,30000.0,918571.7653850635,3105129.89184,87.40935562652639,15,2.950806399996509,VIAVEL_LIMITE_TEMPO,3386170.65122056,3.0,26615.0,23959.200000000004,16.467196218417754,capacity,0.6
sens_capacity_0.8,1040959.0862882817,30000.0,1010959.0862882817,0.0,100.0,15,2.9302616999921156,VIAVEL_LIMITE_TEMPO,1015866.2783981413,3.0,26615.0,31945.6,2.410546986972674,capacity,0.8
sens_demand_1.0,949165.3934581394,30000.0,919165.3934581394,0.0,100.0,15,2.6282444999960717,VIAVEL_LIMITE_TEMPO,875875.5670006238,3.0,26615.0,39932.0,7.721502170501106,capacity,1.0
sens_capacity_1.2,842378.3383855274,22000.0,820378.3383855274,0.0,100.0,11,2.915906400012318,VIAVEL_LIMITE_TEMPO,840816.1405194364,3.0,26615.0,47918.40000000001,0.18545085918103923,capacity,1.2
sens_capacity_1.4,833252.9915717858,22000.0,811252.9915717858,0.0,100.0,11,2.0910411999939242,OTIMO,833180.3636245169,3.0,26615.0,55904.8,0.008716194001523025,capacity,1.4
sens_fixed_0.25,909583.273272748,7000.0,902583.273272748,0.0,100.0,14,2.865452500001993,VIAVEL_LIMITE_TEMPO,854357.6799192429,3.0,26615.0,39932.0,6.071526926259248,fixed,0.25
sens_fixed_0.5,927335.526331573,14000.0,913335.526331573,0.0,100.0,14,2.9414852000045357,VIAVEL_LIMITE_TEMPO,861636.0585617125,3.0,26615.0,39932.0,7.084756908835323,fixed,0.5
sens_demand_1.0,949165.3934581394,30000.0,919165.3934581394,0.0,100.0,15,2.6282444999960717,VIAVEL_LIMITE_TEMPO,875875.5670006238,3.0,26615.0,39932.0,7.721502170501106,fixed,1.0
sens_fixed_2.0,912803.3186691874,56000.0,856803.3186691874,0.0,100.0,14,2.9426678000018,VIAVEL_LIMITE_TEMPO,901821.9907375835,3.0,26615.0,39932.0,1.2030333048760167,fixed,2.0
sens_fixed_4.0,1004899.9632890741,104000.0,900899.9632890741,0.0,100.0,13,2.9273019000102067,VIAVEL_LIMITE_TEMPO,950604.4638141654,3.0,26615.0,39932.0,5.40307507796075,fixed,4.0
sens_transport_0.5,456401.6593345937,28000.0,428401.6593345937,0.0,100.0,14,2.940439400001196,VIAVEL_LIMITE_TEMPO,450861.6083096005,3.0,26615.0,39932.0,1.2138542688627043,transport,0.5
sens_transport_0.75,671469.6794371078,28000.0,643469.6794371078,0.0,100.0,14,2.9378012999950442,VIAVEL_LIMITE_TEMPO,663344.7266424857,3.0,26615.0,39932.0,1.21002526896422,transport,0.75
sens_demand_1.0,949165.3934581394,30000.0,919165.3934581394,0.0,100.0,15,2.6282444999960717,VIAVEL_LIMITE_TEMPO,875875.5670006238,3.0,26615.0,39932.0,7.721502170501106,transport,1.0
sens_transport_1.25,1102027.2534313262,28000.0,1074027.2534313262,0.0,100.0,14,2.945743300006143,VIAVEL_LIMITE_TEMPO,1087708.685825374,3.0,26615.0,39932.0,1.2992934214076168,transport,1.25
sens_transport_1.5,1387538.5727403422,30000.0,1357538.5727403422,0.0,100.0,15,2.9346112000057474,VIAVEL_LIMITE_TEMPO,1299836.584459059,3.0,26615.0,39932.0,6.3206883040429505,transport,1.5
sens_penalty_0.1,829650.9619459339,24000.0,645159.0200579339,160491.941888,93.49239150854781,12,2.9245939000102226,VIAVEL_LIMITE_TEMPO,828908.4653274398,3.0,26615.0,39932.0,0.08949505907309835,penalty,0.1
sens_penalty_0.25,929133.5052845702,28000.0,901133.5052845702,0.0,100.0,14,2.9841171000007307,VIAVEL_LIMITE_TEMPO,875282.1396819223,3.0,26615.0,39932.0,5.7958695167444825,penalty,0.25
sens_penalty_0.5,919584.0118718701,28000.0,891584.0118718701,0.0,100.0,14,2.95780950000335,VIAVEL_LIMITE_TEMPO,875827.3990753572,3.0,26615.0,39932.0,4.758305084865885,penalty,0.5
sens_demand_1.0,949165.3934581394,30000.0,919165.3934581394,0.0,100.0,15,2.6282444999960717,VIAVEL_LIMITE_TEMPO,875875.5670006238,3.0,26615.0,39932.0,7.721502170501106,penalty,1.0
sens_penalty_2.0,971249.6886278795,30000.0,941249.6886278795,0.0,100.0,15,2.955163899998297,VIAVEL_LIMITE_TEMPO,875926.2464598641,3.0,26615.0,39932.0,9.814514566556245,penalty,2.0
