uf,2016-09,2016-10,2016-12,2017-01,2017-02,2017-03,2017-04,2017-05,2017-06,2017-07,2017-08,2017-09,2017-10,2017-11,2017-12,2018-01,2018-02,2018-03,2018-04,2018-05,2018-06,2018-07,2018-08
AC,0,0,0,2,3,2,5,8,4,5,4,5,5,5,5,6,3,2,4,2,3,4,3
AL,0,1,0,2,12,10,21,27,11,15,17,19,28,26,12,36,27,27,27,19,23,22,15
AM,0,0,0,0,8,5,13,8,1,5,5,9,3,10,6,12,8,8,6,9,7,18,4
AP,0,0,0,0,2,3,0,4,2,1,3,2,3,4,4,11,2,5,5,6,2,5,2
BA,0,3,0,24,58,85,84,119,103,144,151,167,158,243,188,228,208,235,216,236,198,245,159
CE,0,6,0,8,13,26,42,62,44,53,73,73,63,102,79,77,84,93,96,71,72,84,54
DF,0,6,0,13,21,54,34,59,68,74,83,93,92,157,129,132,168,146,146,139,146,165,142
ES,0,3,0,9,31,47,45,90,79,80,94,93,99,168,108,145,149,133,140,132,123,121,101
GO,0,7,0,18,24,47,38,84,74,76,89,84,106,152,126,148,147,142,132,137,106,112,117
MA,0,4,0,5,11,22,25,31,15,37,38,41,47,53,40,55,55,49,46,32,41,38,29
MG,0,35,0,102,241,343,268,412,354,437,460,493,544,922,671,846,793,854,781,751,714,645,704
MS,0,0,0,1,12,19,15,26,27,25,24,32,33,44,34,70,64,57,43,44,49,49,35
MT,0,1,0,9,17,16,25,37,24,38,38,35,50,73,49,83,67,52,64,66,58,47,40
PA,0,4,0,11,23,35,35,35,36,36,57,41,52,69,58,69,57,67,66,40,54,57,42
PB,0,1,0,2,11,16,20,17,22,26,16,25,28,27,37,31,35,38,28,29,28,51,28
PE,0,6,0,9,20,36,35,62,40,70,84,74,76,125,101,102,121,107,110,103,91,136,83
PI,0,1,0,7,10,13,11,23,14,20,20,22,23,31,23,48,32,34,34,30,29,32,20
PR,0,19,1,62,110,120,112,205,167,195,220,176,198,363,259,371,335,368,378,308,305,310,327
RJ,0,40,0,91,229,368,323,464,397,546,534,588,648,1008,741,848,877,862,805,816,706,693,722
RN,0,4,0,5,8,13,10,17,12,27,19,23,23,41,30,42,23,38,32,22,35,29,20
RO,0,0,0,3,9,16,7,8,10,10,14,16,13,17,11,20,13,13,11,17,11,16,8
RR,0,1,0,0,2,2,2,2,3,1,0,1,3,2,0,1,3,5,2,1,5,5,0
RS,0,17,0,52,100,144,132,206,215,242,296,273,244,409,278,367,361,407,345,350,303,308,293
SC,0,9,0,26,57,105,100,146,109,152,152,153,174,288,192,311,255,247,244,226,205,195,201
SE,0,3,0,4,12,22,13,11,8,13,19,16,22,26,20,19,15,17,13,8,25,26,23
SP,1,94,0,283,601,965,873,1363,1283,1543,1665,1577,1723,2901,2296,2975,2629,2969,3000,3138,2738,2718,3163
TO,0,0,0,2,8,7,14,17,8,1,15,16,13,17,14,16,20,20,19,16,18,23,14
