modelo,deviance_poisson,deviance_poisson_pop50k,spearman_pop50k,captura_top300,captura_top300_ideal,razao_soma_prev_real,validacao
pop_proporcional,10.960130435870262,59.63569317753997,0.766620021509173,0.8068189806678383,0.8215934387814879,0.9533721060497783,uf
glm_pop_dist,6.713489922707911,31.143818368456973,0.834352302512977,0.8125951962507323,0.8215934387814879,1.036812084468198,uf
glm_completo,5.66766031602735,22.31134903252917,0.8702411684863199,0.8133919156414763,0.8215934387814879,1.0870838921933614,uf
gbm_completo,3.883769672916852,17.614867673183834,0.8987695931197769,0.8156531927357938,0.8215934387814879,0.9094858979613242,uf
glm_osm,5.856207093955563,24.35648968474867,0.8748076954209275,0.8141066198008201,0.8215934387814879,1.072000965105089,uf
gbm_osm,4.247536015673564,20.616311682797807,0.9000217480927725,0.8158640890451084,0.8215934387814879,0.9028777565710674,uf
pop_proporcional,14.13319271682348,88.28229371649299,0.6830375947997854,0.8010427650849443,0.8215934387814879,0.8024050581569064,regiao
glm_pop_dist,8.606142806270135,49.14834524997908,0.7888032106726862,0.8089279437609842,0.8215934387814879,0.8619226224516078,regiao
glm_completo,8.079873062168108,41.66445302133652,0.799301593191635,0.8087287639132982,0.8215934387814879,0.9071944760426267,regiao
gbm_completo,6.52082341206981,35.98501964871724,0.8416138825380544,0.8100410076157001,0.8215934387814879,0.790077427023231,regiao
glm_osm,7.709315390462774,39.39601599635584,0.8144200414805566,0.8083772700644405,0.8215934387814879,0.9114696422793507,regiao
gbm_osm,6.598492831043966,36.49390068177902,0.8446430674360362,0.8114235500878735,0.8215934387814879,0.7929004228496989,regiao
