variavel,aumento_deviance,desvio
gini,1.7224307630733855,2.667274057885469
idhm,1.6632122693195581,1.9034705307412687
share_30_44,1.5013537188269444,2.6063872887414887
log_pop,1.0131162503731834,2.4512752541286407
log_pib_pc,0.5487083298102812,0.976230874462713
share_60_mais,0.5437800600433578,1.4043093970434608
log_dist_polo,0.5111598476060615,0.9092631481133394
log_rdpc,0.48508872900419875,1.0306985032614746
share_15_29,0.22421506453155104,0.25872767851275075
idhm_e,0.11091742410248076,0.37659116451439983
idhm_r,0.03335823791091544,0.38685323533589777
cagr_10_22,-0.011144058535925438,0.15897189112941307
