decil,previsto,observado,n,razao
1,1236.0129682216527,969.0,95,1.2755551787633155
2,1444.7337569187494,954.0,94,1.5143959716129447
3,1639.3804294029558,1029.0,94,1.593178259866818
4,1934.2173317040417,1263.0,94,1.5314468184513395
5,2265.9934680449605,1677.0,94,1.3512185259659872
6,2772.7237446752783,2238.0,94,1.2389292871650037
7,3805.4670741118252,3243.0,94,1.173440355877837
8,5560.080931730092,5498.0,94,1.0112915481502531
9,9110.358971252559,8634.0,94,1.05517245439571
10,39923.10788588719,54034.0,94,0.7388516098361623
