filtro,k,custo_total,arrependimento_pct,tempo_s
todos os 120,120,15754817.29835857,0.0,135.60600900650024
score_demanda,30,17868296.031606577,13.414809535545679,66.98674535751343
score_logit,30,18721467.364652302,18.830114054085634,67.21078038215637
score_gbm,30,16671794.420385668,5.820296768040811,44.9270384311676
score_logit_osm,30,19222795.300991867,22.01217530459467,63.19811296463013
score_gbm_osm,30,16938721.573341265,7.514554136442064,47.632872104644775
score_demanda,45,15644415.792892598,-0.7007476086534847,64.76284980773926
score_logit,45,17280503.67401689,9.68393569259145,83.33047294616699
score_gbm,45,15535813.47381185,-1.3900753045834269,68.87238597869873
score_logit_osm,45,16670674.37927211,5.813187570311973,81.11718034744263
score_gbm_osm,45,15583624.6958696,-1.0866048094813952,72.24130964279175
score_demanda,60,15561030.391267175,-1.2300168476824247,104.87840104103088
score_logit,60,15927224.653733088,1.0943151679231322,94.27473640441895
score_gbm,60,15429983.722607244,-2.061804777546805,83.62218570709229
score_logit_osm,60,15483651.1833587,-1.7211631837084074,85.81702041625977
score_gbm_osm,60,15534027.960512556,-1.4014084306075536,89.0048656463623
