projeto,cenario,custo_total,custo_fixo,frete,terceirizado,pct_terceirizado,modulos,arrependimento_pct
2025 base,2025 base,15462973.18076839,4683634.523809523,10779338.656958867,0.0,0.0,34.0,0.0
2025 base,2030 base,24894461.156923927,4683634.523809523,20210826.633114405,0.0,0.0,34.0,25.48608768223901
2025 base,2030 baixo,18085002.30635945,4683634.523809523,13401367.782549929,0.0,0.0,34.0,1.6752541025732537
2025 base,2030 alto,70202989.45504163,4683634.523809523,27238625.747824997,38280729.18340711,9.062216168161074,34.0,205.8633519601404
2030 base,2025 base,15970723.913474848,5339952.380952381,10630771.532522468,0.0,0.0,38.0,3.283655263257912
2030 base,2030 base,19875443.865720704,5339952.380952381,14535491.484768324,0.0,0.0,38.0,0.18661082622239977
2030 base,2030 baixo,17842724.398822583,5339952.380952381,12502772.0178702,0.0,0.0,38.0,0.3131493378097705
2030 base,2030 alto,27315548.670796536,5339952.380952381,21975596.289844155,0.0,0.0,38.0,19.009537085748484
2030 baixo,2025 base,15873450.019086696,5114930.9523809515,10758519.066705745,0.0,0.0,39.0,2.654578996675916
2030 baixo,2030 base,21045408.48130215,5114930.9523809515,15930477.5289212,0.0,0.0,39.0,6.084078596684117
2030 baixo,2030 baixo,17916154.75370554,5114930.9523809515,12801223.801324587,0.0,0.0,39.0,0.7259803601724846
2030 baixo,2030 alto,36936973.45848724,5114930.9523809515,28373350.863673143,3448691.6424331465,0.8164104975985211,39.0,60.928567301407234
2030 alto,2025 base,16860643.655007288,6496889.880952381,10363753.77405491,0.0,0.0,43.0,9.038821046247492
2030 alto,2030 base,20485073.821025476,6496889.880952381,13988183.940073093,0.0,0.0,43.0,3.2595866798819984
2030 alto,2030 baixo,18650228.78032463,6496889.880952381,12153338.899372252,0.0,0.0,43.0,4.853000192531032
2030 alto,2030 alto,22952403.0928002,6496889.880952381,16455513.21184782,0.0,0.0,43.0,0.0
2030 média dos 3,2025 base,15923289.263394171,5339952.380952381,10583336.88244179,0.0,0.0,38.0,2.9768924594546053
2030 média dos 3,2030 base,19838423.22023992,5339952.380952381,14498470.839287538,0.0,0.0,38.0,0.0
2030 média dos 3,2030 baixo,17787024.44954278,5339952.380952381,12447072.068590399,0.0,0.0,38.0,0.0
2030 média dos 3,2030 alto,27254195.108483396,5339952.380952381,21914242.727531016,0.0,0.0,38.0,18.742229292028245
