instancia,contexto,tipo,n_livres,limite_original_s,limite_s,objetivo_antes,objetivo_depois,melhorou,ganho_rel,iteracoes_busca,falhas_busca,repeticoes_busca,chaves_repetidas,status,nos,dual,primal,tempo,variaveis
clusters_m30_n150_r1.5_s1000,pl,fronteira,34,1.5,5.0,27426.835779233494,27426.835779233494,False,0.0,262,241,185,28,optimal,1,1004.1860729113683,1004.1860729113683,0.174513,353
clusters_m30_n150_r1.5_s1000,pl,fronteira,34,1.5,30.0,27426.835779233494,27426.835779233494,False,0.0,262,241,185,28,optimal,1,1004.1860729113683,1004.1860729113683,0.174733,353
clusters_m30_n150_r1.5_s1000,pl,fronteira,34,1.5,5.0,27426.835779233494,27426.835779233494,False,0.0,262,241,185,28,optimal,1,2886.884075887703,2886.884075887703,0.163295,346
clusters_m30_n150_r1.5_s1000,pl,fronteira,34,1.5,30.0,27426.835779233494,27426.835779233494,False,0.0,262,241,185,28,optimal,1,2886.884075887703,2886.884075887703,0.164166,346
clusters_m30_n150_r1.5_s1000,pl,liberacao,15,1.5,5.0,27426.835779233494,27426.835779233494,False,0.0,262,241,185,28,optimal,1,3415.193063534756,3415.193063534756,0.070754,157
clusters_m30_n150_r1.5_s1000,pl,liberacao,15,1.5,30.0,27426.835779233494,27426.835779233494,False,0.0,262,241,185,28,optimal,1,3415.193063534756,3415.193063534756,0.070689,157
clusters_m30_n150_r1.5_s1000,pl,regret,15,1.5,5.0,27426.835779233494,27426.835779233494,False,0.0,262,241,185,28,optimal,1,176.71852057190742,176.71852057190742,0.006907,154
clusters_m30_n150_r1.5_s1000,pl,regret,15,1.5,30.0,27426.835779233494,27426.835779233494,False,0.0,262,241,185,28,optimal,1,176.71852057190742,176.71852057190742,0.006849,154
clusters_m30_n150_r1.5_s1000,pl,fronteira,27,1.5,5.0,27426.835779233494,27426.835779233494,False,0.0,262,241,185,28,optimal,1,2766.483114055926,2766.483114055926,0.082855,278
clusters_m30_n150_r1.5_s1000,pl,fronteira,27,1.5,30.0,27426.835779233494,27426.835779233494,False,0.0,262,241,185,28,optimal,1,2766.483114055926,2766.483114055926,0.082997,278
clusters_m30_n150_r1.5_s1000,pl,interior,13,1.5,5.0,27426.835779233494,27426.835779233494,False,0.0,262,241,185,28,optimal,1,154.04004016860623,154.04004016860623,0.005757,135
clusters_m30_n150_r1.5_s1000,pl,interior,13,1.5,30.0,27426.835779233494,27426.835779233494,False,0.0,262,241,185,28,optimal,1,154.04004016860623,154.04004016860623,0.005728,135
clusters_m30_n150_r1.5_s1000,pl,interior,15,1.5,5.0,27426.835779233494,27426.835779233494,False,0.0,262,241,185,28,optimal,1,898.4938018265292,898.4938018265292,0.037634999999999995,155
clusters_m30_n150_r1.5_s1000,pl,interior,15,1.5,30.0,27426.835779233494,27426.835779233494,False,0.0,262,241,185,28,optimal,1,898.4938018265292,898.4938018265292,0.037619,155
clusters_m30_n150_r1.5_s1000,pl,liberacao,13,1.5,5.0,27426.835779233494,27426.835779233494,False,0.0,262,241,185,28,optimal,1,3272.069306282553,3272.069306282553,0.022067999999999997,137
clusters_m30_n150_r1.5_s1000,pl,liberacao,13,1.5,30.0,27426.835779233494,27426.835779233494,False,0.0,262,241,185,28,optimal,1,3272.069306282553,3272.069306282553,0.022215,137
clusters_m30_n150_r1.5_s1000,expansao,fronteira,32,1.5,5.0,26329.623243777045,26329.623243777045,False,0.0,510,507,466,25,optimal,1,3575.8751826875086,3575.8751826875086,0.13233699999999998,331
clusters_m30_n150_r1.5_s1000,expansao,fronteira,32,1.5,30.0,26329.623243777045,26329.623243777045,False,0.0,510,507,466,25,optimal,1,3575.8751826875086,3575.8751826875086,0.13216999999999998,331
clusters_m30_n150_r1.5_s1000,expansao,interior,18,1.5,5.0,26329.623243777045,26329.623243777045,False,0.0,510,507,466,25,optimal,1,1699.4831464800036,1699.4831464800036,0.010747,193
clusters_m30_n150_r1.5_s1000,expansao,interior,18,1.5,30.0,26329.623243777045,26329.623243777045,False,0.0,510,507,466,25,optimal,1,1699.4831464800036,1699.4831464800036,0.010641999999999999,193
clusters_m30_n150_r1.5_s1000,expansao,regret,15,1.5,5.0,26329.623243777045,26329.623243777045,False,0.0,510,507,466,25,optimal,1,227.09745022572753,227.09745022572753,0.00231,156
clusters_m30_n150_r1.5_s1000,expansao,regret,15,1.5,30.0,26329.623243777045,26329.623243777045,False,0.0,510,507,466,25,optimal,1,227.09745022572753,227.09745022572753,0.002288,156
clusters_m30_n150_r1.5_s1000,expansao,fronteira,31,1.5,5.0,26329.623243777045,26329.623243777045,False,0.0,510,507,466,25,optimal,31,4365.134579591759,4365.134579591759,0.565373,323
clusters_m30_n150_r1.5_s1000,expansao,fronteira,31,1.5,30.0,26329.623243777045,26329.623243777045,False,0.0,510,507,466,25,optimal,31,4365.134579591759,4365.134579591759,0.565534,323
clusters_m30_n150_r1.5_s1000,expansao,interior,18,1.5,5.0,26329.623243777045,26329.623243777045,False,0.0,510,507,466,25,optimal,1,1682.9796031696258,1682.9796031696258,0.018021,189
clusters_m30_n150_r1.5_s1000,expansao,interior,18,1.5,30.0,26329.623243777045,26329.623243777045,False,0.0,510,507,466,25,optimal,1,1682.9796031696258,1682.9796031696258,0.017921,189
clusters_m30_n150_r1.5_s1000,expansao,interior,17,1.5,5.0,26329.623243777045,26329.623243777045,False,0.0,510,507,466,25,optimal,0,499.3449605864251,499.3449605864251,0.0007459999999999999,180
clusters_m30_n150_r1.5_s1000,expansao,interior,17,1.5,30.0,26329.623243777045,26329.623243777045,False,0.0,510,507,466,25,optimal,0,499.3449605864251,499.3449605864251,0.000753,180
clusters_m30_n150_r1.5_s1000,expansao,fronteira,26,1.5,5.0,26329.623243777045,26329.623243777045,False,0.0,510,507,466,25,optimal,1,2191.484140496529,2191.484140496529,0.029545,278
clusters_m30_n150_r1.5_s1000,expansao,fronteira,26,1.5,30.0,26329.623243777045,26329.623243777045,False,0.0,510,507,466,25,optimal,1,2191.484140496529,2191.484140496529,0.029539,278
clusters_m30_n150_r1.5_s1000,expansao,fronteira,34,1.5,5.0,26329.623243777045,26329.623243777045,False,0.0,510,507,466,25,optimal,1,4063.750436005599,4063.750436005599,0.029599,363
clusters_m30_n150_r1.5_s1000,expansao,fronteira,34,1.5,30.0,26329.623243777045,26329.623243777045,False,0.0,510,507,466,25,optimal,1,4063.750436005599,4063.750436005599,0.029486,363
clusters_m30_n150_r3.0_s1000,pl,regret,15,1.5,5.0,18502.98887850844,18502.98887850844,False,0.0,414,383,219,33,optimal,1,170.17830437690364,170.17830437690364,0.009394,158
clusters_m30_n150_r3.0_s1000,pl,regret,15,1.5,30.0,18502.98887850844,18502.98887850844,False,0.0,414,383,219,33,optimal,1,170.17830437690364,170.17830437690364,0.009205,158
clusters_m30_n150_r3.0_s1000,pl,fronteira,33,1.5,5.0,18502.98887850844,18502.98887850844,False,0.0,414,383,219,33,optimal,1,356.42248812663803,356.42248812663803,0.020886,340
clusters_m30_n150_r3.0_s1000,pl,fronteira,33,1.5,30.0,18502.98887850844,18502.98887850844,False,0.0,414,383,219,33,optimal,1,356.42248812663803,356.42248812663803,0.020787999999999997,340
clusters_m30_n150_r3.0_s1000,pl,interior,8,1.5,5.0,18502.98887850844,18502.98887850844,False,0.0,414,383,219,33,optimal,1,160.5605261461126,160.5605261461126,0.001201,90
clusters_m30_n150_r3.0_s1000,pl,interior,8,1.5,30.0,18502.98887850844,18502.98887850844,False,0.0,414,383,219,33,optimal,1,160.5605261461126,160.5605261461126,0.0011719999999999999,90
clusters_m30_n150_r3.0_s1000,pl,fronteira,27,1.5,5.0,18502.481557092087,18502.481557092087,False,0.0,414,383,219,33,optimal,1,369.26305669988824,369.26305669988824,0.002351,282
clusters_m30_n150_r3.0_s1000,pl,fronteira,27,1.5,30.0,18502.481557092087,18502.481557092087,False,0.0,414,383,219,33,optimal,1,369.26305669988824,369.26305669988824,0.002388,282
clusters_m30_n150_r3.0_s1000,pl,interior,17,1.5,5.0,18502.481557092087,18502.481557092087,False,0.0,414,383,219,33,optimal,0,113.73162685512722,113.73162685512722,0.0006619999999999999,179
clusters_m30_n150_r3.0_s1000,pl,interior,17,1.5,30.0,18502.481557092087,18502.481557092087,False,0.0,414,383,219,33,optimal,0,113.73162685512722,113.73162685512722,0.000692,179
clusters_m30_n150_r3.0_s1000,pl,interior,14,1.5,5.0,18502.481557092087,18502.481557092087,False,0.0,414,383,219,33,optimal,0,215.46985177570667,215.46985177570667,0.0005989999999999999,148
clusters_m30_n150_r3.0_s1000,pl,interior,14,1.5,30.0,18502.481557092087,18502.481557092087,False,0.0,414,383,219,33,optimal,0,215.46985177570667,215.46985177570667,0.000621,148
clusters_m30_n150_r3.0_s1000,pl,fronteira,32,1.5,5.0,18502.481557092087,18502.481557092087,False,0.0,414,383,219,33,optimal,1,492.9822564662613,492.9822564662613,0.005405999999999999,330
clusters_m30_n150_r3.0_s1000,pl,fronteira,32,1.5,30.0,18502.481557092087,18502.481557092087,False,0.0,414,383,219,33,optimal,1,492.9822564662613,492.9822564662613,0.005307999999999999,330
clusters_m30_n150_r3.0_s1000,pl,interior,8,1.5,5.0,18502.481557092087,18502.481557092087,False,0.0,414,383,219,33,optimal,1,160.5605261461126,160.5605261461126,0.001175,90
clusters_m30_n150_r3.0_s1000,pl,interior,8,1.5,30.0,18502.481557092087,18502.481557092087,False,0.0,414,383,219,33,optimal,1,160.5605261461126,160.5605261461126,0.001162,90
clusters_m30_n150_r3.0_s1000,expansao,fronteira,31,1.5,5.0,18441.082052877086,18441.082052877086,False,0.0,482,478,318,21,optimal,1,2430.3717598518083,2430.3717598518083,0.067272,321
clusters_m30_n150_r3.0_s1000,expansao,fronteira,31,1.5,30.0,18441.082052877086,18441.082052877086,False,0.0,482,478,318,21,optimal,1,2430.3717598518083,2430.3717598518083,0.067491,321
clusters_m30_n150_r3.0_s1000,expansao,regret,15,1.5,5.0,18441.082052877086,18441.082052877086,False,0.0,482,478,318,21,optimal,1,243.33962660731535,243.33962660731535,0.002427,163
clusters_m30_n150_r3.0_s1000,expansao,regret,15,1.5,30.0,18441.082052877086,18441.082052877086,False,0.0,482,478,318,21,optimal,1,243.33962660731535,243.33962660731535,0.002349,163
clusters_m30_n150_r3.0_s1000,expansao,regret,15,1.5,5.0,18441.082052877086,18441.082052877086,False,0.0,482,478,318,21,optimal,1,351.05090196827706,351.05090196827706,0.0025299999999999997,159
clusters_m30_n150_r3.0_s1000,expansao,regret,15,1.5,30.0,18441.082052877086,18441.082052877086,False,0.0,482,478,318,21,optimal,1,351.05090196827706,351.05090196827706,0.002519,159
clusters_m30_n150_r3.0_s1000,expansao,fronteira,33,1.5,5.0,18441.082052877086,18441.082052877086,False,0.0,482,478,318,21,optimal,1,1052.8960881176276,1052.8960881176276,0.005502,356
clusters_m30_n150_r3.0_s1000,expansao,fronteira,33,1.5,30.0,18441.082052877086,18441.082052877086,False,0.0,482,478,318,21,optimal,1,1052.8960881176276,1052.8960881176276,0.0054659999999999995,356
clusters_m30_n150_r3.0_s1000,expansao,interior,13,1.5,5.0,18441.082052877086,18441.082052877086,False,0.0,482,478,318,21,optimal,1,246.5395437746657,246.5395437746657,0.002414,139
clusters_m30_n150_r3.0_s1000,expansao,interior,13,1.5,30.0,18441.082052877086,18441.082052877086,False,0.0,482,478,318,21,optimal,1,246.5395437746657,246.5395437746657,0.002375,139
clusters_m30_n150_r3.0_s1000,expansao,interior,18,1.5,5.0,18441.082052877086,18441.082052877086,False,0.0,482,478,318,21,optimal,1,212.32133265579594,212.32133265579594,0.003009,189
clusters_m30_n150_r3.0_s1000,expansao,interior,18,1.5,30.0,18441.082052877086,18441.082052877086,False,0.0,482,478,318,21,optimal,1,212.32133265579594,212.32133265579594,0.0030329999999999997,189
clusters_m30_n150_r3.0_s1000,expansao,interior,15,1.5,5.0,18441.082052877086,18441.082052877086,False,0.0,482,478,318,21,optimal,1,171.13885913930582,171.13885913930582,0.002963,160
clusters_m30_n150_r3.0_s1000,expansao,interior,15,1.5,30.0,18441.082052877086,18441.082052877086,False,0.0,482,478,318,21,optimal,1,171.13885913930582,171.13885913930582,0.002933,160
clusters_m30_n150_r3.0_s1000,expansao,fronteira,32,1.5,5.0,18441.082052877086,18441.082052877086,False,0.0,482,478,318,21,optimal,1,427.79118443150264,427.79118443150264,0.0042569999999999995,330
clusters_m30_n150_r3.0_s1000,expansao,fronteira,32,1.5,30.0,18441.082052877086,18441.082052877086,False,0.0,482,478,318,21,optimal,1,427.79118443150264,427.79118443150264,0.004233,330
uniforme_m30_n150_r1.5_s1000,pl,liberacao,20,1.5,5.0,26825.06040783723,26825.06040783723,False,0.0,199,174,84,27,optimal,1,4546.345456569549,4546.345456569549,0.181107,215
uniforme_m30_n150_r1.5_s1000,pl,liberacao,20,1.5,30.0,26825.06040783723,26825.06040783723,False,0.0,199,174,84,27,optimal,1,4546.345456569549,4546.345456569549,0.18139,215
uniforme_m30_n150_r1.5_s1000,pl,interior,14,1.5,5.0,26825.06040783723,26825.06040783723,False,0.0,199,174,84,27,optimal,1,314.3980121398858,314.3980121398858,0.001519,145
uniforme_m30_n150_r1.5_s1000,pl,interior,14,1.5,30.0,26825.06040783723,26825.06040783723,False,0.0,199,174,84,27,optimal,1,314.3980121398858,314.3980121398858,0.0014,145
uniforme_m30_n150_r1.5_s1000,pl,fronteira,25,1.5,5.0,26825.06040783723,26825.06040783723,False,0.0,199,174,84,27,optimal,1,631.5364058120321,631.5364058120321,0.0042769999999999996,260
uniforme_m30_n150_r1.5_s1000,pl,fronteira,25,1.5,30.0,26825.06040783723,26825.06040783723,False,0.0,199,174,84,27,optimal,1,631.5364058120321,631.5364058120321,0.004278,260
uniforme_m30_n150_r1.5_s1000,pl,fronteira,33,1.5,5.0,26825.06040783723,26825.06040783723,False,0.0,199,174,84,27,optimal,1,2373.165945134686,2373.165945134686,0.400389,341
uniforme_m30_n150_r1.5_s1000,pl,fronteira,33,1.5,30.0,26825.06040783723,26825.06040783723,False,0.0,199,174,84,27,optimal,1,2373.165945134686,2373.165945134686,0.40119499999999997,341
uniforme_m30_n150_r1.5_s1000,pl,liberacao,32,1.5,5.0,26825.06040783723,26825.06040783723,False,0.0,199,174,84,27,optimal,1,5630.815818049853,5630.815818049853,0.062190999999999996,334
uniforme_m30_n150_r1.5_s1000,pl,liberacao,32,1.5,30.0,26825.06040783723,26825.06040783723,False,0.0,199,174,84,27,optimal,1,5630.815818049853,5630.815818049853,0.062271,334
uniforme_m30_n150_r1.5_s1000,pl,regret,15,1.5,5.0,26825.06040783723,26825.06040783723,False,0.0,199,174,84,27,optimal,1,1603.4328375279993,1603.4328375279993,0.041097999999999996,161
uniforme_m30_n150_r1.5_s1000,pl,regret,15,1.5,30.0,26825.06040783723,26825.06040783723,False,0.0,199,174,84,27,optimal,1,1603.4328375279993,1603.4328375279993,0.041055,161
uniforme_m30_n150_r1.5_s1000,pl,interior,13,1.5,5.0,26825.06040783723,26825.06040783723,False,0.0,199,174,84,27,optimal,1,226.08695558610947,226.08695558610947,0.0022069999999999998,138
uniforme_m30_n150_r1.5_s1000,pl,interior,13,1.5,30.0,26825.06040783723,26825.06040783723,False,0.0,199,174,84,27,optimal,1,226.08695558610947,226.08695558610947,0.002105,138
uniforme_m30_n150_r1.5_s1000,pl,interior,11,1.5,5.0,26825.06040783723,26825.06040783723,False,0.0,199,174,84,27,optimal,1,702.0196319336806,702.0196319336806,0.003864,119
uniforme_m30_n150_r1.5_s1000,pl,interior,11,1.5,30.0,26825.06040783723,26825.06040783723,False,0.0,199,174,84,27,optimal,1,702.0196319336806,702.0196319336806,0.0038569999999999998,119
uniforme_m30_n150_r1.5_s1000,expansao,liberacao,33,1.5,5.0,26343.597596284373,26343.597596284373,False,0.0,423,410,331,28,optimal,1,6503.774327947824,6503.774327947824,0.111067,348
uniforme_m30_n150_r1.5_s1000,expansao,liberacao,33,1.5,30.0,26343.597596284373,26343.597596284373,False,0.0,423,410,331,28,optimal,1,6503.774327947824,6503.774327947824,0.110676,348
uniforme_m30_n150_r1.5_s1000,expansao,liberacao,35,1.5,5.0,26343.597596284373,26343.597596284373,False,0.0,423,410,331,28,optimal,1,5532.581653177762,5532.581653177762,0.025153,369
uniforme_m30_n150_r1.5_s1000,expansao,liberacao,35,1.5,30.0,26343.597596284373,26343.597596284373,False,0.0,423,410,331,28,optimal,1,5532.581653177762,5532.581653177762,0.025029,369
uniforme_m30_n150_r1.5_s1000,expansao,interior,24,1.5,5.0,26343.597596284373,26343.597596284373,False,0.0,423,410,331,28,optimal,1,510.38538746262094,510.38538746262094,0.0039429999999999995,249
uniforme_m30_n150_r1.5_s1000,expansao,interior,24,1.5,30.0,26343.597596284373,26343.597596284373,False,0.0,423,410,331,28,optimal,1,510.38538746262094,510.38538746262094,0.0038669999999999998,249
uniforme_m30_n150_r1.5_s1000,expansao,fronteira,35,1.5,5.0,26343.597596284373,26343.597596284373,False,0.0,423,410,331,28,optimal,1,2664.1903008101667,2664.1903008101667,0.103771,364
uniforme_m30_n150_r1.5_s1000,expansao,fronteira,35,1.5,30.0,26343.597596284373,26343.597596284373,False,0.0,423,410,331,28,optimal,1,2664.1903008101667,2664.1903008101667,0.103682,364
uniforme_m30_n150_r1.5_s1000,expansao,interior,11,1.5,5.0,26343.597596284373,26343.597596284373,False,0.0,423,410,331,28,optimal,0,635.1187260561468,635.1187260561468,0.0009549999999999999,120
uniforme_m30_n150_r1.5_s1000,expansao,interior,11,1.5,30.0,26343.597596284373,26343.597596284373,False,0.0,423,410,331,28,optimal,0,635.1187260561468,635.1187260561468,0.000895,120
uniforme_m30_n150_r1.5_s1000,expansao,regret,15,1.5,5.0,26343.597596284373,26343.597596284373,False,0.0,423,410,331,28,optimal,1,290.3142994897307,290.3142994897307,0.004456,159
uniforme_m30_n150_r1.5_s1000,expansao,regret,15,1.5,30.0,26343.597596284373,26343.597596284373,False,0.0,423,410,331,28,optimal,1,290.3142994897307,290.3142994897307,0.0044529999999999995,159
uniforme_m30_n150_r1.5_s1000,expansao,regret,15,1.5,5.0,26343.597596284373,26343.597596284373,False,0.0,423,410,331,28,optimal,1,812.6361446166854,812.6361446166854,0.004919,160
uniforme_m30_n150_r1.5_s1000,expansao,regret,15,1.5,30.0,26343.597596284373,26343.597596284373,False,0.0,423,410,331,28,optimal,1,812.6361446166854,812.6361446166854,0.004996,160
uniforme_m30_n150_r1.5_s1000,expansao,fronteira,26,1.5,5.0,26343.597596284373,26343.597596284373,False,0.0,423,410,331,28,optimal,1,731.8878676825882,731.8878676825882,0.010957999999999999,272
uniforme_m30_n150_r1.5_s1000,expansao,fronteira,26,1.5,30.0,26343.597596284373,26343.597596284373,False,0.0,423,410,331,28,optimal,1,731.8878676825882,731.8878676825882,0.011032,272
uniforme_m30_n150_r3.0_s1000,pl,regret,15,1.5,5.0,21025.706479666514,21025.706479666514,False,0.0,471,463,321,22,optimal,1,2153.0995502299775,2153.0995502299775,0.013297,159
uniforme_m30_n150_r3.0_s1000,pl,regret,15,1.5,30.0,21025.706479666514,21025.706479666514,False,0.0,471,463,321,22,optimal,1,2153.0995502299775,2153.0995502299775,0.013254,159
uniforme_m30_n150_r3.0_s1000,pl,interior,14,1.5,5.0,21025.706479666514,21025.706479666514,False,0.0,471,463,321,22,optimal,1,2079.2247665849263,2079.2247665849263,0.014376,148
uniforme_m30_n150_r3.0_s1000,pl,interior,14,1.5,30.0,21025.706479666514,21025.706479666514,False,0.0,471,463,321,22,optimal,1,2079.2247665849263,2079.2247665849263,0.01435,148
uniforme_m30_n150_r3.0_s1000,pl,interior,17,1.5,5.0,21025.706479666514,21025.706479666514,False,0.0,471,463,321,22,optimal,0,369.42125195176527,369.42125195176527,0.000799,180
uniforme_m30_n150_r3.0_s1000,pl,interior,17,1.5,30.0,21025.706479666514,21025.706479666514,False,0.0,471,463,321,22,optimal,0,369.42125195176527,369.42125195176527,0.0007869999999999999,180
uniforme_m30_n150_r3.0_s1000,pl,interior,19,1.5,5.0,21025.706479666514,21025.706479666514,False,0.0,471,463,321,22,optimal,0,579.6512142608719,579.6512142608719,0.0008179999999999999,201
uniforme_m30_n150_r3.0_s1000,pl,interior,19,1.5,30.0,21025.706479666514,21025.706479666514,False,0.0,471,463,321,22,optimal,0,579.6512142608719,579.6512142608719,0.000803,201
uniforme_m30_n150_r3.0_s1000,pl,fronteira,25,1.5,5.0,21025.706479666514,21025.706479666514,False,0.0,471,463,321,22,optimal,1,825.5407913664986,825.5407913664986,0.0018679999999999999,263
uniforme_m30_n150_r3.0_s1000,pl,fronteira,25,1.5,30.0,21025.706479666514,21025.706479666514,False,0.0,471,463,321,22,optimal,1,825.5407913664986,825.5407913664986,0.001813,263
uniforme_m30_n150_r3.0_s1000,pl,interior,11,1.5,5.0,21025.706479666514,21025.706479666514,False,0.0,471,463,321,22,optimal,0,582.0851242327943,582.0851242327943,0.000566,121
uniforme_m30_n150_r3.0_s1000,pl,interior,11,1.5,30.0,21025.706479666514,21025.706479666514,False,0.0,471,463,321,22,optimal,0,582.0851242327943,582.0851242327943,0.000563,121
uniforme_m30_n150_r3.0_s1000,pl,fronteira,35,1.5,5.0,21025.706479666514,21025.706479666514,False,0.0,471,463,321,22,optimal,1,1007.5926649291816,1007.5926649291816,0.001875,366
uniforme_m30_n150_r3.0_s1000,pl,fronteira,35,1.5,30.0,21025.706479666514,21025.706479666514,False,0.0,471,463,321,22,optimal,1,1007.5926649291816,1007.5926649291816,0.001864,366
uniforme_m30_n150_r3.0_s1000,pl,fronteira,36,1.5,5.0,21025.706479666514,21025.706479666514,False,0.0,471,463,321,22,optimal,1,949.0724662126371,949.0724662126371,0.0053419999999999995,374
uniforme_m30_n150_r3.0_s1000,pl,fronteira,36,1.5,30.0,21025.706479666514,21025.706479666514,False,0.0,471,463,321,22,optimal,1,949.0724662126371,949.0724662126371,0.005325,374
uniforme_m30_n150_r3.0_s1000,expansao,interior,16,1.5,5.0,20315.52467688504,20315.52467688504,False,0.0,875,875,631,22,optimal,0,431.4355353066502,431.4355353066502,0.000878,175
uniforme_m30_n150_r3.0_s1000,expansao,interior,16,1.5,30.0,20315.52467688504,20315.52467688504,False,0.0,875,875,631,22,optimal,0,431.4355353066502,431.4355353066502,0.0008169999999999999,175
uniforme_m30_n150_r3.0_s1000,expansao,fronteira,23,1.5,5.0,20315.52467688504,20315.52467688504,False,0.0,875,875,631,22,optimal,1,967.1289608040538,967.1289608040538,0.003041,245
uniforme_m30_n150_r3.0_s1000,expansao,fronteira,23,1.5,30.0,20315.52467688504,20315.52467688504,False,0.0,875,875,631,22,optimal,1,967.1289608040538,967.1289608040538,0.003018,245
uniforme_m30_n150_r3.0_s1000,expansao,interior,11,1.5,5.0,20315.52467688504,20315.52467688504,False,0.0,875,875,631,22,optimal,1,605.1888555716519,605.1888555716519,0.0019089999999999999,121
uniforme_m30_n150_r3.0_s1000,expansao,interior,11,1.5,30.0,20315.52467688504,20315.52467688504,False,0.0,875,875,631,22,optimal,1,605.1888555716519,605.1888555716519,0.0018839999999999998,121
uniforme_m30_n150_r3.0_s1000,expansao,interior,13,1.5,5.0,20315.52467688504,20315.52467688504,False,0.0,875,875,631,22,optimal,0,308.5319689722056,308.5319689722056,0.000677,143
uniforme_m30_n150_r3.0_s1000,expansao,interior,13,1.5,30.0,20315.52467688504,20315.52467688504,False,0.0,875,875,631,22,optimal,0,308.5319689722056,308.5319689722056,0.000674,143
uniforme_m30_n150_r3.0_s1000,expansao,fronteira,33,1.5,5.0,20315.52467688504,20315.52467688504,False,0.0,875,875,631,22,optimal,1,2921.7974167937355,2921.7974167937355,0.014258999999999999,343
uniforme_m30_n150_r3.0_s1000,expansao,fronteira,33,1.5,30.0,20315.52467688504,20315.52467688504,False,0.0,875,875,631,22,optimal,1,2921.7974167937355,2921.7974167937355,0.014207,343
uniforme_m30_n150_r3.0_s1000,expansao,fronteira,25,1.5,5.0,20315.52467688504,20315.52467688504,False,0.0,875,875,631,22,optimal,1,825.5407913664986,825.5407913664986,0.001985,264
uniforme_m30_n150_r3.0_s1000,expansao,fronteira,25,1.5,30.0,20315.52467688504,20315.52467688504,False,0.0,875,875,631,22,optimal,1,825.5407913664986,825.5407913664986,0.001944,264
uniforme_m30_n150_r3.0_s1000,expansao,fronteira,36,1.5,5.0,20315.52467688504,20315.52467688504,False,0.0,875,875,631,22,optimal,1,940.0618332445026,940.0618332445026,0.0034059999999999997,375
uniforme_m30_n150_r3.0_s1000,expansao,fronteira,36,1.5,30.0,20315.52467688504,20315.52467688504,False,0.0,875,875,631,22,optimal,1,940.0618332445026,940.0618332445026,0.003434,375
uniforme_m30_n150_r3.0_s1000,expansao,fronteira,35,1.5,5.0,20315.52467688504,20315.52467688504,False,0.0,875,875,631,22,optimal,1,1002.0761165993879,1002.0761165993879,0.006326999999999999,367
uniforme_m30_n150_r3.0_s1000,expansao,fronteira,35,1.5,30.0,20315.52467688504,20315.52467688504,False,0.0,875,875,631,22,optimal,1,1002.0761165993879,1002.0761165993879,0.006248,367
clusters_m30_n150_r1.5_s1001,pl,interior,7,1.5,5.0,30556.076016958363,30556.076016958363,False,0.0,138,119,38,20,optimal,0,166.28533102085063,166.28533102085063,0.000457,77
clusters_m30_n150_r1.5_s1001,pl,interior,7,1.5,30.0,30556.076016958363,30556.076016958363,False,0.0,138,119,38,20,optimal,0,166.28533102085063,166.28533102085063,0.00043599999999999997,77
clusters_m30_n150_r1.5_s1001,pl,fronteira,60,1.5,5.0,30556.076016958363,30556.076016958363,False,0.0,138,119,38,20,timelimit,216,7670.597670065808,7685.931293351313,4.993572,606
clusters_m30_n150_r1.5_s1001,pl,fronteira,60,1.5,30.0,30556.076016958363,30550.657835782516,True,0.00017731927269847125,138,119,38,20,timelimit,2701,7675.211891876425,7680.513112175469,29.992804,606
clusters_m30_n150_r1.5_s1001,pl,liberacao,26,1.5,5.0,30556.076016958363,30556.076016958363,False,0.0,138,119,38,20,optimal,1,5665.497099483357,5665.497099483357,0.027660999999999998,274
clusters_m30_n150_r1.5_s1001,pl,liberacao,26,1.5,30.0,30556.076016958363,30556.076016958363,False,0.0,138,119,38,20,optimal,1,5665.497099483357,5665.497099483357,0.027469,274
clusters_m30_n150_r1.5_s1001,pl,liberacao,22,1.5,5.0,30556.076016958363,30556.076016958363,False,0.0,138,119,38,20,optimal,1,3903.8245885983956,3903.8245885983956,0.017558,223
clusters_m30_n150_r1.5_s1001,pl,liberacao,22,1.5,30.0,30556.076016958363,30556.076016958363,False,0.0,138,119,38,20,optimal,1,3903.8245885983956,3903.8245885983956,0.017602,223
clusters_m30_n150_r1.5_s1001,pl,regret,15,1.5,5.0,30556.076016958363,30556.076016958363,False,0.0,138,119,38,20,optimal,1,404.5816743325504,404.5816743325504,0.022425,157
clusters_m30_n150_r1.5_s1001,pl,regret,15,1.5,30.0,30556.076016958363,30556.076016958363,False,0.0,138,119,38,20,optimal,1,404.5816743325504,404.5816743325504,0.022428,157
clusters_m30_n150_r1.5_s1001,pl,liberacao,21,1.5,5.0,30568.858297702285,30568.858297702285,False,0.0,138,119,38,20,optimal,1,3854.209486340967,3854.209486340967,0.029425999999999997,214
clusters_m30_n150_r1.5_s1001,pl,liberacao,21,1.5,30.0,30568.858297702285,30568.858297702285,False,0.0,138,119,38,20,optimal,1,3854.209486340967,3854.209486340967,0.029306,214
clusters_m30_n150_r1.5_s1001,pl,interior,14,1.5,5.0,30556.076016958363,30556.076016958363,False,0.0,138,119,38,20,optimal,1,543.8474270399677,543.8474270399677,0.003356,143
clusters_m30_n150_r1.5_s1001,pl,interior,14,1.5,30.0,30556.076016958363,30556.076016958363,False,0.0,138,119,38,20,optimal,1,543.8474270399677,543.8474270399677,0.003214,143
clusters_m30_n150_r1.5_s1001,pl,regret,15,1.5,5.0,30556.076016958363,30556.076016958363,False,0.0,138,119,38,20,optimal,1,381.60176557568866,381.60176557568866,0.009223,157
clusters_m30_n150_r1.5_s1001,pl,regret,15,1.5,30.0,30556.076016958363,30556.076016958363,False,0.0,138,119,38,20,optimal,1,381.60176557568866,381.60176557568866,0.009216,157
clusters_m30_n150_r1.5_s1001,expansao,interior,14,1.5,5.0,29715.184568916866,29715.184568916866,False,0.0,192,180,120,26,optimal,1,1990.2251423751713,1990.2251423751713,0.10546599999999999,148
clusters_m30_n150_r1.5_s1001,expansao,interior,14,1.5,30.0,29715.184568916866,29715.184568916866,False,0.0,192,180,120,26,optimal,1,1990.2251423751713,1990.2251423751713,0.10536899999999999,148
clusters_m30_n150_r1.5_s1001,expansao,interior,14,1.5,5.0,29715.184568916866,29715.184568916866,False,0.0,192,180,120,26,optimal,1,398.48758148598637,398.48758148598637,0.0035919999999999997,141
clusters_m30_n150_r1.5_s1001,expansao,interior,14,1.5,30.0,29715.184568916866,29715.184568916866,False,0.0,192,180,120,26,optimal,1,398.48758148598637,398.48758148598637,0.003534,141
clusters_m30_n150_r1.5_s1001,expansao,fronteira,19,1.5,5.0,29715.184568916866,29715.184568916866,False,0.0,192,180,120,26,optimal,1,555.9135037917935,555.9135037917935,0.012211999999999999,193
clusters_m30_n150_r1.5_s1001,expansao,fronteira,19,1.5,30.0,29715.184568916866,29715.184568916866,False,0.0,192,180,120,26,optimal,1,555.9135037917935,555.9135037917935,0.012258999999999999,193
clusters_m30_n150_r1.5_s1001,expansao,regret,15,1.5,5.0,29715.184568916866,29715.184568916866,False,0.0,192,180,120,26,optimal,1,321.82650254397544,321.82650254397544,0.001421,153
clusters_m30_n150_r1.5_s1001,expansao,regret,15,1.5,30.0,29715.184568916866,29715.184568916866,False,0.0,192,180,120,26,optimal,1,321.82650254397544,321.82650254397544,0.00141,153
clusters_m30_n150_r1.5_s1001,expansao,liberacao,20,1.5,5.0,29715.184568916866,29715.184568916866,False,0.0,192,180,120,26,optimal,1,3868.351208710065,3868.351208710065,0.006534,204
clusters_m30_n150_r1.5_s1001,expansao,liberacao,20,1.5,30.0,29715.184568916866,29715.184568916866,False,0.0,192,180,120,26,optimal,1,3868.351208710065,3868.351208710065,0.0065969999999999996,204
clusters_m30_n150_r1.5_s1001,expansao,interior,31,1.5,5.0,29715.184568916866,29715.184568916866,False,0.0,192,180,120,26,optimal,512,2951.406688424897,2951.406688424897,1.589014,319
clusters_m30_n150_r1.5_s1001,expansao,interior,31,1.5,30.0,29715.184568916866,29715.184568916866,False,0.0,192,180,120,26,optimal,512,2951.406688424897,2951.406688424897,1.585491,319
clusters_m30_n150_r1.5_s1001,expansao,fronteira,60,1.5,5.0,29715.184568916866,29715.184568916866,False,0.0,192,180,120,26,timelimit,382,9953.39555183467,9968.839607897951,4.991777,614
clusters_m30_n150_r1.5_s1001,expansao,fronteira,60,1.5,30.0,29715.184568916866,29713.374651365382,True,6.0908844341379596e-05,192,180,120,26,timelimit,1239,9955.338787191842,9967.029690346593,29.991741,614
clusters_m30_n150_r1.5_s1001,expansao,fronteira,19,1.5,5.0,29736.587258092088,29736.587258092088,False,0.0,192,180,120,26,optimal,1,555.9135037917935,555.9135037917935,0.026895,193
clusters_m30_n150_r1.5_s1001,expansao,fronteira,19,1.5,30.0,29736.587258092088,29736.587258092088,False,0.0,192,180,120,26,optimal,1,555.9135037917935,555.9135037917935,0.026697,193
clusters_m30_n150_r3.0_s1001,pl,interior,8,1.5,5.0,19995.489641846718,19995.489641846718,False,0.0,287,259,111,32,optimal,0,127.19717093840609,127.19717093840609,0.000461,86
clusters_m30_n150_r3.0_s1001,pl,interior,8,1.5,30.0,19995.489641846718,19995.489641846718,False,0.0,287,259,111,32,optimal,0,127.19717093840609,127.19717093840609,0.000445,86
clusters_m30_n150_r3.0_s1001,pl,fronteira,21,1.5,5.0,19995.489641846718,19995.489641846718,False,0.0,287,259,111,32,optimal,1,2869.4605432168482,2869.4605432168482,0.008848,221
clusters_m30_n150_r3.0_s1001,pl,fronteira,21,1.5,30.0,19995.489641846718,19995.489641846718,False,0.0,287,259,111,32,optimal,1,2869.4605432168482,2869.4605432168482,0.008889,221
clusters_m30_n150_r3.0_s1001,pl,interior,12,1.5,5.0,19993.687275034343,19993.687275034343,False,0.0,287,259,111,32,optimal,0,278.43493504763796,278.43493504763796,0.000602,130
clusters_m30_n150_r3.0_s1001,pl,interior,12,1.5,30.0,19993.687275034343,19993.687275034343,False,0.0,287,259,111,32,optimal,0,278.43493504763796,278.43493504763796,0.000571,130
clusters_m30_n150_r3.0_s1001,pl,interior,14,1.5,5.0,19993.687275034343,19993.687275034343,False,0.0,287,259,111,32,optimal,0,170.5612365951542,170.5612365951542,0.000621,149
clusters_m30_n150_r3.0_s1001,pl,interior,14,1.5,30.0,19993.687275034343,19993.687275034343,False,0.0,287,259,111,32,optimal,0,170.5612365951542,170.5612365951542,0.000632,149
clusters_m30_n150_r3.0_s1001,pl,fronteira,60,1.5,5.0,19993.687275034343,19993.687275034343,False,0.0,287,259,111,32,optimal,1,1384.6164351203925,1384.6164351203925,0.03583,606
clusters_m30_n150_r3.0_s1001,pl,fronteira,60,1.5,30.0,19993.687275034343,19993.687275034343,False,0.0,287,259,111,32,optimal,1,1384.6164351203925,1384.6164351203925,0.035768,606
clusters_m30_n150_r3.0_s1001,pl,regret,15,1.5,5.0,19993.687275034343,19993.687275034343,False,0.0,287,259,111,32,optimal,1,457.8118946527024,457.8118946527024,0.0056819999999999996,155
clusters_m30_n150_r3.0_s1001,pl,regret,15,1.5,30.0,19993.687275034343,19993.687275034343,False,0.0,287,259,111,32,optimal,1,457.8118946527024,457.8118946527024,0.005698,155
clusters_m30_n150_r3.0_s1001,pl,fronteira,21,1.5,5.0,19993.687275034343,19993.687275034343,False,0.0,287,259,111,32,optimal,1,2869.4605432168482,2869.4605432168482,0.008815,221
clusters_m30_n150_r3.0_s1001,pl,fronteira,21,1.5,30.0,19993.687275034343,19993.687275034343,False,0.0,287,259,111,32,optimal,1,2869.4605432168482,2869.4605432168482,0.008816,221
clusters_m30_n150_r3.0_s1001,pl,regret,15,1.5,5.0,19993.687275034343,19993.687275034343,False,0.0,287,259,111,32,optimal,1,295.8590533621531,295.8590533621531,0.003799,157
clusters_m30_n150_r3.0_s1001,pl,regret,15,1.5,30.0,19993.687275034343,19993.687275034343,False,0.0,287,259,111,32,optimal,1,295.8590533621531,295.8590533621531,0.003815,157
clusters_m30_n150_r3.0_s1001,expansao,interior,14,1.5,5.0,19921.64328981659,19921.64328981659,False,0.0,323,305,116,44,optimal,1,217.47577768990027,217.47577768990027,0.001227,145
clusters_m30_n150_r3.0_s1001,expansao,interior,14,1.5,30.0,19921.64328981659,19921.64328981659,False,0.0,323,305,116,44,optimal,1,217.47577768990027,217.47577768990027,0.001112,145
clusters_m30_n150_r3.0_s1001,expansao,fronteira,60,1.5,5.0,19912.82839470298,19912.82839470298,False,0.0,323,305,116,44,optimal,1,1363.0714892957376,1363.0714892957376,0.103597,606
clusters_m30_n150_r3.0_s1001,expansao,fronteira,60,1.5,30.0,19912.82839470298,19912.82839470298,False,0.0,323,305,116,44,optimal,1,1363.0714892957376,1363.0714892957376,0.103112,606
clusters_m30_n150_r3.0_s1001,expansao,interior,8,1.5,5.0,19911.584920005458,19911.584920005458,False,0.0,323,305,116,44,optimal,0,127.19717093840609,127.19717093840609,0.00047,86
clusters_m30_n150_r3.0_s1001,expansao,interior,8,1.5,30.0,19911.584920005458,19911.584920005458,False,0.0,323,305,116,44,optimal,0,127.19717093840609,127.19717093840609,0.00043099999999999996,86
clusters_m30_n150_r3.0_s1001,expansao,fronteira,46,1.5,5.0,19911.584920005458,19911.584920005458,False,0.0,323,305,116,44,optimal,1,2435.139614216166,2435.139614216166,0.775656,469
clusters_m30_n150_r3.0_s1001,expansao,fronteira,46,1.5,30.0,19911.584920005458,19911.584920005458,False,0.0,323,305,116,44,optimal,1,2435.139614216166,2435.139614216166,0.774346,469
clusters_m30_n150_r3.0_s1001,expansao,regret,15,1.5,5.0,19911.59321443147,19911.59321443147,False,0.0,323,305,116,44,optimal,1,227.6596345030239,227.6596345030239,0.002355,154
clusters_m30_n150_r3.0_s1001,expansao,regret,15,1.5,30.0,19911.59321443147,19911.59321443147,False,0.0,323,305,116,44,optimal,1,227.6596345030239,227.6596345030239,0.00227,154
clusters_m30_n150_r3.0_s1001,expansao,fronteira,60,1.5,5.0,19921.64328981659,19921.64328981659,False,0.0,323,305,116,44,optimal,1,3568.6493468839244,3568.6493468839244,0.530871,607
clusters_m30_n150_r3.0_s1001,expansao,fronteira,60,1.5,30.0,19921.64328981659,19921.64328981659,False,0.0,323,305,116,44,optimal,1,3568.6493468839244,3568.6493468839244,0.530235,607
clusters_m30_n150_r3.0_s1001,expansao,regret,15,1.5,5.0,19921.64328981659,19921.64328981659,False,0.0,323,305,116,44,optimal,1,402.4481626598519,402.4481626598519,0.015969,157
clusters_m30_n150_r3.0_s1001,expansao,regret,15,1.5,30.0,19921.64328981659,19921.64328981659,False,0.0,323,305,116,44,optimal,1,402.4481626598519,402.4481626598519,0.015901,157
clusters_m30_n150_r3.0_s1001,expansao,fronteira,21,1.5,5.0,19911.584920005458,19911.584920005458,False,0.0,323,305,116,44,optimal,1,2667.8952414796827,2667.8952414796827,0.010173999999999999,224
clusters_m30_n150_r3.0_s1001,expansao,fronteira,21,1.5,30.0,19911.584920005458,19911.584920005458,False,0.0,323,305,116,44,optimal,1,2667.8952414796827,2667.8952414796827,0.010140999999999999,224
uniforme_m30_n150_r1.5_s1001,pl,regret,15,1.5,5.0,28655.093394279484,28655.093394279484,False,0.0,167,144,36,25,optimal,1,347.2250763660504,347.2250763660504,0.012744,154
uniforme_m30_n150_r1.5_s1001,pl,regret,15,1.5,30.0,28655.093394279484,28655.093394279484,False,0.0,167,144,36,25,optimal,1,347.2250763660504,347.2250763660504,0.012598,154
uniforme_m30_n150_r1.5_s1001,pl,regret,15,1.5,5.0,28655.093394279484,28655.093394279484,False,0.0,167,144,36,25,optimal,1,765.1650534540863,765.1650534540863,0.002395,162
uniforme_m30_n150_r1.5_s1001,pl,regret,15,1.5,30.0,28655.093394279484,28655.093394279484,False,0.0,167,144,36,25,optimal,1,765.1650534540863,765.1650534540863,0.002299,162
uniforme_m30_n150_r1.5_s1001,pl,liberacao,21,1.5,5.0,29209.870364028342,29209.870364028342,False,0.0,167,144,36,25,optimal,1,4161.365665541223,4161.365665541223,0.421153,217
uniforme_m30_n150_r1.5_s1001,pl,liberacao,21,1.5,30.0,29209.870364028342,29209.870364028342,False,0.0,167,144,36,25,optimal,1,4161.365665541223,4161.365665541223,0.421282,217
uniforme_m30_n150_r1.5_s1001,pl,liberacao,34,1.5,5.0,29209.870364028342,29209.870364028342,False,0.0,167,144,36,25,optimal,1,6810.786688038679,6810.786688038679,2.049349,357
uniforme_m30_n150_r1.5_s1001,pl,liberacao,34,1.5,30.0,29209.870364028342,29209.870364028342,False,0.0,167,144,36,25,optimal,1,6810.786688038679,6810.786688038679,2.046687,357
uniforme_m30_n150_r1.5_s1001,pl,regret,15,1.5,5.0,28655.093394279484,28655.093394279484,False,0.0,167,144,36,25,optimal,1,240.82038818885533,240.82038818885533,0.0027749999999999997,154
uniforme_m30_n150_r1.5_s1001,pl,regret,15,1.5,30.0,28655.093394279484,28655.093394279484,False,0.0,167,144,36,25,optimal,1,240.82038818885533,240.82038818885533,0.002725,154
uniforme_m30_n150_r1.5_s1001,pl,regret,15,1.5,5.0,28662.307770221283,28662.307770221283,False,0.0,167,144,36,25,optimal,1,235.79711755078978,235.79711755078978,0.004867,154
uniforme_m30_n150_r1.5_s1001,pl,regret,15,1.5,30.0,28662.307770221283,28662.307770221283,False,0.0,167,144,36,25,optimal,1,235.79711755078978,235.79711755078978,0.004824999999999999,154
uniforme_m30_n150_r1.5_s1001,pl,liberacao,27,1.5,5.0,29232.075238633064,29232.075238633064,False,0.0,167,144,36,25,optimal,1,5722.806817803332,5722.806817803332,0.045429,281
uniforme_m30_n150_r1.5_s1001,pl,liberacao,27,1.5,30.0,29232.075238633064,29232.075238633064,False,0.0,167,144,36,25,optimal,1,5722.806817803332,5722.806817803332,0.045585999999999995,281
uniforme_m30_n150_r1.5_s1001,pl,fronteira,38,1.5,5.0,28655.093394279484,28655.093394279484,False,0.0,167,144,36,25,optimal,1,5132.928464778417,5132.928464778417,0.12165899999999999,391
uniforme_m30_n150_r1.5_s1001,pl,fronteira,38,1.5,30.0,28655.093394279484,28655.093394279484,False,0.0,167,144,36,25,optimal,1,5132.928464778417,5132.928464778417,0.121475,391
uniforme_m30_n150_r1.5_s1001,expansao,fronteira,35,1.5,5.0,28610.960109773398,28610.960109773398,False,0.0,255,250,194,31,optimal,1,3341.926737625414,3341.926737625414,0.079536,364
uniforme_m30_n150_r1.5_s1001,expansao,fronteira,35,1.5,30.0,28610.960109773398,28610.960109773398,False,0.0,255,250,194,31,optimal,1,3341.926737625414,3341.926737625414,0.0797,364
uniforme_m30_n150_r1.5_s1001,expansao,interior,12,1.5,5.0,28610.960109773398,28610.960109773398,False,0.0,255,250,194,31,optimal,1,466.161012612921,466.161012612921,0.00173,128
uniforme_m30_n150_r1.5_s1001,expansao,interior,12,1.5,30.0,28610.960109773398,28610.960109773398,False,0.0,255,250,194,31,optimal,1,466.161012612921,466.161012612921,0.0016259999999999998,128
uniforme_m30_n150_r1.5_s1001,expansao,liberacao,24,1.5,5.0,28611.488933548128,28611.488933548128,False,0.0,255,250,194,31,optimal,1,4479.3757722164755,4479.3757722164755,0.065884,248
uniforme_m30_n150_r1.5_s1001,expansao,liberacao,24,1.5,30.0,28611.488933548128,28611.488933548128,False,0.0,255,250,194,31,optimal,1,4479.3757722164755,4479.3757722164755,0.065803,248
uniforme_m30_n150_r1.5_s1001,expansao,fronteira,24,1.5,5.0,28610.960109773398,28610.960109773398,False,0.0,255,250,194,31,optimal,1,782.9469142047906,782.9469142047906,0.002523,249
uniforme_m30_n150_r1.5_s1001,expansao,fronteira,24,1.5,30.0,28610.960109773398,28610.960109773398,False,0.0,255,250,194,31,optimal,1,782.9469142047906,782.9469142047906,0.002461,249
uniforme_m30_n150_r1.5_s1001,expansao,liberacao,27,1.5,5.0,28610.960109773398,28610.960109773398,False,0.0,255,250,194,31,optimal,1,4911.6765679571845,4911.6765679571845,0.13511599999999999,277
uniforme_m30_n150_r1.5_s1001,expansao,liberacao,27,1.5,30.0,28610.960109773398,28610.960109773398,False,0.0,255,250,194,31,optimal,1,4911.6765679571845,4911.6765679571845,0.135603,277
uniforme_m30_n150_r1.5_s1001,expansao,interior,22,1.5,5.0,28610.960109773398,28610.960109773398,False,0.0,255,250,194,31,optimal,1,2301.4248317046536,2301.4248317046536,0.036837,231
uniforme_m30_n150_r1.5_s1001,expansao,interior,22,1.5,30.0,28610.960109773398,28610.960109773398,False,0.0,255,250,194,31,optimal,1,2301.4248317046536,2301.4248317046536,0.036876,231
uniforme_m30_n150_r1.5_s1001,expansao,interior,7,1.5,5.0,28610.960109773398,28610.960109773398,False,0.0,255,250,194,31,optimal,0,200.78862958185692,200.78862958185692,0.0005369999999999999,78
uniforme_m30_n150_r1.5_s1001,expansao,interior,7,1.5,30.0,28610.960109773398,28610.960109773398,False,0.0,255,250,194,31,optimal,0,200.78862958185692,200.78862958185692,0.000505,78
uniforme_m30_n150_r1.5_s1001,expansao,regret,15,1.5,5.0,28610.960109773398,28610.960109773398,False,0.0,255,250,194,31,optimal,1,894.7265473628942,894.7265473628942,0.0031709999999999998,156
uniforme_m30_n150_r1.5_s1001,expansao,regret,15,1.5,30.0,28610.960109773398,28610.960109773398,False,0.0,255,250,194,31,optimal,1,894.7265473628942,894.7265473628942,0.003163,156
uniforme_m30_n150_r3.0_s1001,pl,fronteira,35,1.5,5.0,22209.85559768472,22209.85559768472,False,0.0,219,192,80,22,optimal,1,1286.2849354833538,1286.2849354833538,0.01209,366
uniforme_m30_n150_r3.0_s1001,pl,fronteira,35,1.5,30.0,22209.85559768472,22209.85559768472,False,0.0,219,192,80,22,optimal,1,1286.2849354833538,1286.2849354833538,0.012036999999999999,366
uniforme_m30_n150_r3.0_s1001,pl,interior,14,1.5,5.0,22227.214306626778,22227.214306626778,False,0.0,219,192,80,22,optimal,0,528.4057405462322,528.4057405462322,0.000794,155
uniforme_m30_n150_r3.0_s1001,pl,interior,14,1.5,30.0,22227.214306626778,22227.214306626778,False,0.0,219,192,80,22,optimal,0,528.4057405462322,528.4057405462322,0.00073,155
uniforme_m30_n150_r3.0_s1001,pl,interior,10,1.5,5.0,22209.85559768472,22209.85559768472,False,0.0,219,192,80,22,optimal,1,213.571706308688,213.571706308688,0.002153,110
uniforme_m30_n150_r3.0_s1001,pl,interior,10,1.5,30.0,22209.85559768472,22209.85559768472,False,0.0,219,192,80,22,optimal,1,213.571706308688,213.571706308688,0.002129,110
uniforme_m30_n150_r3.0_s1001,pl,interior,14,1.5,5.0,22209.85559768472,22209.85559768472,False,0.0,219,192,80,22,optimal,0,525.5736905289006,525.5736905289006,0.0006929999999999999,155
uniforme_m30_n150_r3.0_s1001,pl,interior,14,1.5,30.0,22209.85559768472,22209.85559768472,False,0.0,219,192,80,22,optimal,0,525.5736905289006,525.5736905289006,0.000712,155
uniforme_m30_n150_r3.0_s1001,pl,interior,22,1.5,5.0,22209.85559768472,22209.85559768472,False,0.0,219,192,80,22,optimal,1,1019.3908746941977,1019.3908746941977,0.003619,233
uniforme_m30_n150_r3.0_s1001,pl,interior,22,1.5,30.0,22209.85559768472,22209.85559768472,False,0.0,219,192,80,22,optimal,1,1019.3908746941977,1019.3908746941977,0.003632,233
uniforme_m30_n150_r3.0_s1001,pl,liberacao,35,1.5,5.0,22209.85559768472,22194.697597395963,True,0.0006824898172834989,219,192,80,22,optimal,30,5595.856555068651,5595.856555068651,1.5752329999999999,369
uniforme_m30_n150_r3.0_s1001,pl,liberacao,35,1.5,30.0,22209.85559768472,22194.697597395963,True,0.0006824898172834989,219,192,80,22,optimal,30,5595.856555068651,5595.856555068651,1.568499,369
uniforme_m30_n150_r3.0_s1001,pl,interior,12,1.5,5.0,22209.85559768472,22209.85559768472,False,0.0,219,192,80,22,optimal,0,348.81286149356174,348.81286149356174,0.0006659999999999999,130
uniforme_m30_n150_r3.0_s1001,pl,interior,12,1.5,30.0,22209.85559768472,22209.85559768472,False,0.0,219,192,80,22,optimal,0,348.81286149356174,348.81286149356174,0.00067,130
uniforme_m30_n150_r3.0_s1001,pl,interior,12,1.5,5.0,22209.85559768472,22209.85559768472,False,0.0,219,192,80,22,optimal,1,384.84652898509063,384.84652898509063,0.0014969999999999998,131
uniforme_m30_n150_r3.0_s1001,pl,interior,12,1.5,30.0,22209.85559768472,22209.85559768472,False,0.0,219,192,80,22,optimal,1,384.84652898509063,384.84652898509063,0.00145,131
uniforme_m30_n150_r3.0_s1001,expansao,fronteira,22,1.5,5.0,21663.300966508323,21663.300966508323,False,0.0,279,265,110,32,optimal,1,753.1135268806198,753.1135268806198,0.0022949999999999997,235
uniforme_m30_n150_r3.0_s1001,expansao,fronteira,22,1.5,30.0,21663.300966508323,21663.300966508323,False,0.0,279,265,110,32,optimal,1,753.1135268806198,753.1135268806198,0.002235,235
uniforme_m30_n150_r3.0_s1001,expansao,regret,15,1.5,5.0,21663.300966508323,21663.300966508323,False,0.0,279,265,110,32,optimal,0,1078.9375536287043,1078.9375536287043,0.001072,163
uniforme_m30_n150_r3.0_s1001,expansao,regret,15,1.5,30.0,21663.300966508323,21663.300966508323,False,0.0,279,265,110,32,optimal,0,1078.9375536287043,1078.9375536287043,0.001032,163
uniforme_m30_n150_r3.0_s1001,expansao,interior,21,1.5,5.0,21663.300966508323,21663.300966508323,False,0.0,279,265,110,32,optimal,1,625.4771713573558,625.4771713573558,0.002424,220
uniforme_m30_n150_r3.0_s1001,expansao,interior,21,1.5,30.0,21663.300966508323,21663.300966508323,False,0.0,279,265,110,32,optimal,1,625.4771713573558,625.4771713573558,0.002424,220
uniforme_m30_n150_r3.0_s1001,expansao,fronteira,35,1.5,5.0,21709.57804537484,21709.57804537484,False,0.0,279,265,110,32,optimal,0,1686.4593926445323,1686.4593926445323,0.0017009999999999998,367
uniforme_m30_n150_r3.0_s1001,expansao,fronteira,35,1.5,30.0,21709.57804537484,21709.57804537484,False,0.0,279,265,110,32,optimal,0,1686.4593926445323,1686.4593926445323,0.001704,367
uniforme_m30_n150_r3.0_s1001,expansao,interior,20,1.5,5.0,21663.300966508323,21663.300966508323,False,0.0,279,265,110,32,optimal,0,462.55004866998024,462.55004866998024,0.0008929999999999999,209
uniforme_m30_n150_r3.0_s1001,expansao,interior,20,1.5,30.0,21663.300966508323,21663.300966508323,False,0.0,279,265,110,32,optimal,0,462.55004866998024,462.55004866998024,0.000928,209
uniforme_m30_n150_r3.0_s1001,expansao,fronteira,37,1.5,5.0,21679.0727656341,21679.0727656341,False,0.0,279,265,110,32,optimal,1,2296.0624469127006,2296.0624469127006,0.034862,391
uniforme_m30_n150_r3.0_s1001,expansao,fronteira,37,1.5,30.0,21679.0727656341,21679.0727656341,False,0.0,279,265,110,32,optimal,1,2296.0624469127006,2296.0624469127006,0.035091,391
uniforme_m30_n150_r3.0_s1001,expansao,interior,17,1.5,5.0,21679.0727656341,21679.0727656341,False,0.0,279,265,110,32,optimal,1,929.2075049431428,929.2075049431428,0.002874,181
uniforme_m30_n150_r3.0_s1001,expansao,interior,17,1.5,30.0,21679.0727656341,21679.0727656341,False,0.0,279,265,110,32,optimal,1,929.2075049431428,929.2075049431428,0.0028829999999999997,181
uniforme_m30_n150_r3.0_s1001,expansao,regret,15,1.5,5.0,21679.0727656341,21679.0727656341,False,0.0,279,265,110,32,optimal,0,1096.3271099441142,1096.3271099441142,0.001223,164
uniforme_m30_n150_r3.0_s1001,expansao,regret,15,1.5,30.0,21679.0727656341,21679.0727656341,False,0.0,279,265,110,32,optimal,0,1096.3271099441142,1096.3271099441142,0.0012109999999999998,164
clusters_m30_n150_r1.5_s1002,pl,interior,15,1.5,5.0,24324.351539965224,24324.351539965224,False,0.0,207,181,138,26,optimal,0,178.99192855109862,178.99192855109862,0.0006349999999999999,155
clusters_m30_n150_r1.5_s1002,pl,interior,15,1.5,30.0,24324.351539965224,24324.351539965224,False,0.0,207,181,138,26,optimal,0,178.99192855109862,178.99192855109862,0.000647,155
clusters_m30_n150_r1.5_s1002,pl,interior,10,1.5,5.0,24324.351539965224,24324.351539965224,False,0.0,207,181,138,26,optimal,0,109.49734005476158,109.49734005476158,0.000592,105
clusters_m30_n150_r1.5_s1002,pl,interior,10,1.5,30.0,24324.351539965224,24324.351539965224,False,0.0,207,181,138,26,optimal,0,109.49734005476158,109.49734005476158,0.000574,105
clusters_m30_n150_r1.5_s1002,pl,interior,19,1.5,5.0,24324.351539965224,24324.351539965224,False,0.0,207,181,138,26,optimal,1,1118.5436500950402,1118.5436500950402,0.083437,195
clusters_m30_n150_r1.5_s1002,pl,interior,19,1.5,30.0,24324.351539965224,24324.351539965224,False,0.0,207,181,138,26,optimal,1,1118.5436500950402,1118.5436500950402,0.083324,195
clusters_m30_n150_r1.5_s1002,pl,interior,10,1.5,5.0,24324.351539965224,24324.351539965224,False,0.0,207,181,138,26,optimal,1,142.95669598855633,142.95669598855633,0.002018,104
clusters_m30_n150_r1.5_s1002,pl,interior,10,1.5,30.0,24324.351539965224,24324.351539965224,False,0.0,207,181,138,26,optimal,1,142.95669598855633,142.95669598855633,0.001936,104
clusters_m30_n150_r1.5_s1002,pl,fronteira,37,1.5,5.0,24324.351539965224,24324.351539965224,False,0.0,207,181,138,26,optimal,1,2872.4224876370045,2872.4224876370045,0.138132,379
clusters_m30_n150_r1.5_s1002,pl,fronteira,37,1.5,30.0,24324.351539965224,24324.351539965224,False,0.0,207,181,138,26,optimal,1,2872.4224876370045,2872.4224876370045,0.138561,379
clusters_m30_n150_r1.5_s1002,pl,fronteira,34,1.5,5.0,24324.351539965224,24324.351539965224,False,0.0,207,181,138,26,optimal,1,3699.5640780817666,3699.5640780817666,0.049285999999999996,348
clusters_m30_n150_r1.5_s1002,pl,fronteira,34,1.5,30.0,24324.351539965224,24324.351539965224,False,0.0,207,181,138,26,optimal,1,3699.5640780817666,3699.5640780817666,0.048995,348
clusters_m30_n150_r1.5_s1002,pl,interior,12,1.5,5.0,24324.351539965224,24324.351539965224,False,0.0,207,181,138,26,optimal,1,1341.881218224241,1341.881218224241,0.01027,125
clusters_m30_n150_r1.5_s1002,pl,interior,12,1.5,30.0,24324.351539965224,24324.351539965224,False,0.0,207,181,138,26,optimal,1,1341.881218224241,1341.881218224241,0.010294,125
clusters_m30_n150_r1.5_s1002,pl,regret,15,1.5,5.0,24324.351539965224,24324.351539965224,False,0.0,207,181,138,26,optimal,1,198.7692712402376,198.7692712402376,0.002709,155
clusters_m30_n150_r1.5_s1002,pl,regret,15,1.5,30.0,24324.351539965224,24324.351539965224,False,0.0,207,181,138,26,optimal,1,198.7692712402376,198.7692712402376,0.0027129999999999997,155
clusters_m30_n150_r1.5_s1002,expansao,fronteira,38,1.5,5.0,23719.704580469115,23719.704580469115,False,0.0,383,363,277,35,optimal,1,2680.3342143649443,2680.3342143649443,0.354605,388
clusters_m30_n150_r1.5_s1002,expansao,fronteira,38,1.5,30.0,23719.704580469115,23719.704580469115,False,0.0,383,363,277,35,optimal,1,2680.3342143649443,2680.3342143649443,0.35464,388
clusters_m30_n150_r1.5_s1002,expansao,interior,15,1.5,5.0,23719.704580469115,23719.704580469115,False,0.0,383,363,277,35,optimal,1,194.0566512899025,194.0566512899025,0.001078,155
clusters_m30_n150_r1.5_s1002,expansao,interior,15,1.5,30.0,23719.704580469115,23719.704580469115,False,0.0,383,363,277,35,optimal,1,194.0566512899025,194.0566512899025,0.00107,155
clusters_m30_n150_r1.5_s1002,expansao,regret,15,1.5,5.0,23720.523870745754,23720.523870745754,False,0.0,383,363,277,35,optimal,1,197.50403317061244,197.50403317061244,0.003341,155
clusters_m30_n150_r1.5_s1002,expansao,regret,15,1.5,30.0,23720.523870745754,23720.523870745754,False,0.0,383,363,277,35,optimal,1,197.50403317061244,197.50403317061244,0.0033209999999999997,155
clusters_m30_n150_r1.5_s1002,expansao,interior,15,1.5,5.0,23719.704580469115,23719.704580469115,False,0.0,383,363,277,35,optimal,1,138.6727171569344,138.6727171569344,0.002851,157
clusters_m30_n150_r1.5_s1002,expansao,interior,15,1.5,30.0,23719.704580469115,23719.704580469115,False,0.0,383,363,277,35,optimal,1,138.6727171569344,138.6727171569344,0.002864,157
clusters_m30_n150_r1.5_s1002,expansao,liberacao,34,1.5,5.0,23719.704580469115,23719.704580469115,False,0.0,383,363,277,35,optimal,1,5086.6773390941735,5086.6773390941735,0.049059,350
clusters_m30_n150_r1.5_s1002,expansao,liberacao,34,1.5,30.0,23719.704580469115,23719.704580469115,False,0.0,383,363,277,35,optimal,1,5086.6773390941735,5086.6773390941735,0.049049999999999996,350
clusters_m30_n150_r1.5_s1002,expansao,interior,12,1.5,5.0,23719.704580469115,23719.704580469115,False,0.0,383,363,277,35,optimal,1,173.18886479719671,173.18886479719671,0.0023049999999999998,125
clusters_m30_n150_r1.5_s1002,expansao,interior,12,1.5,30.0,23719.704580469115,23719.704580469115,False,0.0,383,363,277,35,optimal,1,173.18886479719671,173.18886479719671,0.002239,125
clusters_m30_n150_r1.5_s1002,expansao,regret,15,1.5,5.0,23720.523870745754,23720.523870745754,False,0.0,383,363,277,35,optimal,1,172.16391119078943,172.16391119078943,0.007724,153
clusters_m30_n150_r1.5_s1002,expansao,regret,15,1.5,30.0,23720.523870745754,23720.523870745754,False,0.0,383,363,277,35,optimal,1,172.16391119078943,172.16391119078943,0.007744,153
clusters_m30_n150_r1.5_s1002,expansao,regret,15,1.5,5.0,23720.523870745754,23720.523870745754,False,0.0,383,363,277,35,optimal,1,157.05751229536847,157.05751229536847,0.003434,155
clusters_m30_n150_r1.5_s1002,expansao,regret,15,1.5,30.0,23720.523870745754,23720.523870745754,False,0.0,383,363,277,35,optimal,1,157.05751229536847,157.05751229536847,0.003379,155
clusters_m30_n150_r3.0_s1002,pl,interior,10,1.5,5.0,17043.72125193035,17043.72125193035,False,0.0,223,200,89,20,optimal,1,126.4012695084855,126.4012695084855,0.001434,110
clusters_m30_n150_r3.0_s1002,pl,interior,10,1.5,30.0,17043.72125193035,17043.72125193035,False,0.0,223,200,89,20,optimal,1,126.4012695084855,126.4012695084855,0.001361,110
clusters_m30_n150_r3.0_s1002,pl,interior,18,1.5,5.0,17052.169629109536,17052.169629109536,False,0.0,223,200,89,20,optimal,1,1755.1909120063515,1755.1909120063515,0.03108,191
clusters_m30_n150_r3.0_s1002,pl,interior,18,1.5,30.0,17052.169629109536,17052.169629109536,False,0.0,223,200,89,20,optimal,1,1755.1909120063515,1755.1909120063515,0.030820999999999998,191
clusters_m30_n150_r3.0_s1002,pl,regret,15,1.5,5.0,17043.72125193035,17043.72125193035,False,0.0,223,200,89,20,optimal,1,232.0929688533999,232.0929688533999,0.002227,163
clusters_m30_n150_r3.0_s1002,pl,regret,15,1.5,30.0,17043.72125193035,17043.72125193035,False,0.0,223,200,89,20,optimal,1,232.0929688533999,232.0929688533999,0.002163,163
clusters_m30_n150_r3.0_s1002,pl,fronteira,27,1.5,5.0,17043.72125193035,17043.72125193035,False,0.0,223,200,89,20,optimal,0,2417.569307104877,2417.569307104877,0.063068,281
clusters_m30_n150_r3.0_s1002,pl,fronteira,27,1.5,30.0,17043.72125193035,17043.72125193035,False,0.0,223,200,89,20,optimal,0,2417.569307104877,2417.569307104877,0.063202,281
clusters_m30_n150_r3.0_s1002,pl,interior,12,1.5,5.0,17043.72125193035,17043.72125193035,False,0.0,223,200,89,20,optimal,1,252.6228623369982,252.6228623369982,0.0018939999999999999,128
clusters_m30_n150_r3.0_s1002,pl,interior,12,1.5,30.0,17043.72125193035,17043.72125193035,False,0.0,223,200,89,20,optimal,1,252.6228623369982,252.6228623369982,0.001896,128
clusters_m30_n150_r3.0_s1002,pl,fronteira,34,1.5,5.0,17043.72125193035,17043.72125193035,False,0.0,223,200,89,20,optimal,1,2708.0010115709374,2708.0010115709374,0.023946,353
clusters_m30_n150_r3.0_s1002,pl,fronteira,34,1.5,30.0,17043.72125193035,17043.72125193035,False,0.0,223,200,89,20,optimal,1,2708.0010115709374,2708.0010115709374,0.024017,353
clusters_m30_n150_r3.0_s1002,pl,fronteira,34,1.5,5.0,17052.169629109536,17052.169629109536,False,0.0,223,200,89,20,optimal,1,2714.976706117139,2714.976706117139,0.111429,353
clusters_m30_n150_r3.0_s1002,pl,fronteira,34,1.5,30.0,17052.169629109536,17052.169629109536,False,0.0,223,200,89,20,optimal,1,2714.976706117139,2714.976706117139,0.111993,353
clusters_m30_n150_r3.0_s1002,pl,interior,19,1.5,5.0,17043.72125193035,17043.72125193035,False,0.0,223,200,89,20,optimal,1,469.57207237385313,469.57207237385313,0.0015819999999999999,199
clusters_m30_n150_r3.0_s1002,pl,interior,19,1.5,30.0,17043.72125193035,17043.72125193035,False,0.0,223,200,89,20,optimal,1,469.57207237385313,469.57207237385313,0.0015379999999999999,199
clusters_m30_n150_r3.0_s1002,expansao,fronteira,27,1.5,5.0,17043.72125193035,17043.72125193035,False,0.0,259,250,154,20,optimal,0,2417.569307104877,2417.569307104877,0.06373,281
clusters_m30_n150_r3.0_s1002,expansao,fronteira,27,1.5,30.0,17043.72125193035,17043.72125193035,False,0.0,259,250,154,20,optimal,0,2417.569307104877,2417.569307104877,0.063763,281
clusters_m30_n150_r3.0_s1002,expansao,regret,15,1.5,5.0,17043.72125193035,17043.72125193035,False,0.0,259,250,154,20,optimal,1,305.1292973129595,305.1292973129595,0.002134,159
clusters_m30_n150_r3.0_s1002,expansao,regret,15,1.5,30.0,17043.72125193035,17043.72125193035,False,0.0,259,250,154,20,optimal,1,305.1292973129595,305.1292973129595,0.002121,159
clusters_m30_n150_r3.0_s1002,expansao,interior,18,1.5,5.0,17043.72125193035,17043.72125193035,False,0.0,259,250,154,20,optimal,1,1755.1909120063515,1755.1909120063515,0.014513999999999999,191
clusters_m30_n150_r3.0_s1002,expansao,interior,18,1.5,30.0,17043.72125193035,17043.72125193035,False,0.0,259,250,154,20,optimal,1,1755.1909120063515,1755.1909120063515,0.014499999999999999,191
clusters_m30_n150_r3.0_s1002,expansao,regret,15,1.5,5.0,17043.72125193035,17043.72125193035,False,0.0,259,250,154,20,optimal,1,279.6212364365185,279.6212364365185,0.002093,158
clusters_m30_n150_r3.0_s1002,expansao,regret,15,1.5,30.0,17043.72125193035,17043.72125193035,False,0.0,259,250,154,20,optimal,1,279.6212364365185,279.6212364365185,0.002098,158
clusters_m30_n150_r3.0_s1002,expansao,fronteira,38,1.5,5.0,17043.72125193035,17043.72125193035,False,0.0,259,250,154,20,optimal,1,745.6526491126422,745.6526491126422,0.004442,392
clusters_m30_n150_r3.0_s1002,expansao,fronteira,38,1.5,30.0,17043.72125193035,17043.72125193035,False,0.0,259,250,154,20,optimal,1,745.6526491126422,745.6526491126422,0.00437,392
clusters_m30_n150_r3.0_s1002,expansao,interior,24,1.5,5.0,17043.72125193035,17043.72125193035,False,0.0,259,250,154,20,optimal,0,287.8105104493253,287.8105104493253,0.0009739999999999999,249
clusters_m30_n150_r3.0_s1002,expansao,interior,24,1.5,30.0,17043.72125193035,17043.72125193035,False,0.0,259,250,154,20,optimal,0,287.8105104493253,287.8105104493253,0.000962,249
clusters_m30_n150_r3.0_s1002,expansao,interior,10,1.5,5.0,17043.72125193035,17043.72125193035,False,0.0,259,250,154,20,optimal,0,137.9713702703582,137.9713702703582,0.000585,109
clusters_m30_n150_r3.0_s1002,expansao,interior,10,1.5,30.0,17043.72125193035,17043.72125193035,False,0.0,259,250,154,20,optimal,0,137.9713702703582,137.9713702703582,0.000574,109
clusters_m30_n150_r3.0_s1002,expansao,interior,19,1.5,5.0,17043.72125193035,17043.72125193035,False,0.0,259,250,154,20,optimal,1,469.57207237385313,469.57207237385313,0.001544,199
clusters_m30_n150_r3.0_s1002,expansao,interior,19,1.5,30.0,17043.72125193035,17043.72125193035,False,0.0,259,250,154,20,optimal,1,469.57207237385313,469.57207237385313,0.001517,199
uniforme_m30_n150_r1.5_s1002,pl,interior,12,1.5,5.0,26252.2318133492,26252.2318133492,False,0.0,171,128,26,19,optimal,1,338.26212337143477,338.26212337143477,0.003783,127
uniforme_m30_n150_r1.5_s1002,pl,interior,12,1.5,30.0,26252.2318133492,26252.2318133492,False,0.0,171,128,26,19,optimal,1,338.26212337143477,338.26212337143477,0.003626,127
uniforme_m30_n150_r1.5_s1002,pl,regret,15,1.5,5.0,26252.2318133492,26252.2318133492,False,0.0,171,128,26,19,optimal,1,1465.6650064405048,1465.6650064405048,0.12421499999999999,155
uniforme_m30_n150_r1.5_s1002,pl,regret,15,1.5,30.0,26252.2318133492,26252.2318133492,False,0.0,171,128,26,19,optimal,1,1465.6650064405048,1465.6650064405048,0.12446399999999999,155
uniforme_m30_n150_r1.5_s1002,pl,interior,11,1.5,5.0,26252.2318133492,26252.2318133492,False,0.0,171,128,26,19,optimal,1,305.10918688859147,305.10918688859147,0.0025919999999999997,118
uniforme_m30_n150_r1.5_s1002,pl,interior,11,1.5,30.0,26252.2318133492,26252.2318133492,False,0.0,171,128,26,19,optimal,1,305.10918688859147,305.10918688859147,0.002425,118
uniforme_m30_n150_r1.5_s1002,pl,regret,15,1.5,5.0,26245.5221326582,26245.5221326582,False,0.0,171,128,26,19,optimal,0,429.91857991024267,429.91857991024267,0.00157,158
uniforme_m30_n150_r1.5_s1002,pl,regret,15,1.5,30.0,26245.5221326582,26245.5221326582,False,0.0,171,128,26,19,optimal,0,429.91857991024267,429.91857991024267,0.001511,158
uniforme_m30_n150_r1.5_s1002,pl,liberacao,30,1.5,5.0,26245.5221326582,26245.5221326582,False,0.0,171,128,26,19,optimal,1,4483.222927257327,4483.222927257327,0.056407,310
uniforme_m30_n150_r1.5_s1002,pl,liberacao,30,1.5,30.0,26245.5221326582,26245.5221326582,False,0.0,171,128,26,19,optimal,1,4483.222927257327,4483.222927257327,0.056762999999999994,310
uniforme_m30_n150_r1.5_s1002,pl,fronteira,24,1.5,5.0,26245.5221326582,26245.5221326582,False,0.0,171,128,26,19,optimal,1,2144.354391756513,2144.354391756513,0.078223,252
uniforme_m30_n150_r1.5_s1002,pl,fronteira,24,1.5,30.0,26245.5221326582,26245.5221326582,False,0.0,171,128,26,19,optimal,1,2144.354391756513,2144.354391756513,0.07805,252
uniforme_m30_n150_r1.5_s1002,pl,fronteira,29,1.5,5.0,26476.268898760973,26476.268898760973,False,0.0,171,128,26,19,optimal,1,788.1660585473835,788.1660585473835,0.156495,297
uniforme_m30_n150_r1.5_s1002,pl,fronteira,29,1.5,30.0,26476.268898760973,26476.268898760973,False,0.0,171,128,26,19,optimal,1,788.1660585473835,788.1660585473835,0.155715,297
uniforme_m30_n150_r1.5_s1002,pl,liberacao,23,1.5,5.0,26476.268898760973,26476.268898760973,False,0.0,171,128,26,19,optimal,1,4478.280587871022,4478.280587871022,0.053522999999999994,238
uniforme_m30_n150_r1.5_s1002,pl,liberacao,23,1.5,30.0,26476.268898760973,26476.268898760973,False,0.0,171,128,26,19,optimal,1,4478.280587871022,4478.280587871022,0.053645,238
uniforme_m30_n150_r1.5_s1002,expansao,regret,15,1.5,5.0,26039.43386143687,26039.43386143687,False,0.0,1042,1037,986,26,optimal,1,1388.5074148142448,1388.5074148142448,0.015408,158
uniforme_m30_n150_r1.5_s1002,expansao,regret,15,1.5,30.0,26039.43386143687,26039.43386143687,False,0.0,1042,1037,986,26,optimal,1,1388.5074148142448,1388.5074148142448,0.015328,158
uniforme_m30_n150_r1.5_s1002,expansao,regret,15,1.5,5.0,26039.43386143687,26039.43386143687,False,0.0,1042,1037,986,26,optimal,1,295.5325525384627,295.5325525384627,0.002695,157
uniforme_m30_n150_r1.5_s1002,expansao,regret,15,1.5,30.0,26039.43386143687,26039.43386143687,False,0.0,1042,1037,986,26,optimal,1,295.5325525384627,295.5325525384627,0.002745,157
uniforme_m30_n150_r1.5_s1002,expansao,interior,12,1.5,5.0,26039.43386143687,26039.43386143687,False,0.0,1042,1037,986,26,optimal,1,371.16479777587097,371.16479777587097,0.0010919999999999999,128
uniforme_m30_n150_r1.5_s1002,expansao,interior,12,1.5,30.0,26039.43386143687,26039.43386143687,False,0.0,1042,1037,986,26,optimal,1,371.16479777587097,371.16479777587097,0.001094,128
uniforme_m30_n150_r1.5_s1002,expansao,liberacao,24,1.5,5.0,26039.43386143687,26039.43386143687,False,0.0,1042,1037,986,26,optimal,1,4495.207318961779,4495.207318961779,0.019152,248
uniforme_m30_n150_r1.5_s1002,expansao,liberacao,24,1.5,30.0,26039.43386143687,26039.43386143687,False,0.0,1042,1037,986,26,optimal,1,4495.207318961779,4495.207318961779,0.019062,248
uniforme_m30_n150_r1.5_s1002,expansao,interior,11,1.5,5.0,26039.43386143687,26039.43386143687,False,0.0,1042,1037,986,26,optimal,1,185.22875083605294,185.22875083605294,0.001792,119
uniforme_m30_n150_r1.5_s1002,expansao,interior,11,1.5,30.0,26039.43386143687,26039.43386143687,False,0.0,1042,1037,986,26,optimal,1,185.22875083605294,185.22875083605294,0.001774,119
uniforme_m30_n150_r1.5_s1002,expansao,interior,13,1.5,5.0,26039.43386143687,26039.43386143687,False,0.0,1042,1037,986,26,optimal,1,421.2154856297192,421.2154856297192,0.002358,139
uniforme_m30_n150_r1.5_s1002,expansao,interior,13,1.5,30.0,26039.43386143687,26039.43386143687,False,0.0,1042,1037,986,26,optimal,1,421.2154856297192,421.2154856297192,0.002335,139
uniforme_m30_n150_r1.5_s1002,expansao,interior,13,1.5,5.0,26039.43386143687,26039.43386143687,False,0.0,1042,1037,986,26,optimal,1,1452.9154904931688,1452.9154904931688,0.015168999999999998,137
uniforme_m30_n150_r1.5_s1002,expansao,interior,13,1.5,30.0,26039.43386143687,26039.43386143687,False,0.0,1042,1037,986,26,optimal,1,1452.9154904931688,1452.9154904931688,0.015012,137
uniforme_m30_n150_r1.5_s1002,expansao,fronteira,26,1.5,5.0,26039.43386143687,26039.43386143687,False,0.0,1042,1037,986,26,optimal,1,1696.9309132076592,1696.9309132076592,0.056657,268
uniforme_m30_n150_r1.5_s1002,expansao,fronteira,26,1.5,30.0,26039.43386143687,26039.43386143687,False,0.0,1042,1037,986,26,optimal,1,1696.9309132076592,1696.9309132076592,0.056552,268
uniforme_m30_n150_r3.0_s1002,pl,regret,15,1.5,5.0,20823.801445664663,20823.801445664663,False,0.0,622,590,379,25,optimal,1,642.4873905656573,642.4873905656573,0.0034679999999999997,159
uniforme_m30_n150_r3.0_s1002,pl,regret,15,1.5,30.0,20823.801445664663,20823.801445664663,False,0.0,622,590,379,25,optimal,1,642.4873905656573,642.4873905656573,0.003385,159
uniforme_m30_n150_r3.0_s1002,pl,interior,27,1.5,5.0,19735.694382175912,19735.694382175912,False,0.0,622,590,379,25,optimal,1,3226.9769188606515,3226.9769188606515,0.024765,282
uniforme_m30_n150_r3.0_s1002,pl,interior,27,1.5,30.0,19735.694382175912,19735.694382175912,False,0.0,622,590,379,25,optimal,1,3226.9769188606515,3226.9769188606515,0.024777,282
uniforme_m30_n150_r3.0_s1002,pl,regret,15,1.5,5.0,19735.694382175912,19735.694382175912,False,0.0,622,590,379,25,optimal,0,389.47635356084584,389.47635356084584,0.000765,160
uniforme_m30_n150_r3.0_s1002,pl,regret,15,1.5,30.0,19735.694382175912,19735.694382175912,False,0.0,622,590,379,25,optimal,0,389.47635356084584,389.47635356084584,0.0007279999999999999,160
uniforme_m30_n150_r3.0_s1002,pl,interior,13,1.5,5.0,19735.694382175912,19735.694382175912,False,0.0,622,590,379,25,optimal,0,424.1507869617011,424.1507869617011,0.000672,140
uniforme_m30_n150_r3.0_s1002,pl,interior,13,1.5,30.0,19735.694382175912,19735.694382175912,False,0.0,622,590,379,25,optimal,0,424.1507869617011,424.1507869617011,0.000665,140
uniforme_m30_n150_r3.0_s1002,pl,regret,15,1.5,5.0,19735.694382175912,19735.694382175912,False,0.0,622,590,379,25,optimal,0,334.7806782182105,334.7806782182105,0.0007239999999999999,161
uniforme_m30_n150_r3.0_s1002,pl,regret,15,1.5,30.0,19735.694382175912,19735.694382175912,False,0.0,622,590,379,25,optimal,0,334.7806782182105,334.7806782182105,0.00071,161
uniforme_m30_n150_r3.0_s1002,pl,interior,11,1.5,5.0,19735.694382175912,19735.694382175912,False,0.0,622,590,379,25,optimal,0,327.00920284537546,327.00920284537546,0.000727,122
uniforme_m30_n150_r3.0_s1002,pl,interior,11,1.5,30.0,19735.694382175912,19735.694382175912,False,0.0,622,590,379,25,optimal,0,327.00920284537546,327.00920284537546,0.000683,122
uniforme_m30_n150_r3.0_s1002,pl,fronteira,26,1.5,5.0,19735.694382175912,19735.694382175912,False,0.0,622,590,379,25,optimal,0,905.1621359586519,905.1621359586519,0.0010999999999999998,272
uniforme_m30_n150_r3.0_s1002,pl,fronteira,26,1.5,30.0,19735.694382175912,19735.694382175912,False,0.0,622,590,379,25,optimal,0,905.1621359586519,905.1621359586519,0.0010869999999999999,272
uniforme_m30_n150_r3.0_s1002,pl,interior,13,1.5,5.0,19735.694382175912,19735.694382175912,False,0.0,622,590,379,25,optimal,0,189.29251244807864,189.29251244807864,0.0005949999999999999,142
uniforme_m30_n150_r3.0_s1002,pl,interior,13,1.5,30.0,19735.694382175912,19735.694382175912,False,0.0,622,590,379,25,optimal,0,189.29251244807864,189.29251244807864,0.000619,142
uniforme_m30_n150_r3.0_s1002,expansao,interior,13,1.5,5.0,19269.794631460514,19269.794631460514,False,0.0,1196,1196,873,21,optimal,0,252.81374256976045,252.81374256976045,0.000623,142
uniforme_m30_n150_r3.0_s1002,expansao,interior,13,1.5,30.0,19269.794631460514,19269.794631460514,False,0.0,1196,1196,873,21,optimal,0,252.81374256976045,252.81374256976045,0.000642,142
uniforme_m30_n150_r3.0_s1002,expansao,interior,15,1.5,5.0,19269.794631460514,19269.794631460514,False,0.0,1196,1196,873,21,optimal,0,743.4707378428928,743.4707378428928,0.000797,161
uniforme_m30_n150_r3.0_s1002,expansao,interior,15,1.5,30.0,19269.794631460514,19269.794631460514,False,0.0,1196,1196,873,21,optimal,0,743.4707378428928,743.4707378428928,0.0007779999999999999,161
uniforme_m30_n150_r3.0_s1002,expansao,fronteira,28,1.5,5.0,19269.794631460514,19269.794631460514,False,0.0,1196,1196,873,21,optimal,1,996.2844804126534,996.2844804126534,0.003734,295
uniforme_m30_n150_r3.0_s1002,expansao,fronteira,28,1.5,30.0,19269.794631460514,19269.794631460514,False,0.0,1196,1196,873,21,optimal,1,996.2844804126534,996.2844804126534,0.003712,295
uniforme_m30_n150_r3.0_s1002,expansao,regret,15,1.5,5.0,19269.794631460514,19269.794631460514,False,0.0,1196,1196,873,21,optimal,1,381.9493405264109,381.9493405264109,0.002577,166
uniforme_m30_n150_r3.0_s1002,expansao,regret,15,1.5,30.0,19269.794631460514,19269.794631460514,False,0.0,1196,1196,873,21,optimal,1,381.9493405264109,381.9493405264109,0.00264,166
uniforme_m30_n150_r3.0_s1002,expansao,fronteira,40,1.5,5.0,19269.794631460514,19269.794631460514,False,0.0,1196,1196,873,21,optimal,1,3665.4992471050896,3665.4992471050896,0.053334,417
uniforme_m30_n150_r3.0_s1002,expansao,fronteira,40,1.5,30.0,19269.794631460514,19269.794631460514,False,0.0,1196,1196,873,21,optimal,1,3665.4992471050896,3665.4992471050896,0.053098,417
uniforme_m30_n150_r3.0_s1002,expansao,interior,13,1.5,5.0,19269.794631460514,19269.794631460514,False,0.0,1196,1196,873,21,optimal,0,424.1507869617011,424.1507869617011,0.000743,140
uniforme_m30_n150_r3.0_s1002,expansao,interior,13,1.5,30.0,19269.794631460514,19269.794631460514,False,0.0,1196,1196,873,21,optimal,0,424.1507869617011,424.1507869617011,0.000699,140
uniforme_m30_n150_r3.0_s1002,expansao,interior,16,1.5,5.0,19269.794631460514,19269.794631460514,False,0.0,1196,1196,873,21,optimal,0,612.5642394978784,612.5642394978784,0.000851,171
uniforme_m30_n150_r3.0_s1002,expansao,interior,16,1.5,30.0,19269.794631460514,19269.794631460514,False,0.0,1196,1196,873,21,optimal,0,612.5642394978784,612.5642394978784,0.000843,171
uniforme_m30_n150_r3.0_s1002,expansao,interior,13,1.5,5.0,19269.794631460514,19269.794631460514,False,0.0,1196,1196,873,21,optimal,0,702.2345516335943,702.2345516335943,0.000716,140
uniforme_m30_n150_r3.0_s1002,expansao,interior,13,1.5,30.0,19269.794631460514,19269.794631460514,False,0.0,1196,1196,873,21,optimal,0,702.2345516335943,702.2345516335943,0.000696,140
clusters_m30_n150_r1.5_s1003,pl,interior,25,1.5,5.0,28475.35061086738,28475.35061086738,False,0.0,309,288,195,38,optimal,1,2108.911546828381,2108.911546828381,0.8499589999999999,256
clusters_m30_n150_r1.5_s1003,pl,interior,25,1.5,30.0,28475.35061086738,28475.35061086738,False,0.0,309,288,195,38,optimal,1,2108.911546828381,2108.911546828381,0.8514689999999999,256
clusters_m30_n150_r1.5_s1003,pl,regret,15,1.5,5.0,28475.35061086738,28475.35061086738,False,0.0,309,288,195,38,optimal,1,316.9929410679802,316.9929410679802,0.016585,154
clusters_m30_n150_r1.5_s1003,pl,regret,15,1.5,30.0,28475.35061086738,28475.35061086738,False,0.0,309,288,195,38,optimal,1,316.9929410679802,316.9929410679802,0.016545,154
clusters_m30_n150_r1.5_s1003,pl,regret,15,1.5,5.0,28475.35061086738,28475.35061086738,False,0.0,309,288,195,38,optimal,1,663.1463345057042,663.1463345057042,0.002541,156
clusters_m30_n150_r1.5_s1003,pl,regret,15,1.5,30.0,28475.35061086738,28475.35061086738,False,0.0,309,288,195,38,optimal,1,663.1463345057042,663.1463345057042,0.002581,156
clusters_m30_n150_r1.5_s1003,pl,interior,11,1.5,5.0,28475.35061086738,28475.35061086738,False,0.0,309,288,195,38,optimal,1,1657.8829195463452,1657.8829195463452,0.004208,117
clusters_m30_n150_r1.5_s1003,pl,interior,11,1.5,30.0,28475.35061086738,28475.35061086738,False,0.0,309,288,195,38,optimal,1,1657.8829195463452,1657.8829195463452,0.00422,117
clusters_m30_n150_r1.5_s1003,pl,liberacao,20,1.5,5.0,28491.258314475657,28491.258314475657,False,0.0,309,288,195,38,optimal,1,3676.3273873297594,3676.3273873297594,0.06329599999999999,207
clusters_m30_n150_r1.5_s1003,pl,liberacao,20,1.5,30.0,28491.258314475657,28491.258314475657,False,0.0,309,288,195,38,optimal,1,3676.3273873297594,3676.3273873297594,0.06343,207
clusters_m30_n150_r1.5_s1003,pl,fronteira,26,1.5,5.0,28490.842888835523,28490.842888835523,False,0.0,309,288,195,38,optimal,1,2393.417429823192,2393.417429823192,0.059126,271
clusters_m30_n150_r1.5_s1003,pl,fronteira,26,1.5,30.0,28490.842888835523,28490.842888835523,False,0.0,309,288,195,38,optimal,1,2393.417429823192,2393.417429823192,0.059305,271
clusters_m30_n150_r1.5_s1003,pl,interior,14,1.5,5.0,28475.35061086738,28475.35061086738,False,0.0,309,288,195,38,optimal,1,415.88622899394886,415.88622899394886,0.002515,144
clusters_m30_n150_r1.5_s1003,pl,interior,14,1.5,30.0,28475.35061086738,28475.35061086738,False,0.0,309,288,195,38,optimal,1,415.88622899394886,415.88622899394886,0.00242,144
clusters_m30_n150_r1.5_s1003,pl,interior,15,1.5,5.0,28491.258314475657,28491.258314475657,False,0.0,309,288,195,38,optimal,1,1705.8053000460916,1705.8053000460916,0.035318999999999996,156
clusters_m30_n150_r1.5_s1003,pl,interior,15,1.5,30.0,28491.258314475657,28491.258314475657,False,0.0,309,288,195,38,optimal,1,1705.8053000460916,1705.8053000460916,0.035102999999999995,156
clusters_m30_n150_r1.5_s1003,expansao,fronteira,26,1.5,5.0,27894.244926984615,27894.244926984615,False,0.0,626,613,548,35,optimal,1,1136.6424353078128,1136.6424353078128,0.029318,279
clusters_m30_n150_r1.5_s1003,expansao,fronteira,26,1.5,30.0,27894.244926984615,27894.244926984615,False,0.0,626,613,548,35,optimal,1,1136.6424353078128,1136.6424353078128,0.029192,279
clusters_m30_n150_r1.5_s1003,expansao,regret,15,1.5,5.0,27883.673076066898,27883.673076066898,False,0.0,626,613,548,35,optimal,0,557.6698832460107,557.6698832460107,0.0010299999999999999,160
clusters_m30_n150_r1.5_s1003,expansao,regret,15,1.5,30.0,27883.673076066898,27883.673076066898,False,0.0,626,613,548,35,optimal,0,557.6698832460107,557.6698832460107,0.00094,160
clusters_m30_n150_r1.5_s1003,expansao,regret,15,1.5,5.0,27883.673076066898,27883.673076066898,False,0.0,626,613,548,35,optimal,1,208.19789599841488,208.19789599841488,0.005601999999999999,156
clusters_m30_n150_r1.5_s1003,expansao,regret,15,1.5,30.0,27883.673076066898,27883.673076066898,False,0.0,626,613,548,35,optimal,1,208.19789599841488,208.19789599841488,0.0055179999999999995,156
clusters_m30_n150_r1.5_s1003,expansao,fronteira,20,1.5,5.0,27883.673076066898,27883.673076066898,False,0.0,626,613,548,35,optimal,1,567.9411406610684,567.9411406610684,0.003205,206
clusters_m30_n150_r1.5_s1003,expansao,fronteira,20,1.5,30.0,27883.673076066898,27883.673076066898,False,0.0,626,613,548,35,optimal,1,567.9411406610684,567.9411406610684,0.0031409999999999997,206
clusters_m30_n150_r1.5_s1003,expansao,liberacao,29,1.5,5.0,27883.673076066898,27883.673076066898,False,0.0,626,613,548,35,optimal,0,5276.763420062806,5276.763420062806,0.061524999999999996,307
clusters_m30_n150_r1.5_s1003,expansao,liberacao,29,1.5,30.0,27883.673076066898,27883.673076066898,False,0.0,626,613,548,35,optimal,0,5276.763420062806,5276.763420062806,0.061225999999999996,307
clusters_m30_n150_r1.5_s1003,expansao,interior,11,1.5,5.0,27894.244926984615,27894.244926984615,False,0.0,626,613,548,35,optimal,1,132.1225508155783,132.1225508155783,0.001389,115
clusters_m30_n150_r1.5_s1003,expansao,interior,11,1.5,30.0,27894.244926984615,27894.244926984615,False,0.0,626,613,548,35,optimal,1,132.1225508155783,132.1225508155783,0.00131,115
clusters_m30_n150_r1.5_s1003,expansao,interior,15,1.5,5.0,27883.673076066898,27883.673076066898,False,0.0,626,613,548,35,optimal,1,389.1566975683472,389.1566975683472,0.002322,155
clusters_m30_n150_r1.5_s1003,expansao,interior,15,1.5,30.0,27883.673076066898,27883.673076066898,False,0.0,626,613,548,35,optimal,1,389.1566975683472,389.1566975683472,0.002336,155
clusters_m30_n150_r1.5_s1003,expansao,fronteira,26,1.5,5.0,27883.673076066898,27883.673076066898,False,0.0,626,613,548,35,optimal,1,1136.6424353078128,1136.6424353078128,0.028963,279
clusters_m30_n150_r1.5_s1003,expansao,fronteira,26,1.5,30.0,27883.673076066898,27883.673076066898,False,0.0,626,613,548,35,optimal,1,1136.6424353078128,1136.6424353078128,0.029082,279
clusters_m30_n150_r3.0_s1003,pl,liberacao,42,1.5,5.0,19685.192319052432,19685.192319052432,False,0.0,271,249,120,46,optimal,1,5946.567105931486,5946.567105931486,0.28021,433
clusters_m30_n150_r3.0_s1003,pl,liberacao,42,1.5,30.0,19685.192319052432,19685.192319052432,False,0.0,271,249,120,46,optimal,1,5946.567105931486,5946.567105931486,0.279762,433
clusters_m30_n150_r3.0_s1003,pl,liberacao,27,1.5,5.0,19721.54339482598,19721.54339482598,False,0.0,271,249,120,46,optimal,1,4742.832216463483,4742.832216463483,0.051661,280
clusters_m30_n150_r3.0_s1003,pl,liberacao,27,1.5,30.0,19721.54339482598,19721.54339482598,False,0.0,271,249,120,46,optimal,1,4742.832216463483,4742.832216463483,0.051891,280
clusters_m30_n150_r3.0_s1003,pl,interior,11,1.5,5.0,19697.984743475703,19697.984743475703,False,0.0,271,249,120,46,optimal,1,330.834743483891,330.834743483891,0.0012109999999999998,116
clusters_m30_n150_r3.0_s1003,pl,interior,11,1.5,30.0,19697.984743475703,19697.984743475703,False,0.0,271,249,120,46,optimal,1,330.834743483891,330.834743483891,0.001156,116
clusters_m30_n150_r3.0_s1003,pl,fronteira,31,1.5,5.0,19685.192319052432,19685.192319052432,False,0.0,271,249,120,46,optimal,1,1917.1588949225259,1917.1588949225259,0.164794,318
clusters_m30_n150_r3.0_s1003,pl,fronteira,31,1.5,30.0,19685.192319052432,19685.192319052432,False,0.0,271,249,120,46,optimal,1,1917.1588949225259,1917.1588949225259,0.165867,318
clusters_m30_n150_r3.0_s1003,pl,regret,15,1.5,5.0,19721.54339482598,19721.54339482598,False,0.0,271,249,120,46,optimal,1,131.5892865527175,131.5892865527175,0.0017029999999999999,160
clusters_m30_n150_r3.0_s1003,pl,regret,15,1.5,30.0,19721.54339482598,19721.54339482598,False,0.0,271,249,120,46,optimal,1,131.5892865527175,131.5892865527175,0.001581,160
clusters_m30_n150_r3.0_s1003,pl,liberacao,42,1.5,5.0,19697.984743475703,19697.984743475703,False,0.0,271,249,120,46,optimal,23,5958.802683643882,5958.802683643882,0.6369009999999999,433
clusters_m30_n150_r3.0_s1003,pl,liberacao,42,1.5,30.0,19697.984743475703,19697.984743475703,False,0.0,271,249,120,46,optimal,23,5958.802683643882,5958.802683643882,0.634593,433
clusters_m30_n150_r3.0_s1003,pl,interior,15,1.5,5.0,19721.54339482598,19721.54339482598,False,0.0,271,249,120,46,optimal,1,478.77907562091025,478.77907562091025,0.005294,160
clusters_m30_n150_r3.0_s1003,pl,interior,15,1.5,30.0,19721.54339482598,19721.54339482598,False,0.0,271,249,120,46,optimal,1,478.77907562091025,478.77907562091025,0.0050409999999999995,160
clusters_m30_n150_r3.0_s1003,pl,interior,11,1.5,5.0,19685.192319052432,19685.192319052432,False,0.0,271,249,120,46,optimal,0,150.62821991673752,150.62821991673752,0.000534,118
clusters_m30_n150_r3.0_s1003,pl,interior,11,1.5,30.0,19685.192319052432,19685.192319052432,False,0.0,271,249,120,46,optimal,0,150.62821991673752,150.62821991673752,0.000549,118
clusters_m30_n150_r3.0_s1003,expansao,fronteira,30,1.5,5.0,19207.010086199352,19207.010086199352,False,0.0,127,122,47,24,optimal,1,285.69459911327874,285.69459911327874,0.002101,309
clusters_m30_n150_r3.0_s1003,expansao,fronteira,30,1.5,30.0,19207.010086199352,19207.010086199352,False,0.0,127,122,47,24,optimal,1,285.69459911327874,285.69459911327874,0.002006,309
clusters_m30_n150_r3.0_s1003,expansao,liberacao,39,1.5,5.0,19208.32616741207,19208.32616741207,False,0.0,127,122,47,24,optimal,1,5929.33808316479,5929.33808316479,0.96756,401
clusters_m30_n150_r3.0_s1003,expansao,liberacao,39,1.5,30.0,19208.32616741207,19208.32616741207,False,0.0,127,122,47,24,optimal,1,5929.33808316479,5929.33808316479,0.969592,401
clusters_m30_n150_r3.0_s1003,expansao,regret,15,1.5,5.0,19208.32616741207,19208.32616741207,False,0.0,127,122,47,24,optimal,0,489.003226910607,489.003226910607,0.001022,161
clusters_m30_n150_r3.0_s1003,expansao,regret,15,1.5,30.0,19208.32616741207,19208.32616741207,False,0.0,127,122,47,24,optimal,0,489.003226910607,489.003226910607,0.000971,161
clusters_m30_n150_r3.0_s1003,expansao,regret,15,1.5,5.0,19208.32616741207,19208.32616741207,False,0.0,127,122,47,24,optimal,1,363.3562181508728,363.3562181508728,0.002479,161
clusters_m30_n150_r3.0_s1003,expansao,regret,15,1.5,30.0,19208.32616741207,19208.32616741207,False,0.0,127,122,47,24,optimal,1,363.3562181508728,363.3562181508728,0.002407,161
clusters_m30_n150_r3.0_s1003,expansao,liberacao,39,1.5,5.0,19208.159523997776,19208.159523997776,False,0.0,127,122,47,24,optimal,1,5929.33808316479,5929.33808316479,0.9698479999999999,401
clusters_m30_n150_r3.0_s1003,expansao,liberacao,39,1.5,30.0,19208.159523997776,19208.159523997776,False,0.0,127,122,47,24,optimal,1,5929.33808316479,5929.33808316479,0.968722,401
clusters_m30_n150_r3.0_s1003,expansao,interior,14,1.5,5.0,19208.32616741207,19208.32616741207,False,0.0,127,122,47,24,optimal,0,460.3131692728045,460.3131692728045,0.0007109999999999999,150
clusters_m30_n150_r3.0_s1003,expansao,interior,14,1.5,30.0,19208.32616741207,19208.32616741207,False,0.0,127,122,47,24,optimal,0,460.3131692728045,460.3131692728045,0.0006839999999999999,150
clusters_m30_n150_r3.0_s1003,expansao,liberacao,37,1.5,5.0,19207.010086199352,19207.010086199352,False,0.0,127,122,47,24,optimal,1,5474.4686580030775,5474.4686580030775,2.236024,381
clusters_m30_n150_r3.0_s1003,expansao,liberacao,37,1.5,30.0,19207.010086199352,19207.010086199352,False,0.0,127,122,47,24,optimal,1,5474.4686580030775,5474.4686580030775,2.232748,381
clusters_m30_n150_r3.0_s1003,expansao,fronteira,31,1.5,5.0,19207.010086199352,19207.010086199352,False,0.0,127,122,47,24,optimal,1,392.00659269856965,392.00659269856965,0.021144,319
clusters_m30_n150_r3.0_s1003,expansao,fronteira,31,1.5,30.0,19207.010086199352,19207.010086199352,False,0.0,127,122,47,24,optimal,1,392.00659269856965,392.00659269856965,0.021032,319
uniforme_m30_n150_r1.5_s1003,pl,liberacao,18,1.5,5.0,27535.803786840734,27535.803786840734,False,0.0,366,327,214,35,optimal,1,4077.715577325477,4077.715577325477,0.032404999999999996,190
uniforme_m30_n150_r1.5_s1003,pl,liberacao,18,1.5,30.0,27535.803786840734,27535.803786840734,False,0.0,366,327,214,35,optimal,1,4077.715577325477,4077.715577325477,0.032307999999999996,190
uniforme_m30_n150_r1.5_s1003,pl,regret,15,1.5,5.0,27535.803786840734,27535.803786840734,False,0.0,366,327,214,35,optimal,1,266.6148452047728,266.6148452047728,0.003348,154
uniforme_m30_n150_r1.5_s1003,pl,regret,15,1.5,30.0,27535.803786840734,27535.803786840734,False,0.0,366,327,214,35,optimal,1,266.6148452047728,266.6148452047728,0.003258,154
uniforme_m30_n150_r1.5_s1003,pl,regret,15,1.5,5.0,27405.53160203809,27405.53160203809,False,0.0,366,327,214,35,optimal,1,266.6148452047728,266.6148452047728,0.002768,154
uniforme_m30_n150_r1.5_s1003,pl,regret,15,1.5,30.0,27405.53160203809,27405.53160203809,False,0.0,366,327,214,35,optimal,1,266.6148452047728,266.6148452047728,0.0027099999999999997,154
uniforme_m30_n150_r1.5_s1003,pl,interior,17,1.5,5.0,27405.53160203809,27405.53160203809,False,0.0,366,327,214,35,optimal,1,1737.5411845390595,1737.5411845390595,0.018279999999999998,174
uniforme_m30_n150_r1.5_s1003,pl,interior,17,1.5,30.0,27405.53160203809,27405.53160203809,False,0.0,366,327,214,35,optimal,1,1737.5411845390595,1737.5411845390595,0.018272999999999998,174
uniforme_m30_n150_r1.5_s1003,pl,fronteira,33,1.5,5.0,27535.803786840734,27535.803786840734,False,0.0,366,327,214,35,optimal,1,3519.719189106839,3519.719189106839,0.609598,341
uniforme_m30_n150_r1.5_s1003,pl,fronteira,33,1.5,30.0,27535.803786840734,27535.803786840734,False,0.0,366,327,214,35,optimal,1,3519.719189106839,3519.719189106839,0.610072,341
uniforme_m30_n150_r1.5_s1003,pl,interior,11,1.5,5.0,27405.53160203809,27405.53160203809,False,0.0,366,327,214,35,optimal,1,978.8986871758059,978.8986871758059,0.010083,115
uniforme_m30_n150_r1.5_s1003,pl,interior,11,1.5,30.0,27405.53160203809,27405.53160203809,False,0.0,366,327,214,35,optimal,1,978.8986871758059,978.8986871758059,0.010085,115
uniforme_m30_n150_r1.5_s1003,pl,fronteira,18,1.5,5.0,27405.53160203809,27405.53160203809,False,0.0,366,327,214,35,optimal,1,531.3069523485377,531.3069523485377,0.0026579999999999998,185
uniforme_m30_n150_r1.5_s1003,pl,fronteira,18,1.5,30.0,27405.53160203809,27405.53160203809,False,0.0,366,327,214,35,optimal,1,531.3069523485377,531.3069523485377,0.0025559999999999997,185
uniforme_m30_n150_r1.5_s1003,pl,interior,20,1.5,5.0,27405.53160203809,27405.53160203809,False,0.0,366,327,214,35,optimal,1,398.0068317529941,398.0068317529941,0.0029579999999999997,208
uniforme_m30_n150_r1.5_s1003,pl,interior,20,1.5,30.0,27405.53160203809,27405.53160203809,False,0.0,366,327,214,35,optimal,1,398.0068317529941,398.0068317529941,0.003013,208
uniforme_m30_n150_r1.5_s1003,expansao,liberacao,31,1.5,5.0,27368.746938276738,27368.746938276738,False,0.0,259,231,161,30,optimal,1,4906.624912334397,4906.624912334397,0.030855999999999998,325
uniforme_m30_n150_r1.5_s1003,expansao,liberacao,31,1.5,30.0,27368.746938276738,27368.746938276738,False,0.0,259,231,161,30,optimal,1,4906.624912334397,4906.624912334397,0.030584,325
uniforme_m30_n150_r1.5_s1003,expansao,liberacao,28,1.5,5.0,27428.94663249267,27324.189825651876,True,0.0038192063386311924,259,231,161,30,timelimit,3788,5507.649873905107,5595.041634846421,4.994558,289
uniforme_m30_n150_r1.5_s1003,expansao,liberacao,28,1.5,30.0,27428.94663249267,27291.596507053167,True,0.00500748815766752,259,231,161,30,optimal,3392,5562.448316247709,5562.448316247709,8.736005,289
uniforme_m30_n150_r1.5_s1003,expansao,liberacao,27,1.5,5.0,27368.746938276738,27368.746938276738,False,0.0,259,231,161,30,optimal,59,5653.196640660307,5653.196640660307,0.362241,279
uniforme_m30_n150_r1.5_s1003,expansao,liberacao,27,1.5,30.0,27368.746938276738,27368.746938276738,False,0.0,259,231,161,30,optimal,59,5653.196640660307,5653.196640660307,0.362018,279
uniforme_m30_n150_r1.5_s1003,expansao,interior,20,1.5,5.0,27368.746938276738,27368.746938276738,False,0.0,259,231,161,30,optimal,1,1799.478724798914,1799.478724798914,0.053138,208
uniforme_m30_n150_r1.5_s1003,expansao,interior,20,1.5,30.0,27368.746938276738,27368.746938276738,False,0.0,259,231,161,30,optimal,1,1799.478724798914,1799.478724798914,0.052856,208
uniforme_m30_n150_r1.5_s1003,expansao,fronteira,36,1.5,5.0,27368.746938276738,27368.746938276738,False,0.0,259,231,161,30,optimal,1,5073.110821449541,5073.110821449541,0.126491,369
uniforme_m30_n150_r1.5_s1003,expansao,fronteira,36,1.5,30.0,27368.746938276738,27368.746938276738,False,0.0,259,231,161,30,optimal,1,5073.110821449541,5073.110821449541,0.126085,369
uniforme_m30_n150_r1.5_s1003,expansao,fronteira,37,1.5,5.0,27368.746938276738,27368.746938276738,False,0.0,259,231,161,30,optimal,1,4073.179454614612,4073.179454614612,0.23268899999999998,380
uniforme_m30_n150_r1.5_s1003,expansao,fronteira,37,1.5,30.0,27368.746938276738,27368.746938276738,False,0.0,259,231,161,30,optimal,1,4073.179454614612,4073.179454614612,0.23249599999999998,380
uniforme_m30_n150_r1.5_s1003,expansao,liberacao,26,1.5,5.0,27368.746938276738,27368.746938276738,False,0.0,259,231,161,30,optimal,1,4805.399585630257,4805.399585630257,0.027743,271
uniforme_m30_n150_r1.5_s1003,expansao,liberacao,26,1.5,30.0,27368.746938276738,27368.746938276738,False,0.0,259,231,161,30,optimal,1,4805.399585630257,4805.399585630257,0.027856,271
uniforme_m30_n150_r1.5_s1003,expansao,fronteira,16,1.5,5.0,27368.746938276738,27368.746938276738,False,0.0,259,231,161,30,optimal,1,735.9646744655194,735.9646744655194,0.003081,165
uniforme_m30_n150_r1.5_s1003,expansao,fronteira,16,1.5,30.0,27368.746938276738,27368.746938276738,False,0.0,259,231,161,30,optimal,1,735.9646744655194,735.9646744655194,0.0030099999999999997,165
uniforme_m30_n150_r3.0_s1003,pl,regret,15,1.5,5.0,20982.94416043118,20982.94416043118,False,0.0,519,496,257,43,optimal,1,412.0959879485339,412.0959879485339,0.003179,160
uniforme_m30_n150_r3.0_s1003,pl,regret,15,1.5,30.0,20982.94416043118,20982.94416043118,False,0.0,519,496,257,43,optimal,1,412.0959879485339,412.0959879485339,0.0031219999999999998,160
uniforme_m30_n150_r3.0_s1003,pl,regret,15,1.5,5.0,20959.951793677945,20959.951793677945,False,0.0,519,496,257,43,optimal,0,553.9297366718707,553.9297366718707,0.000878,159
uniforme_m30_n150_r3.0_s1003,pl,regret,15,1.5,30.0,20959.951793677945,20959.951793677945,False,0.0,519,496,257,43,optimal,0,553.9297366718707,553.9297366718707,0.0008759999999999999,159
uniforme_m30_n150_r3.0_s1003,pl,regret,15,1.5,5.0,20982.94416043118,20982.94416043118,False,0.0,519,496,257,43,optimal,1,561.83989441596,561.83989441596,0.0011639999999999999,159
uniforme_m30_n150_r3.0_s1003,pl,regret,15,1.5,30.0,20982.94416043118,20982.94416043118,False,0.0,519,496,257,43,optimal,1,561.83989441596,561.83989441596,0.001125,159
uniforme_m30_n150_r3.0_s1003,pl,regret,15,1.5,5.0,20959.951793677945,20959.951793677945,False,0.0,519,496,257,43,optimal,1,454.49792284358375,454.49792284358375,0.001392,162
uniforme_m30_n150_r3.0_s1003,pl,regret,15,1.5,30.0,20959.951793677945,20959.951793677945,False,0.0,519,496,257,43,optimal,1,454.49792284358375,454.49792284358375,0.0014299999999999998,162
uniforme_m30_n150_r3.0_s1003,pl,fronteira,30,1.5,5.0,20959.951793677945,20959.951793677945,False,0.0,519,496,257,43,optimal,1,793.4255661917662,793.4255661917662,0.012253,313
uniforme_m30_n150_r3.0_s1003,pl,fronteira,30,1.5,30.0,20959.951793677945,20959.951793677945,False,0.0,519,496,257,43,optimal,1,793.4255661917662,793.4255661917662,0.012371,313
uniforme_m30_n150_r3.0_s1003,pl,interior,14,1.5,5.0,20959.951793677945,20959.951793677945,False,0.0,519,496,257,43,optimal,1,370.16777903001423,370.16777903001423,0.0028239999999999997,149
uniforme_m30_n150_r3.0_s1003,pl,interior,14,1.5,30.0,20959.951793677945,20959.951793677945,False,0.0,519,496,257,43,optimal,1,370.16777903001423,370.16777903001423,0.002797,149
uniforme_m30_n150_r3.0_s1003,pl,regret,15,1.5,5.0,20959.951793677945,20959.951793677945,False,0.0,519,496,257,43,optimal,0,422.9623353193012,422.9623353193012,0.000757,159
uniforme_m30_n150_r3.0_s1003,pl,regret,15,1.5,30.0,20959.951793677945,20959.951793677945,False,0.0,519,496,257,43,optimal,0,422.9623353193012,422.9623353193012,0.000745,159
uniforme_m30_n150_r3.0_s1003,pl,fronteira,18,1.5,5.0,21090.39177039665,21090.39177039665,False,0.0,519,496,257,43,optimal,1,550.9625297237434,550.9625297237434,0.002335,190
uniforme_m30_n150_r3.0_s1003,pl,fronteira,18,1.5,30.0,21090.39177039665,21090.39177039665,False,0.0,519,496,257,43,optimal,1,550.9625297237434,550.9625297237434,0.002304,190
uniforme_m30_n150_r3.0_s1003,expansao,fronteira,37,1.5,5.0,20597.385736548178,20597.385736548178,False,0.0,391,391,268,22,optimal,1,996.9255139270545,996.9255139270545,0.0047989999999999994,383
uniforme_m30_n150_r3.0_s1003,expansao,fronteira,37,1.5,30.0,20597.385736548178,20597.385736548178,False,0.0,391,391,268,22,optimal,1,996.9255139270545,996.9255139270545,0.004661,383
uniforme_m30_n150_r3.0_s1003,expansao,regret,15,1.5,5.0,20597.385736548178,20597.385736548178,False,0.0,391,391,268,22,optimal,1,1044.5193483741507,1044.5193483741507,0.0028049999999999998,167
uniforme_m30_n150_r3.0_s1003,expansao,regret,15,1.5,30.0,20597.385736548178,20597.385736548178,False,0.0,391,391,268,22,optimal,1,1044.5193483741507,1044.5193483741507,0.002757,167
uniforme_m30_n150_r3.0_s1003,expansao,interior,14,1.5,5.0,20597.385736548178,20597.385736548178,False,0.0,391,391,268,22,optimal,1,406.03117243139496,406.03117243139496,0.001122,149
uniforme_m30_n150_r3.0_s1003,expansao,interior,14,1.5,30.0,20597.385736548178,20597.385736548178,False,0.0,391,391,268,22,optimal,1,406.03117243139496,406.03117243139496,0.001096,149
uniforme_m30_n150_r3.0_s1003,expansao,fronteira,28,1.5,5.0,20597.385736548178,20597.385736548178,False,0.0,391,391,268,22,optimal,1,919.1230215184122,919.1230215184122,0.006843999999999999,300
uniforme_m30_n150_r3.0_s1003,expansao,fronteira,28,1.5,30.0,20597.385736548178,20597.385736548178,False,0.0,391,391,268,22,optimal,1,919.1230215184122,919.1230215184122,0.0068449999999999995,300
uniforme_m30_n150_r3.0_s1003,expansao,fronteira,33,1.5,5.0,20597.385736548178,20597.385736548178,False,0.0,391,391,268,22,optimal,1,2991.300077161999,2991.300077161999,0.031896,347
uniforme_m30_n150_r3.0_s1003,expansao,fronteira,33,1.5,30.0,20597.385736548178,20597.385736548178,False,0.0,391,391,268,22,optimal,1,2991.300077161999,2991.300077161999,0.0318,347
uniforme_m30_n150_r3.0_s1003,expansao,interior,19,1.5,5.0,20597.385736548178,20597.385736548178,False,0.0,391,391,268,22,optimal,1,1215.0921008284354,1215.0921008284354,0.006150999999999999,206
uniforme_m30_n150_r3.0_s1003,expansao,interior,19,1.5,30.0,20597.385736548178,20597.385736548178,False,0.0,391,391,268,22,optimal,1,1215.0921008284354,1215.0921008284354,0.006056,206
uniforme_m30_n150_r3.0_s1003,expansao,interior,13,1.5,5.0,20597.385736548178,20597.385736548178,False,0.0,391,391,268,22,optimal,0,322.79450719829936,322.79450719829936,0.0006789999999999999,141
uniforme_m30_n150_r3.0_s1003,expansao,interior,13,1.5,30.0,20597.385736548178,20597.385736548178,False,0.0,391,391,268,22,optimal,0,322.79450719829936,322.79450719829936,0.000696,141
uniforme_m30_n150_r3.0_s1003,expansao,interior,20,1.5,5.0,20597.385736548178,20597.385736548178,False,0.0,391,391,268,22,optimal,0,585.1113411536838,585.1113411536838,0.000917,211
uniforme_m30_n150_r3.0_s1003,expansao,interior,20,1.5,30.0,20597.385736548178,20597.385736548178,False,0.0,391,391,268,22,optimal,0,585.1113411536838,585.1113411536838,0.000908,211
