seed,epoca,loss_treino,loss_val
0,0,0.3817089073359966,0.3451258963905275
0,1,0.353217486012727,0.34967796970158815
0,2,0.34557785927318035,0.3415234503336251
0,3,0.34265645910054443,0.34416176471859217
0,4,0.3351512625347823,0.3415710609406233
0,5,0.327493997104466,0.31112585915252566
0,6,0.3105218030512333,0.30779695603996515
0,7,0.30063812327571215,0.2953289127908647
0,8,0.29363671615719794,0.3086485778912902
0,9,0.29170487099327147,0.2924535986967385
0,10,0.293095582537353,0.2913201446644962
0,11,0.2807120907586068,0.28296128986403346
0,12,0.28261510920710864,0.2891711920965463
0,13,0.27705305712297557,0.28845664393156767
0,14,0.2744144031777978,0.2928927019238472
0,15,0.2708625929895788,0.3033115298021585
0,16,0.2709116572979838,0.3052902042400092
0,17,0.2661544785834849,0.3055056694429368
0,18,0.26839766683988275,0.2825177407357842
0,19,0.26295244726352396,0.29696189798414707
0,20,0.2644111547153443,0.31175191910006106
0,21,0.2673877627588809,0.2830370310693979
0,22,0.2596389991696924,0.30197716201655567
0,23,0.25887501335237173,0.3118744872044772
0,24,0.25802959033753725,0.29679478984326124
0,25,0.2618024404160678,0.295372374355793
0,26,0.2571307701524347,0.2909709680825472
0,27,0.25121381795033815,0.32084547635167837
0,28,0.2572713724337518,0.29222068982198834
0,29,0.24605426620692014,0.29859869251959026
0,30,0.24926012894138694,0.2903499426320195
0,31,0.2516755842138082,0.2927397706080228
0,32,0.24310382460244,0.29959869175218046
0,33,0.2463986427988857,0.28373708692379296
1,0,0.3726609732955694,0.36118893325328827
1,1,0.3503941765986383,0.34879138274118304
1,2,0.3427857090719044,0.34933353774249554
1,3,0.34426599480211734,0.36723560956306756
1,4,0.339356985129416,0.34452486550435424
1,5,0.33676631590351463,0.3418329320847988
1,6,0.3324957909062505,0.33700087247416377
1,7,0.32516994774341584,0.3188751880079508
1,8,0.3193776044994593,0.31003787694498897
1,9,0.30068794316612185,0.3195068452041596
1,10,0.3115433824714273,0.31862810417078435
1,11,0.3007818304002285,0.3077520022634417
1,12,0.29034842539113015,0.30618815473280847
1,13,0.27972698672674595,0.2980567573104054
1,14,0.27901344099082054,0.3010505801066756
1,15,0.27864194409921766,0.3020008720923215
1,16,0.2756642183754593,0.29407704481855035
1,17,0.26752222222276034,0.29574604192748666
1,18,0.26907888720743356,0.3173060021363199
1,19,0.2672665305202827,0.29806970711797476
1,20,0.2624119491316378,0.3066974200773984
1,21,0.2627625138266012,0.2883569325786084
1,22,0.26246234071440994,0.29761315672658384
1,23,0.26089587565511463,0.2980854786001146
1,24,0.2601197179406881,0.29291380755603313
1,25,0.2564653324196115,0.3095078761689365
1,26,0.2580302061745897,0.3128862655721605
1,27,0.25475102083291856,0.3022320519667119
1,28,0.25303830283228307,0.3310197207611054
1,29,0.2497054746840149,0.2912749496754259
1,30,0.24811126159038394,0.34965813299641013
1,31,0.25166699499823153,0.3111524365376681
1,32,0.24239624347537755,0.3016577095258981
1,33,0.24459940087981522,0.3048059993889183
1,34,0.243579910392873,0.30247546918690205
1,35,0.24643639132846146,0.295390390092507
1,36,0.2408519773511216,0.30435116309672594
2,0,0.37375073209404946,0.3499996508471668
2,1,0.3497532328125089,0.3544954040553421
2,2,0.33447122098878024,0.32237989106215537
2,3,0.31308278292417524,0.3078564824536443
2,4,0.3062780140899122,0.2918167714960873
2,5,0.2917259972076863,0.3234373501036316
2,6,0.28201943589374423,0.2861301440279931
2,7,0.27611688398756085,0.2917075897566974
2,8,0.2719147999305278,0.2969016085844487
2,9,0.27001698059029877,0.28475809190422297
2,10,0.2782057350035757,0.30186544195748866
2,11,0.267633887170814,0.29543260484933853
2,12,0.26692135841585696,0.29344430891796947
2,13,0.26846077060326934,0.2791407478507608
2,14,0.26128653679043057,0.2908213818445802
2,15,0.26161767039448025,0.2872974989004433
2,16,0.2546151765855029,0.28966569108888507
2,17,0.26034424267709255,0.288000394590199
2,18,0.25550136335659773,0.2772608557716012
2,19,0.2546115109696984,0.2894896462094039
2,20,0.26141549698077143,0.2814830669667572
2,21,0.2516967998119071,0.2898332136683166
2,22,0.25265525369904934,0.29198073176667094
2,23,0.24803197123110293,0.30009180773049593
2,24,0.2491119540762156,0.2914875519927591
2,25,0.24724707405548543,0.294910337543115
2,26,0.24296541162766516,0.29423907957971096
2,27,0.2512423181440681,0.29335318272933364
2,28,0.24045884713996202,0.3158514522947371
2,29,0.2391739484621212,0.30573390796780586
2,30,0.240764750726521,0.30225441535003483
2,31,0.2420314296381548,0.31295800441876054
2,32,0.2393441469874233,0.30435342201963067
2,33,0.2370830178493634,0.30220073531381786
