n,familia,seed,otimo,bound,status,t_exato,metodo,custo,razao_vs_ref,razao_cert,abertos,tempo
100,uniforme,0,16.04433519421031,16.04433519421031,optimal,1.6179760000004535,mettu_plaxton,18.728461431078795,1.1672943256531483,1.1672943256531483,6,0.001559399999678135
100,uniforme,0,16.04433519421031,16.04433519421031,optimal,1.6179760000004535,mp+busca_local,16.049844287283257,1.0003433668647697,1.0003433668647697,12,0.0046675999992658035
100,uniforme,0,16.04433519421031,16.04433519421031,optimal,1.6179760000004535,mpnn_estavel_s0,18.63442178139484,1.161433088740204,1.161433088740204,7,0.014416900000469468
100,uniforme,0,16.04433519421031,16.04433519421031,optimal,1.6179760000004535,mpnn_estavel_s0+busca_local,16.04433519421031,1.0,1.0,11,0.02071440000054281
100,uniforme,0,16.04433519421031,16.04433519421031,optimal,1.6179760000004535,mpnn_estavel_s1,19.83090667025727,1.2360067544221693,1.2360067544221693,5,0.010212300000603136
100,uniforme,0,16.04433519421031,16.04433519421031,optimal,1.6179760000004535,mpnn_estavel_s1+busca_local,16.077883203059102,1.0020909566175669,1.0020909566175669,12,0.015281500001037784
100,uniforme,0,16.04433519421031,16.04433519421031,optimal,1.6179760000004535,mpnn_estavel_raio_s0,18.594870232485135,1.1589679477149792,1.1589679477149792,6,0.013362400000005437
100,uniforme,0,16.04433519421031,16.04433519421031,optimal,1.6179760000004535,mpnn_estavel_raio_s0+busca_local,16.04433519421031,1.0,1.0,11,0.018179099999542814
100,uniforme,0,16.04433519421031,16.04433519421031,optimal,1.6179760000004535,mpnn_estavel_raio_s1,17.75335371716423,1.1065185002848004,1.1065185002848004,8,0.010463800000252377
100,uniforme,0,16.04433519421031,16.04433519421031,optimal,1.6179760000004535,mpnn_estavel_raio_s1+busca_local,16.077883203059102,1.0020909566175669,1.0020909566175669,12,0.01437300000088726
100,clusters,1,8.437444079618905,8.437444079618905,optimal,1.4732217000000674,mettu_plaxton,8.49131260305916,1.0063844599065703,1.0063844599065703,4,0.0017650999998295447
100,clusters,1,8.437444079618905,8.437444079618905,optimal,1.4732217000000674,mp+busca_local,8.437444079618903,0.9999999999999998,0.9999999999999998,4,0.0032131999996636296
100,clusters,1,8.437444079618905,8.437444079618905,optimal,1.4732217000000674,mpnn_estavel_s0,8.561137205257142,1.0146600231623488,1.0146600231623488,4,0.01612550000027113
100,clusters,1,8.437444079618905,8.437444079618905,optimal,1.4732217000000674,mpnn_estavel_s0+busca_local,8.437444079618903,0.9999999999999998,0.9999999999999998,4,0.017616899999666202
100,clusters,1,8.437444079618905,8.437444079618905,optimal,1.4732217000000674,mpnn_estavel_s1,8.78057738732123,1.04066792081398,1.04066792081398,4,0.014920700000402576
100,clusters,1,8.437444079618905,8.437444079618905,optimal,1.4732217000000674,mpnn_estavel_s1+busca_local,8.437444079618903,0.9999999999999998,0.9999999999999998,4,0.016610499999842432
100,clusters,1,8.437444079618905,8.437444079618905,optimal,1.4732217000000674,mpnn_estavel_raio_s0,8.737112736184155,1.035516520611866,1.035516520611866,4,0.013451700000587152
100,clusters,1,8.437444079618905,8.437444079618905,optimal,1.4732217000000674,mpnn_estavel_raio_s0+busca_local,8.437444079618903,0.9999999999999998,0.9999999999999998,4,0.015067700000145123
100,clusters,1,8.437444079618905,8.437444079618905,optimal,1.4732217000000674,mpnn_estavel_raio_s1,8.72470785177769,1.0340463023455986,1.0340463023455986,5,0.01540460000069288
100,clusters,1,8.437444079618905,8.437444079618905,optimal,1.4732217000000674,mpnn_estavel_raio_s1+busca_local,8.503899356993102,1.007876233222656,1.007876233222656,5,0.016748200001529767
100,uniforme,2,16.95319356936997,16.95319356936997,optimal,1.6586933000007775,mettu_plaxton,17.817467256583928,1.0509799928655021,1.0509799928655021,7,0.0023602999999638996
100,uniforme,2,16.95319356936997,16.95319356936997,optimal,1.6586933000007775,mp+busca_local,17.088099219778023,1.0079575361335928,1.0079575361335928,11,0.006166500000290398
100,uniforme,2,16.95319356936997,16.95319356936997,optimal,1.6586933000007775,mpnn_estavel_s0,19.428365301385373,1.1460003227054163,1.1460003227054163,7,0.0175305999991906
100,uniforme,2,16.95319356936997,16.95319356936997,optimal,1.6586933000007775,mpnn_estavel_s0+busca_local,17.146807610599822,1.011420505548858,1.011420505548858,12,0.02322089999961463
100,uniforme,2,16.95319356936997,16.95319356936997,optimal,1.6586933000007775,mpnn_estavel_s1,19.15537524455684,1.1298977485378119,1.1298977485378119,7,0.016119099999741593
100,uniforme,2,16.95319356936997,16.95319356936997,optimal,1.6586933000007775,mpnn_estavel_s1+busca_local,17.171670666264024,1.0128870761724085,1.0128870761724085,12,0.02258819999951811
100,uniforme,2,16.95319356936997,16.95319356936997,optimal,1.6586933000007775,mpnn_estavel_raio_s0,20.575951086585714,1.2136917450032028,1.2136917450032028,5,0.011756599999898754
100,uniforme,2,16.95319356936997,16.95319356936997,optimal,1.6586933000007775,mpnn_estavel_raio_s0+busca_local,17.0263014766853,1.0043123383813313,1.0043123383813313,11,0.015183699999397504
100,uniforme,2,16.95319356936997,16.95319356936997,optimal,1.6586933000007775,mpnn_estavel_raio_s1,18.364097675008114,1.0832235000364347,1.0832235000364347,7,0.014155600000776758
100,uniforme,2,16.95319356936997,16.95319356936997,optimal,1.6586933000007775,mpnn_estavel_raio_s1+busca_local,17.09666714498856,1.0084629232263242,1.0084629232263242,13,0.021519800000532996
100,clusters,3,8.83643662795414,8.83643662795414,optimal,1.5475790999998935,mettu_plaxton,11.204658058890004,1.2680063843205729,1.2680063843205729,3,0.0023201000003609806
100,clusters,3,8.83643662795414,8.83643662795414,optimal,1.5475790999998935,mp+busca_local,8.836436627954141,1.0000000000000002,1.0000000000000002,5,0.004061300001012569
100,clusters,3,8.83643662795414,8.83643662795414,optimal,1.5475790999998935,mpnn_estavel_s0,9.563980759279271,1.0823345610858046,1.0823345610858046,5,0.01715200000035111
100,clusters,3,8.83643662795414,8.83643662795414,optimal,1.5475790999998935,mpnn_estavel_s0+busca_local,8.836436627954141,1.0000000000000002,1.0000000000000002,5,0.02014480000070762
100,clusters,3,8.83643662795414,8.83643662795414,optimal,1.5475790999998935,mpnn_estavel_s1,9.272734324628335,1.0493748458845915,1.0493748458845915,5,0.018169400000260794
100,clusters,3,8.83643662795414,8.83643662795414,optimal,1.5475790999998935,mpnn_estavel_s1+busca_local,8.836436627954141,1.0000000000000002,1.0000000000000002,5,0.020215200001075573
100,clusters,3,8.83643662795414,8.83643662795414,optimal,1.5475790999998935,mpnn_estavel_raio_s0,9.089503460902417,1.0286390140735802,1.0286390140735802,5,0.016587299999628158
100,clusters,3,8.83643662795414,8.83643662795414,optimal,1.5475790999998935,mpnn_estavel_raio_s0+busca_local,8.836436627954141,1.0000000000000002,1.0000000000000002,5,0.0193557000002329
100,clusters,3,8.83643662795414,8.83643662795414,optimal,1.5475790999998935,mpnn_estavel_raio_s1,8.972747542397485,1.0154260048685377,1.0154260048685377,5,0.017523999999866646
100,clusters,3,8.83643662795414,8.83643662795414,optimal,1.5475790999998935,mpnn_estavel_raio_s1+busca_local,8.836436627954141,1.0000000000000002,1.0000000000000002,5,0.019307499999740685
100,uniforme,4,15.771387141967157,15.771387141967157,optimal,1.6264172000001054,mettu_plaxton,18.886528251640453,1.1975185239974235,1.1975185239974235,5,0.0015530000000580912
100,uniforme,4,15.771387141967157,15.771387141967157,optimal,1.6264172000001054,mp+busca_local,15.878954895865798,1.006820437094744,1.006820437094744,10,0.0036434000003282563
100,uniforme,4,15.771387141967157,15.771387141967157,optimal,1.6264172000001054,mpnn_estavel_s0,17.676499797944487,1.1207955038341482,1.1207955038341482,6,0.010400299999673734
100,uniforme,4,15.771387141967157,15.771387141967157,optimal,1.6264172000001054,mpnn_estavel_s0+busca_local,15.95442500239814,1.0116056919269913,1.0116056919269913,10,0.015878199999860954
100,uniforme,4,15.771387141967157,15.771387141967157,optimal,1.6264172000001054,mpnn_estavel_s1,17.58305552192521,1.114870579464584,1.114870579464584,6,0.009611499999664375
100,uniforme,4,15.771387141967157,15.771387141967157,optimal,1.6264172000001054,mpnn_estavel_s1+busca_local,15.950600116571202,1.0113631713552427,1.0113631713552427,11,0.01520989999971789
100,uniforme,4,15.771387141967157,15.771387141967157,optimal,1.6264172000001054,mpnn_estavel_raio_s0,18.633066057308948,1.1814475093143173,1.1814475093143173,5,0.009786300000996562
100,uniforme,4,15.771387141967157,15.771387141967157,optimal,1.6264172000001054,mpnn_estavel_raio_s0+busca_local,15.912852553539135,1.0089697507453572,1.0089697507453572,11,0.015584400000989262
100,uniforme,4,15.771387141967157,15.771387141967157,optimal,1.6264172000001054,mpnn_estavel_raio_s1,17.257361680801054,1.0942196476098014,1.0942196476098014,6,0.010030600000391132
100,uniforme,4,15.771387141967157,15.771387141967157,optimal,1.6264172000001054,mpnn_estavel_raio_s1+busca_local,15.869674135212026,1.0062319815219887,1.0062319815219887,11,0.018501900000956084
100,clusters,5,8.836197671834949,8.836197671834949,optimal,1.5162724000001617,mettu_plaxton,8.976251499485105,1.0158500107004818,1.0158500107004818,4,0.0016472000006615417
100,clusters,5,8.836197671834949,8.836197671834949,optimal,1.5162724000001617,mp+busca_local,8.836197671834952,1.0000000000000004,1.0000000000000004,4,0.0030198000004020287
100,clusters,5,8.836197671834949,8.836197671834949,optimal,1.5162724000001617,mpnn_estavel_s0,8.966936791634959,1.0147958572969384,1.0147958572969384,4,0.014888300000166055
100,clusters,5,8.836197671834949,8.836197671834949,optimal,1.5162724000001617,mpnn_estavel_s0+busca_local,8.836197671834952,1.0000000000000004,1.0000000000000004,4,0.01578739999968093
100,clusters,5,8.836197671834949,8.836197671834949,optimal,1.5162724000001617,mpnn_estavel_s1,18.135062347635586,2.0523604180382273,2.0523604180382273,3,0.015147500000239233
100,clusters,5,8.836197671834949,8.836197671834949,optimal,1.5162724000001617,mpnn_estavel_s1+busca_local,8.836197671834952,1.0000000000000004,1.0000000000000004,4,0.016526100000191946
100,clusters,5,8.836197671834949,8.836197671834949,optimal,1.5162724000001617,mpnn_estavel_raio_s0,8.961376192164055,1.0141665595291183,1.0141665595291183,4,0.01190030000088882
100,clusters,5,8.836197671834949,8.836197671834949,optimal,1.5162724000001617,mpnn_estavel_raio_s0+busca_local,8.836197671834952,1.0000000000000004,1.0000000000000004,4,0.012948600000527222
100,clusters,5,8.836197671834949,8.836197671834949,optimal,1.5162724000001617,mpnn_estavel_raio_s1,9.036272844268419,1.0226426772989927,1.0226426772989927,5,0.011007700000845944
100,clusters,5,8.836197671834949,8.836197671834949,optimal,1.5162724000001617,mpnn_estavel_raio_s1+busca_local,8.96672737008696,1.0147721568823738,1.0147721568823738,5,0.012298700000428653
100,uniforme,6,16.52937252981782,16.52937252981782,optimal,1.6052499999996144,mettu_plaxton,20.8925921277927,1.2639676485059514,1.2639676485059514,5,0.0017766999999366817
100,uniforme,6,16.52937252981782,16.52937252981782,optimal,1.6052499999996144,mp+busca_local,16.569208768665884,1.00241002728786,1.00241002728786,11,0.006743899999491987
100,uniforme,6,16.52937252981782,16.52937252981782,optimal,1.6052499999996144,mpnn_estavel_s0,19.648585481912537,1.1887072813240718,1.1887072813240718,7,0.014488800000435731
100,uniforme,6,16.52937252981782,16.52937252981782,optimal,1.6052499999996144,mpnn_estavel_s0+busca_local,16.574064528104184,1.0027037927910296,1.0027037927910296,12,0.021439200000713754
100,uniforme,6,16.52937252981782,16.52937252981782,optimal,1.6052499999996144,mpnn_estavel_s1,20.027142242002633,1.2116093460822595,1.2116093460822595,6,0.015785600000526756
100,uniforme,6,16.52937252981782,16.52937252981782,optimal,1.6052499999996144,mpnn_estavel_s1+busca_local,16.535968099905745,1.0003990212015625,1.0003990212015625,12,0.02399779999996099
100,uniforme,6,16.52937252981782,16.52937252981782,optimal,1.6052499999996144,mpnn_estavel_raio_s0,18.494237618568725,1.1188711238255673,1.1188711238255673,7,0.0161286000002292
100,uniforme,6,16.52937252981782,16.52937252981782,optimal,1.6052499999996144,mpnn_estavel_raio_s0+busca_local,16.535968099905745,1.0003990212015625,1.0003990212015625,12,0.02276640000036423
100,uniforme,6,16.52937252981782,16.52937252981782,optimal,1.6052499999996144,mpnn_estavel_raio_s1,17.446513674499293,1.0554855390322297,1.0554855390322297,8,0.017178699999021774
100,uniforme,6,16.52937252981782,16.52937252981782,optimal,1.6052499999996144,mpnn_estavel_raio_s1+busca_local,16.574064528104184,1.0027037927910296,1.0027037927910296,12,0.027061999998295505
100,clusters,7,8.037694409128237,8.037694409128237,optimal,1.5110713999993095,mettu_plaxton,8.672889032682294,1.0790269685835132,1.0790269685835132,4,0.0023668999992878526
100,clusters,7,8.037694409128237,8.037694409128237,optimal,1.5110713999993095,mp+busca_local,8.037694409128237,1.0,1.0,5,0.004586699999890698
100,clusters,7,8.037694409128237,8.037694409128237,optimal,1.5110713999993095,mpnn_estavel_s0,8.323848133884415,1.0356014685543653,1.0356014685543653,5,0.016955599999164406
100,clusters,7,8.037694409128237,8.037694409128237,optimal,1.5110713999993095,mpnn_estavel_s0+busca_local,8.037694409128237,1.0,1.0,5,0.019556299998839677
100,clusters,7,8.037694409128237,8.037694409128237,optimal,1.5110713999993095,mpnn_estavel_s1,8.323848133884415,1.0356014685543653,1.0356014685543653,5,0.017381599999680475
100,clusters,7,8.037694409128237,8.037694409128237,optimal,1.5110713999993095,mpnn_estavel_s1+busca_local,8.037694409128237,1.0,1.0,5,0.019203200000447396
100,clusters,7,8.037694409128237,8.037694409128237,optimal,1.5110713999993095,mpnn_estavel_raio_s0,8.323848133884415,1.0356014685543653,1.0356014685543653,5,0.01714040000024397
100,clusters,7,8.037694409128237,8.037694409128237,optimal,1.5110713999993095,mpnn_estavel_raio_s0+busca_local,8.037694409128237,1.0,1.0,5,0.018659800000023097
100,clusters,7,8.037694409128237,8.037694409128237,optimal,1.5110713999993095,mpnn_estavel_raio_s1,8.114912845624458,1.0096070381089042,1.0096070381089042,5,0.010977099999763595
100,clusters,7,8.037694409128237,8.037694409128237,optimal,1.5110713999993095,mpnn_estavel_raio_s1+busca_local,8.037694409128237,1.0,1.0,5,0.011931600000025355
100,uniforme,8,16.723522486681595,16.723522486681595,optimal,1.5772225999999137,mettu_plaxton,19.115018265148787,1.1430019172319557,1.1430019172319557,6,0.0017852999999377062
100,uniforme,8,16.723522486681595,16.723522486681595,optimal,1.5772225999999137,mp+busca_local,16.796736065505083,1.004377880251113,1.004377880251113,11,0.00654359999953158
100,uniforme,8,16.723522486681595,16.723522486681595,optimal,1.5772225999999137,mpnn_estavel_s0,18.18769677635601,1.0875517876595953,1.0875517876595953,7,0.014105599998401885
100,uniforme,8,16.723522486681595,16.723522486681595,optimal,1.5772225999999137,mpnn_estavel_s0+busca_local,16.824032613356525,1.0060101050334924,1.0060101050334924,11,0.01829339999858348
100,uniforme,8,16.723522486681595,16.723522486681595,optimal,1.5772225999999137,mpnn_estavel_s1,19.736076927436066,1.1801387502635066,1.1801387502635066,6,0.008916399999179703
100,uniforme,8,16.723522486681595,16.723522486681595,optimal,1.5772225999999137,mpnn_estavel_s1+busca_local,16.824032613356525,1.0060101050334924,1.0060101050334924,11,0.012043799998536997
100,uniforme,8,16.723522486681595,16.723522486681595,optimal,1.5772225999999137,mpnn_estavel_raio_s0,18.667107787375596,1.116218655623649,1.116218655623649,6,0.015279099999133905
100,uniforme,8,16.723522486681595,16.723522486681595,optimal,1.5772225999999137,mpnn_estavel_raio_s0+busca_local,16.824032613356525,1.0060101050334924,1.0060101050334924,11,0.02092999999968015
100,uniforme,8,16.723522486681595,16.723522486681595,optimal,1.5772225999999137,mpnn_estavel_raio_s1,18.16781878113674,1.086363162761037,1.086363162761037,7,0.01584189999903174
100,uniforme,8,16.723522486681595,16.723522486681595,optimal,1.5772225999999137,mpnn_estavel_raio_s1+busca_local,16.824032613356525,1.0060101050334924,1.0060101050334924,11,0.02047399999901245
100,clusters,9,8.025919266532489,8.025919266532489,optimal,1.734770000000026,mettu_plaxton,8.094975539247436,1.0086041574082245,1.0086041574082245,4,0.0016992999999274616
100,clusters,9,8.025919266532489,8.025919266532489,optimal,1.734770000000026,mp+busca_local,8.02591926653249,1.0000000000000002,1.0000000000000002,4,0.002695799999855808
100,clusters,9,8.025919266532489,8.025919266532489,optimal,1.734770000000026,mpnn_estavel_s0,8.052228073222402,1.0032779804800205,1.0032779804800205,4,0.010236400000394497
100,clusters,9,8.025919266532489,8.025919266532489,optimal,1.734770000000026,mpnn_estavel_s0+busca_local,8.02591926653249,1.0000000000000002,1.0000000000000002,4,0.010758500000520144
100,clusters,9,8.025919266532489,8.025919266532489,optimal,1.734770000000026,mpnn_estavel_s1,8.02591926653249,1.0000000000000002,1.0000000000000002,4,0.012319700000261946
100,clusters,9,8.025919266532489,8.025919266532489,optimal,1.734770000000026,mpnn_estavel_s1+busca_local,8.02591926653249,1.0000000000000002,1.0000000000000002,4,0.012780000000020664
100,clusters,9,8.025919266532489,8.025919266532489,optimal,1.734770000000026,mpnn_estavel_raio_s0,8.02591926653249,1.0000000000000002,1.0000000000000002,4,0.014923800000360643
100,clusters,9,8.025919266532489,8.025919266532489,optimal,1.734770000000026,mpnn_estavel_raio_s0+busca_local,8.02591926653249,1.0000000000000002,1.0000000000000002,4,0.015388200000415964
100,clusters,9,8.025919266532489,8.025919266532489,optimal,1.734770000000026,mpnn_estavel_raio_s1,8.052228073222402,1.0032779804800205,1.0032779804800205,4,0.015601400000377907
100,clusters,9,8.025919266532489,8.025919266532489,optimal,1.734770000000026,mpnn_estavel_raio_s1+busca_local,8.02591926653249,1.0000000000000002,1.0000000000000002,4,0.016584200000579585
100,uniforme,10,16.233806389617783,16.233806389617783,optimal,1.4387575999999171,mettu_plaxton,18.565004501329515,1.1436014484688344,1.1436014484688344,7,0.0018412999997963198
100,uniforme,10,16.233806389617783,16.233806389617783,optimal,1.4387575999999171,mp+busca_local,16.233806389617794,1.0000000000000007,1.0000000000000007,13,0.009505500000159373
100,uniforme,10,16.233806389617783,16.233806389617783,optimal,1.4387575999999171,mpnn_estavel_s0,19.866845411006068,1.2237946501389698,1.2237946501389698,6,0.015940699999191565
100,uniforme,10,16.233806389617783,16.233806389617783,optimal,1.4387575999999171,mpnn_estavel_s0+busca_local,16.293200441270407,1.0036586645317274,1.0036586645317274,12,0.02633879999848432
100,uniforme,10,16.233806389617783,16.233806389617783,optimal,1.4387575999999171,mpnn_estavel_s1,18.784899714042115,1.157146960065747,1.157146960065747,7,0.015931799998725182
100,uniforme,10,16.233806389617783,16.233806389617783,optimal,1.4387575999999171,mpnn_estavel_s1+busca_local,16.353017173632715,1.007343366130766,1.007343366130766,13,0.02477449999878445
100,uniforme,10,16.233806389617783,16.233806389617783,optimal,1.4387575999999171,mpnn_estavel_raio_s0,19.690617912950316,1.2129390631111205,1.2129390631111205,6,0.0174405999996452
100,uniforme,10,16.233806389617783,16.233806389617783,optimal,1.4387575999999171,mpnn_estavel_raio_s0+busca_local,16.293200441270407,1.0036586645317274,1.0036586645317274,12,0.023216899999169982
100,uniforme,10,16.233806389617783,16.233806389617783,optimal,1.4387575999999171,mpnn_estavel_raio_s1,19.34704433668932,1.191774983164921,1.191774983164921,6,0.015552399999251065
100,uniforme,10,16.233806389617783,16.233806389617783,optimal,1.4387575999999171,mpnn_estavel_raio_s1+busca_local,16.266114739883548,1.0019901894534375,1.0019901894534375,12,0.0222087999991345
100,clusters,11,8.209964721309909,8.209964721309909,optimal,1.661985800000366,mettu_plaxton,8.381265527732104,1.0208649869076252,1.0208649869076252,4,0.0023398000002998742
100,clusters,11,8.209964721309909,8.209964721309909,optimal,1.661985800000366,mp+busca_local,8.209964721309905,0.9999999999999996,0.9999999999999996,5,0.005716699999538832
100,clusters,11,8.209964721309909,8.209964721309909,optimal,1.661985800000366,mpnn_estavel_s0,8.908790437537327,1.085119210611653,1.085119210611653,5,0.01567460000023857
100,clusters,11,8.209964721309909,8.209964721309909,optimal,1.661985800000366,mpnn_estavel_s0+busca_local,8.209964721309905,0.9999999999999996,0.9999999999999996,5,0.01848489999974845
100,clusters,11,8.209964721309909,8.209964721309909,optimal,1.661985800000366,mpnn_estavel_s1,13.569538718934862,1.652813279905279,1.652813279905279,4,0.017485099999248632
100,clusters,11,8.209964721309909,8.209964721309909,optimal,1.661985800000366,mpnn_estavel_s1+busca_local,8.209964721309905,0.9999999999999996,0.9999999999999996,5,0.019909699999516306
100,clusters,11,8.209964721309909,8.209964721309909,optimal,1.661985800000366,mpnn_estavel_raio_s0,8.895119433686762,1.083454038553717,1.083454038553717,4,0.016697600000043167
100,clusters,11,8.209964721309909,8.209964721309909,optimal,1.661985800000366,mpnn_estavel_raio_s0+busca_local,8.268935590643155,1.0071828407715542,1.0071828407715542,4,0.01843529999950988
100,clusters,11,8.209964721309909,8.209964721309909,optimal,1.661985800000366,mpnn_estavel_raio_s1,8.601364708409738,1.047673772103296,1.047673772103296,5,0.014687999999296153
100,clusters,11,8.209964721309909,8.209964721309909,optimal,1.661985800000366,mpnn_estavel_raio_s1+busca_local,8.209964721309905,0.9999999999999996,0.9999999999999996,5,0.016157299999576935
100,uniforme,12,16.915104402367735,16.915104402367735,optimal,1.4278657000004387,mettu_plaxton,19.27035176077725,1.1392393036651807,1.1392393036651807,6,0.0018307000000277185
100,uniforme,12,16.915104402367735,16.915104402367735,optimal,1.4278657000004387,mp+busca_local,16.936642038377215,1.001273278337346,1.001273278337346,11,0.008429999999862048
100,uniforme,12,16.915104402367735,16.915104402367735,optimal,1.4278657000004387,mpnn_estavel_s0,19.3542048960163,1.1441965970548278,1.1441965970548278,6,0.02017379999961122
100,uniforme,12,16.915104402367735,16.915104402367735,optimal,1.4278657000004387,mpnn_estavel_s0+busca_local,16.939495292361617,1.0014419591752841,1.0014419591752841,12,0.02789260000008653
100,uniforme,12,16.915104402367735,16.915104402367735,optimal,1.4278657000004387,mpnn_estavel_s1,21.190215238413952,1.2527392521117278,1.2527392521117278,5,0.01670159999957832
100,uniforme,12,16.915104402367735,16.915104402367735,optimal,1.4278657000004387,mpnn_estavel_s1+busca_local,16.939495292361617,1.0014419591752841,1.0014419591752841,12,0.02464599999893835
100,uniforme,12,16.915104402367735,16.915104402367735,optimal,1.4278657000004387,mpnn_estavel_raio_s0,19.213483556462585,1.1358773259343955,1.1358773259343955,7,0.01723729999957868
100,uniforme,12,16.915104402367735,16.915104402367735,optimal,1.4278657000004387,mpnn_estavel_raio_s0+busca_local,16.939495292361617,1.0014419591752841,1.0014419591752841,12,0.02571410000018659
100,uniforme,12,16.915104402367735,16.915104402367735,optimal,1.4278657000004387,mpnn_estavel_raio_s1,21.024421061928894,1.2429377059585838,1.2429377059585838,5,0.015721599999778846
100,uniforme,12,16.915104402367735,16.915104402367735,optimal,1.4278657000004387,mpnn_estavel_raio_s1+busca_local,16.915104402367735,1.0,1.0,11,0.021263399999952526
100,clusters,13,10.065747780721262,10.065747780721262,optimal,1.6604626000007556,mettu_plaxton,11.570426026338648,1.1494849939017218,1.1494849939017218,3,0.0018405000009806827
100,clusters,13,10.065747780721262,10.065747780721262,optimal,1.6604626000007556,mp+busca_local,10.072509762580662,1.0006717813725028,1.0006717813725028,6,0.0046002000008229516
100,clusters,13,10.065747780721262,10.065747780721262,optimal,1.6604626000007556,mpnn_estavel_s0,10.748097028284214,1.0677892256420176,1.0677892256420176,5,0.013708100000258128
100,clusters,13,10.065747780721262,10.065747780721262,optimal,1.6604626000007556,mpnn_estavel_s0+busca_local,10.065747780721264,1.0000000000000002,1.0000000000000002,7,0.016924900000049092
100,clusters,13,10.065747780721262,10.065747780721262,optimal,1.6604626000007556,mpnn_estavel_s1,11.094281641390735,1.10218156495431,1.10218156495431,4,0.014942100000553182
100,clusters,13,10.065747780721262,10.065747780721262,optimal,1.6604626000007556,mpnn_estavel_s1+busca_local,10.072509762580662,1.0006717813725028,1.0006717813725028,6,0.018648600000233273
100,clusters,13,10.065747780721262,10.065747780721262,optimal,1.6604626000007556,mpnn_estavel_raio_s0,11.107974797214954,1.1035419363964047,1.1035419363964047,5,0.010669000001144013
100,clusters,13,10.065747780721262,10.065747780721262,optimal,1.6604626000007556,mpnn_estavel_raio_s0+busca_local,10.072509762580662,1.0006717813725028,1.0006717813725028,6,0.014280300000791613
100,clusters,13,10.065747780721262,10.065747780721262,optimal,1.6604626000007556,mpnn_estavel_raio_s1,10.2513862200693,1.0184425880115522,1.0184425880115522,6,0.014932200000657758
100,clusters,13,10.065747780721262,10.065747780721262,optimal,1.6604626000007556,mpnn_estavel_raio_s1+busca_local,10.072509762580662,1.0006717813725028,1.0006717813725028,6,0.01813170000059472
100,uniforme,14,16.189120063619473,16.189120063619473,optimal,1.4313226000003851,mettu_plaxton,18.61172468958098,1.1496439964890763,1.1496439964890763,6,0.0018151000003854278
100,uniforme,14,16.189120063619473,16.189120063619473,optimal,1.4313226000003851,mp+busca_local,16.31030357534773,1.0074854909502207,1.0074854909502207,11,0.006065300000955176
100,uniforme,14,16.189120063619473,16.189120063619473,optimal,1.4313226000003851,mpnn_estavel_s0,18.347092141830892,1.133297675829884,1.133297675829884,7,0.015146099999583384
100,uniforme,14,16.189120063619473,16.189120063619473,optimal,1.4313226000003851,mpnn_estavel_s0+busca_local,16.31030357534773,1.0074854909502207,1.0074854909502207,11,0.021060299999589915
100,uniforme,14,16.189120063619473,16.189120063619473,optimal,1.4313226000003851,mpnn_estavel_s1,19.04905903096505,1.1766580861780431,1.1766580861780431,6,0.015189100000498001
100,uniforme,14,16.189120063619473,16.189120063619473,optimal,1.4313226000003851,mpnn_estavel_s1+busca_local,16.189120063619473,1.0,1.0,11,0.019378300000425952
100,uniforme,14,16.189120063619473,16.189120063619473,optimal,1.4313226000003851,mpnn_estavel_raio_s0,19.06909083475335,1.1778954482897317,1.1778954482897317,6,0.013153300000340096
100,uniforme,14,16.189120063619473,16.189120063619473,optimal,1.4313226000003851,mpnn_estavel_raio_s0+busca_local,16.31030357534773,1.0074854909502207,1.0074854909502207,11,0.019754400000238093
100,uniforme,14,16.189120063619473,16.189120063619473,optimal,1.4313226000003851,mpnn_estavel_raio_s1,18.235190954647027,1.1263855529508071,1.1263855529508071,7,0.015377799999441777
100,uniforme,14,16.189120063619473,16.189120063619473,optimal,1.4313226000003851,mpnn_estavel_raio_s1+busca_local,16.31030357534773,1.0074854909502207,1.0074854909502207,11,0.022143899999718997
100,clusters,15,8.081246078405394,8.081246078405394,optimal,1.6427043000003323,mettu_plaxton,8.536562562454687,1.0563423610210292,1.0563423610210292,3,0.0020152000006419257
100,clusters,15,8.081246078405394,8.081246078405394,optimal,1.6427043000003323,mp+busca_local,8.132626039462192,1.0063579255672086,1.0063579255672086,4,0.0031855000006544287
100,clusters,15,8.081246078405394,8.081246078405394,optimal,1.6427043000003323,mpnn_estavel_s0,8.390209409222415,1.0382321399224097,1.0382321399224097,4,0.017697899999802758
100,clusters,15,8.081246078405394,8.081246078405394,optimal,1.6427043000003323,mpnn_estavel_s0+busca_local,8.132626039462192,1.0063579255672086,1.0063579255672086,4,0.0192590000006021
100,clusters,15,8.081246078405394,8.081246078405394,optimal,1.6427043000003323,mpnn_estavel_s1,8.508079408821713,1.0528177617999899,1.0528177617999899,4,0.016247600000497187
100,clusters,15,8.081246078405394,8.081246078405394,optimal,1.6427043000003323,mpnn_estavel_s1+busca_local,8.132626039462192,1.0063579255672086,1.0063579255672086,4,0.01751250000052096
100,clusters,15,8.081246078405394,8.081246078405394,optimal,1.6427043000003323,mpnn_estavel_raio_s0,8.495651412676565,1.0512798806335746,1.0512798806335746,4,0.016815500000120664
100,clusters,15,8.081246078405394,8.081246078405394,optimal,1.6427043000003323,mpnn_estavel_raio_s0+busca_local,8.081246078405394,1.0,1.0,4,0.018087299999933748
100,clusters,15,8.081246078405394,8.081246078405394,optimal,1.6427043000003323,mpnn_estavel_raio_s1,8.340480503271806,1.0320785213507029,1.0320785213507029,4,0.013999900000271737
100,clusters,15,8.081246078405394,8.081246078405394,optimal,1.6427043000003323,mpnn_estavel_raio_s1+busca_local,8.132626039462192,1.0063579255672086,1.0063579255672086,4,0.015607899999849906
100,uniforme,16,16.125429676085293,16.125429676085293,optimal,1.4085385999997015,mettu_plaxton,17.761161504069754,1.1014380305419285,1.1014380305419285,6,0.002125299999534036
100,uniforme,16,16.125429676085293,16.125429676085293,optimal,1.4085385999997015,mp+busca_local,16.145643242226523,1.00125352108733,1.00125352108733,10,0.005050999999184569
100,uniforme,16,16.125429676085293,16.125429676085293,optimal,1.4085385999997015,mpnn_estavel_s0,17.30288000690585,1.0730182298687374,1.0730182298687374,7,0.015729500000816188
100,uniforme,16,16.125429676085293,16.125429676085293,optimal,1.4085385999997015,mpnn_estavel_s0+busca_local,16.231316137669474,1.0065664272959631,1.0065664272959631,10,0.023245300000780844
100,uniforme,16,16.125429676085293,16.125429676085293,optimal,1.4085385999997015,mpnn_estavel_s1,20.635572956940862,1.2796913552972984,1.2796913552972984,6,0.016393800000514602
100,uniforme,16,16.125429676085293,16.125429676085293,optimal,1.4085385999997015,mpnn_estavel_s1+busca_local,16.125429676085293,1.0,1.0,10,0.023020200000246405
100,uniforme,16,16.125429676085293,16.125429676085293,optimal,1.4085385999997015,mpnn_estavel_raio_s0,19.06316552984551,1.182180314743303,1.182180314743303,5,0.01504650000060792
100,uniforme,16,16.125429676085293,16.125429676085293,optimal,1.4085385999997015,mpnn_estavel_raio_s0+busca_local,16.231316137669474,1.0065664272959631,1.0065664272959631,10,0.019817300000795512
100,uniforme,16,16.125429676085293,16.125429676085293,optimal,1.4085385999997015,mpnn_estavel_raio_s1,18.202761878881397,1.1288233705720647,1.1288233705720647,6,0.014292800000475836
100,uniforme,16,16.125429676085293,16.125429676085293,optimal,1.4085385999997015,mpnn_estavel_raio_s1+busca_local,16.145643242226523,1.00125352108733,1.00125352108733,10,0.01936580000074173
100,clusters,17,8.470184909831673,8.470184909831673,optimal,1.7013792000007015,mettu_plaxton,8.50297810436771,1.0038716031450474,1.0038716031450474,4,0.002168300000448653
100,clusters,17,8.470184909831673,8.470184909831673,optimal,1.7013792000007015,mp+busca_local,8.470184909831673,1.0,1.0,4,0.003639399999883608
100,clusters,17,8.470184909831673,8.470184909831673,optimal,1.7013792000007015,mpnn_estavel_s0,8.780971761443933,1.0366918615025178,1.0366918615025178,4,0.015141400000175054
100,clusters,17,8.470184909831673,8.470184909831673,optimal,1.7013792000007015,mpnn_estavel_s0+busca_local,8.470184909831673,1.0,1.0,4,0.017431500000384403
100,clusters,17,8.470184909831673,8.470184909831673,optimal,1.7013792000007015,mpnn_estavel_s1,8.611104718748457,1.0166371585056204,1.0166371585056204,4,0.014297200000328303
100,clusters,17,8.470184909831673,8.470184909831673,optimal,1.7013792000007015,mpnn_estavel_s1+busca_local,8.470184909831673,1.0,1.0,4,0.01612690000092698
100,clusters,17,8.470184909831673,8.470184909831673,optimal,1.7013792000007015,mpnn_estavel_raio_s0,8.659941506975457,1.0224028872053934,1.0224028872053934,4,0.015622899999470974
100,clusters,17,8.470184909831673,8.470184909831673,optimal,1.7013792000007015,mpnn_estavel_raio_s0+busca_local,8.470184909831673,1.0,1.0,4,0.0174948999992921
100,clusters,17,8.470184909831673,8.470184909831673,optimal,1.7013792000007015,mpnn_estavel_raio_s1,8.636264715641573,1.019607577352547,1.019607577352547,4,0.016537999999854947
100,clusters,17,8.470184909831673,8.470184909831673,optimal,1.7013792000007015,mpnn_estavel_raio_s1+busca_local,8.470184909831673,1.0,1.0,4,0.01823049999984505
100,uniforme,18,16.07926686971032,16.07926686971032,optimal,1.6043712999999116,mettu_plaxton,20.712076112001974,1.2881231638128237,1.2881231638128237,5,0.0016359000001102686
100,uniforme,18,16.07926686971032,16.07926686971032,optimal,1.6043712999999116,mp+busca_local,16.091124954560414,1.0007374767112318,1.0007374767112318,12,0.00590360000023793
100,uniforme,18,16.07926686971032,16.07926686971032,optimal,1.6043712999999116,mpnn_estavel_s0,19.18259259014818,1.193001692526406,1.193001692526406,7,0.01371830000061891
100,uniforme,18,16.07926686971032,16.07926686971032,optimal,1.6043712999999116,mpnn_estavel_s0+busca_local,16.181929148755138,1.0063847611882237,1.0063847611882237,12,0.02034290000119654
100,uniforme,18,16.07926686971032,16.07926686971032,optimal,1.6043712999999116,mpnn_estavel_s1,19.926143963904458,1.2392445579369529,1.2392445579369529,6,0.014115900000433612
100,uniforme,18,16.07926686971032,16.07926686971032,optimal,1.6043712999999116,mpnn_estavel_s1+busca_local,16.079266869710324,1.0000000000000002,1.0000000000000002,12,0.024142100000972277
100,uniforme,18,16.07926686971032,16.07926686971032,optimal,1.6043712999999116,mpnn_estavel_raio_s0,19.904704683309255,1.2379112085517523,1.2379112085517523,6,0.015432299999702082
100,uniforme,18,16.07926686971032,16.07926686971032,optimal,1.6043712999999116,mpnn_estavel_raio_s0+busca_local,16.079266869710324,1.0000000000000002,1.0000000000000002,12,0.02625149999948917
100,uniforme,18,16.07926686971032,16.07926686971032,optimal,1.6043712999999116,mpnn_estavel_raio_s1,19.058379066997496,1.1852766187306178,1.1852766187306178,7,0.015360400000645313
100,uniforme,18,16.07926686971032,16.07926686971032,optimal,1.6043712999999116,mpnn_estavel_raio_s1+busca_local,16.181929148755138,1.0063847611882237,1.0063847611882237,12,0.022459300001173688
100,clusters,19,8.377308576182122,8.377308576182122,optimal,1.493088600000192,mettu_plaxton,8.397379447215604,1.002395861493099,1.002395861493099,4,0.0021097999997437
100,clusters,19,8.377308576182122,8.377308576182122,optimal,1.493088600000192,mp+busca_local,8.37730857618212,0.9999999999999998,0.9999999999999998,4,0.003378099999281403
100,clusters,19,8.377308576182122,8.377308576182122,optimal,1.493088600000192,mpnn_estavel_s0,8.729329074225692,1.0420207152264171,1.0420207152264171,4,0.01477710000017396
100,clusters,19,8.377308576182122,8.377308576182122,optimal,1.493088600000192,mpnn_estavel_s0+busca_local,8.37730857618212,0.9999999999999998,0.9999999999999998,4,0.016327799999999115
100,clusters,19,8.377308576182122,8.377308576182122,optimal,1.493088600000192,mpnn_estavel_s1,8.573013197861606,1.023361276464842,1.023361276464842,4,0.016304800000398245
100,clusters,19,8.377308576182122,8.377308576182122,optimal,1.493088600000192,mpnn_estavel_s1+busca_local,8.37730857618212,0.9999999999999998,0.9999999999999998,4,0.017893199999889475
100,clusters,19,8.377308576182122,8.377308576182122,optimal,1.493088600000192,mpnn_estavel_raio_s0,8.536166755800977,1.0189629137060214,1.0189629137060214,4,0.014829300000201329
100,clusters,19,8.377308576182122,8.377308576182122,optimal,1.493088600000192,mpnn_estavel_raio_s0+busca_local,8.37730857618212,0.9999999999999998,0.9999999999999998,4,0.016480100000990205
100,clusters,19,8.377308576182122,8.377308576182122,optimal,1.493088600000192,mpnn_estavel_raio_s1,8.745221431690933,1.0439177872180618,1.0439177872180618,4,0.014964099999815517
100,clusters,19,8.377308576182122,8.377308576182122,optimal,1.493088600000192,mpnn_estavel_raio_s1+busca_local,8.37730857618212,0.9999999999999998,0.9999999999999998,4,0.016301999999996042
200,uniforme,0,27.84410238892516,27.84410238892516,optimal,6.728807700000289,mettu_plaxton,31.376368079122955,1.1268586661857245,1.1268586661857245,9,0.005426300000181072
200,uniforme,0,27.84410238892516,27.84410238892516,optimal,6.728807700000289,mp+busca_local,27.89020642264797,1.00165579170335,1.00165579170335,15,0.015107000000170956
200,uniforme,0,27.84410238892516,27.84410238892516,optimal,6.728807700000289,mpnn_estavel_s0,29.54112111373449,1.0609471514328401,1.0609471514328401,13,0.025064600000405335
200,uniforme,0,27.84410238892516,27.84410238892516,optimal,6.728807700000289,mpnn_estavel_s0+busca_local,28.170499494726116,1.0117223066214114,1.0117223066214114,15,0.034886100001131126
200,uniforme,0,27.84410238892516,27.84410238892516,optimal,6.728807700000289,mpnn_estavel_s1,32.758777201225904,1.1765068503072136,1.1765068503072136,10,0.023525700000391225
200,uniforme,0,27.84410238892516,27.84410238892516,optimal,6.728807700000289,mpnn_estavel_s1+busca_local,28.041205416233574,1.0070788070146879,1.0070788070146879,15,0.04162920000089798
200,uniforme,0,27.84410238892516,27.84410238892516,optimal,6.728807700000289,mpnn_estavel_raio_s0,30.341747072400818,1.0897010307097952,1.0897010307097952,12,0.022051699999792618
200,uniforme,0,27.84410238892516,27.84410238892516,optimal,6.728807700000289,mpnn_estavel_raio_s0+busca_local,28.170499494726116,1.0117223066214114,1.0117223066214114,15,0.03437079999912385
200,uniforme,0,27.84410238892516,27.84410238892516,optimal,6.728807700000289,mpnn_estavel_raio_s1,28.928314963348175,1.0389386793396598,1.0389386793396598,12,0.027828299999782757
200,uniforme,0,27.84410238892516,27.84410238892516,optimal,6.728807700000289,mpnn_estavel_raio_s1+busca_local,27.984796590017396,1.0050529264375998,1.0050529264375998,15,0.038153699999384116
200,clusters,1,15.471467256722942,15.471467256722942,optimal,7.0726283000003605,mettu_plaxton,15.573369543329843,1.0065864655831283,1.0065864655831283,5,0.006691300000056799
200,clusters,1,15.471467256722942,15.471467256722942,optimal,7.0726283000003605,mp+busca_local,15.514832360962483,1.00280290831632,1.00280290831632,6,0.00975430000016786
200,clusters,1,15.471467256722942,15.471467256722942,optimal,7.0726283000003605,mpnn_estavel_s0,15.82440186940665,1.0228119677873697,1.0228119677873697,7,0.026907200000096054
200,clusters,1,15.471467256722942,15.471467256722942,optimal,7.0726283000003605,mpnn_estavel_s0+busca_local,15.5107122330121,1.002536603389837,1.002536603389837,7,0.03223009999965143
200,clusters,1,15.471467256722942,15.471467256722942,optimal,7.0726283000003605,mpnn_estavel_s1,15.619639603160763,1.0095771360258954,1.0095771360258954,5,0.026697000000240223
200,clusters,1,15.471467256722942,15.471467256722942,optimal,7.0726283000003605,mpnn_estavel_s1+busca_local,15.47741877182995,1.0003846768382243,1.0003846768382243,6,0.030109600000287173
200,clusters,1,15.471467256722942,15.471467256722942,optimal,7.0726283000003605,mpnn_estavel_raio_s0,15.613522143940848,1.0091817333715507,1.0091817333715507,5,0.028820300000006682
200,clusters,1,15.471467256722942,15.471467256722942,optimal,7.0726283000003605,mpnn_estavel_raio_s0+busca_local,15.471467256722942,1.0,1.0,5,0.032833799999934854
200,clusters,1,15.471467256722942,15.471467256722942,optimal,7.0726283000003605,mpnn_estavel_raio_s1,15.960840764027429,1.0316307108552898,1.0316307108552898,6,0.027693900000485883
200,clusters,1,15.471467256722942,15.471467256722942,optimal,7.0726283000003605,mpnn_estavel_raio_s1+busca_local,15.504760717905095,1.002151926551613,1.002151926551613,6,0.031820799999877636
200,uniforme,2,27.753684347240917,27.753684347240917,optimal,6.603381300000365,mettu_plaxton,33.79312890072005,1.2176087498119699,1.2176087498119699,7,0.003440400000727095
200,uniforme,2,27.753684347240917,27.753684347240917,optimal,6.603381300000365,mp+busca_local,27.782649552887875,1.0010436526294872,1.0010436526294872,16,0.01760560000093392
200,uniforme,2,27.753684347240917,27.753684347240917,optimal,6.603381300000365,mpnn_estavel_s0,29.435116509146887,1.0605841062710337,1.0605841062710337,13,0.028240999999979977
200,uniforme,2,27.753684347240917,27.753684347240917,optimal,6.603381300000365,mpnn_estavel_s0+busca_local,27.782649552887875,1.0010436526294872,1.0010436526294872,16,0.043963199999780045
200,uniforme,2,27.753684347240917,27.753684347240917,optimal,6.603381300000365,mpnn_estavel_s1,31.644708312124244,1.1401984657676683,1.1401984657676683,12,0.026971700000103738
200,uniforme,2,27.753684347240917,27.753684347240917,optimal,6.603381300000365,mpnn_estavel_s1+busca_local,27.782649552887875,1.0010436526294872,1.0010436526294872,16,0.058095200000025216
200,uniforme,2,27.753684347240917,27.753684347240917,optimal,6.603381300000365,mpnn_estavel_raio_s0,31.546784474418832,1.1366701472755993,1.1366701472755993,11,0.028528699999696983
200,uniforme,2,27.753684347240917,27.753684347240917,optimal,6.603381300000365,mpnn_estavel_raio_s0+busca_local,27.782649552887875,1.0010436526294872,1.0010436526294872,16,0.05257519999940996
200,uniforme,2,27.753684347240917,27.753684347240917,optimal,6.603381300000365,mpnn_estavel_raio_s1,30.554952621591738,1.1009332036533486,1.1009332036533486,14,0.029226200000266545
200,uniforme,2,27.753684347240917,27.753684347240917,optimal,6.603381300000365,mpnn_estavel_raio_s1+busca_local,27.83394363131162,1.00289184250518,1.00289184250518,15,0.0485672999993767
200,clusters,3,15.50476430893243,15.50476430893243,optimal,6.80597570000009,mettu_plaxton,16.1303425668301,1.040347485807138,1.040347485807138,6,0.004188799998701143
200,clusters,3,15.50476430893243,15.50476430893243,optimal,6.80597570000009,mp+busca_local,15.504764308932433,1.0000000000000002,1.0000000000000002,7,0.009395199998834869
200,clusters,3,15.50476430893243,15.50476430893243,optimal,6.80597570000009,mpnn_estavel_s0,16.056087560207878,1.0355583122897152,1.0355583122897152,6,0.026883399999860558
200,clusters,3,15.50476430893243,15.50476430893243,optimal,6.80597570000009,mpnn_estavel_s0+busca_local,15.706100481082071,1.0129854390649233,1.0129854390649233,6,0.03018679999968299
200,clusters,3,15.50476430893243,15.50476430893243,optimal,6.80597570000009,mpnn_estavel_s1,15.834959757834039,1.0212963862153894,1.0212963862153894,7,0.026319799999328097
200,clusters,3,15.50476430893243,15.50476430893243,optimal,6.80597570000009,mpnn_estavel_s1+busca_local,15.504764308932433,1.0000000000000002,1.0000000000000002,7,0.0313929999992979
200,clusters,3,15.50476430893243,15.50476430893243,optimal,6.80597570000009,mpnn_estavel_raio_s0,15.812771308615286,1.0198653132382935,1.0198653132382935,7,0.02784719999999652
200,clusters,3,15.50476430893243,15.50476430893243,optimal,6.80597570000009,mpnn_estavel_raio_s0+busca_local,15.504764308932433,1.0000000000000002,1.0000000000000002,7,0.030985299999883864
200,clusters,3,15.50476430893243,15.50476430893243,optimal,6.80597570000009,mpnn_estavel_raio_s1,15.809683072512264,1.019666133422239,1.019666133422239,7,0.01900119999936578
200,clusters,3,15.50476430893243,15.50476430893243,optimal,6.80597570000009,mpnn_estavel_raio_s1+busca_local,15.504764308932433,1.0000000000000002,1.0000000000000002,7,0.022030299998732517
200,uniforme,4,28.5386966581906,28.5386966581906,optimal,5.993529999999737,mettu_plaxton,33.20029375471523,1.1633430269208442,1.1633430269208442,8,0.004708599999503349
200,uniforme,4,28.5386966581906,28.5386966581906,optimal,5.993529999999737,mp+busca_local,28.685622847105808,1.0051483146085805,1.0051483146085805,16,0.0186980999988009
200,uniforme,4,28.5386966581906,28.5386966581906,optimal,5.993529999999737,mpnn_estavel_s0,30.93336074011794,1.0839093708661034,1.0839093708661034,11,0.026256899999680172
200,uniforme,4,28.5386966581906,28.5386966581906,optimal,5.993529999999737,mpnn_estavel_s0+busca_local,28.6216544847471,1.002906854070811,1.002906854070811,16,0.05207769999924494
200,uniforme,4,28.5386966581906,28.5386966581906,optimal,5.993529999999737,mpnn_estavel_s1,30.82730248335215,1.0801930744270594,1.0801930744270594,13,0.025159899999380286
200,uniforme,4,28.5386966581906,28.5386966581906,optimal,5.993529999999737,mpnn_estavel_s1+busca_local,28.634352233943506,1.0033517850131202,1.0033517850131202,16,0.051257699999951
200,uniforme,4,28.5386966581906,28.5386966581906,optimal,5.993529999999737,mpnn_estavel_raio_s0,30.529309621376598,1.0697513620550956,1.0697513620550956,12,0.02793329999985872
200,uniforme,4,28.5386966581906,28.5386966581906,optimal,5.993529999999737,mpnn_estavel_raio_s0+busca_local,28.547817760185044,1.0003196047143879,1.0003196047143879,16,0.0503128000000288
200,uniforme,4,28.5386966581906,28.5386966581906,optimal,5.993529999999737,mpnn_estavel_raio_s1,29.961929632769913,1.0498702863562919,1.0498702863562919,12,0.027666099999805738
200,uniforme,4,28.5386966581906,28.5386966581906,optimal,5.993529999999737,mpnn_estavel_raio_s1+busca_local,28.65196971134535,1.0039691039332115,1.0039691039332115,15,0.047124499999881664
200,clusters,5,16.00307600143145,16.00307600143145,optimal,7.166191400000571,mettu_plaxton,16.65485437030578,1.0407283180318603,1.0407283180318603,5,0.004755999999360938
200,clusters,5,16.00307600143145,16.00307600143145,optimal,7.166191400000571,mp+busca_local,16.003076001431438,0.9999999999999993,0.9999999999999993,6,0.012616799999705108
200,clusters,5,16.00307600143145,16.00307600143145,optimal,7.166191400000571,mpnn_estavel_s0,16.83265056064498,1.0518384440053479,1.0518384440053479,7,0.03020440000000235
200,clusters,5,16.00307600143145,16.00307600143145,optimal,7.166191400000571,mpnn_estavel_s0+busca_local,16.10583109345928,1.0064209588218316,1.0064209588218316,7,0.037598699999762175
200,clusters,5,16.00307600143145,16.00307600143145,optimal,7.166191400000571,mpnn_estavel_s1,16.19011396595885,1.01168762583585,1.01168762583585,6,0.02836929999921267
200,clusters,5,16.00307600143145,16.00307600143145,optimal,7.166191400000571,mpnn_estavel_s1+busca_local,16.003076001431438,0.9999999999999993,0.9999999999999993,6,0.03344409999954223
200,clusters,5,16.00307600143145,16.00307600143145,optimal,7.166191400000571,mpnn_estavel_raio_s0,16.22341676884934,1.0137686509392434,1.0137686509392434,6,0.028751099999681173
200,clusters,5,16.00307600143145,16.00307600143145,optimal,7.166191400000571,mpnn_estavel_raio_s0+busca_local,16.003076001431438,0.9999999999999993,0.9999999999999993,6,0.032707899999877554
200,clusters,5,16.00307600143145,16.00307600143145,optimal,7.166191400000571,mpnn_estavel_raio_s1,16.795950290427818,1.0495451180089033,1.0495451180089033,7,0.025028500000189524
200,clusters,5,16.00307600143145,16.00307600143145,optimal,7.166191400000571,mpnn_estavel_raio_s1+busca_local,16.10583109345928,1.0064209588218316,1.0064209588218316,7,0.030582800000047428
200,uniforme,6,27.7746443096107,27.7746443096107,optimal,6.55617650000022,mettu_plaxton,33.13336428312602,1.192935683128121,1.192935683128121,6,0.004464399999960733
200,uniforme,6,27.7746443096107,27.7746443096107,optimal,6.55617650000022,mp+busca_local,28.002539707980816,1.0082051599231914,1.0082051599231914,15,0.02174060000015743
200,uniforme,6,27.7746443096107,27.7746443096107,optimal,6.55617650000022,mpnn_estavel_s0,29.573788809441194,1.0647765090985502,1.0647765090985502,12,0.026826599999367318
200,uniforme,6,27.7746443096107,27.7746443096107,optimal,6.55617650000022,mpnn_estavel_s0+busca_local,28.27955301581116,1.0181787640760442,1.0181787640760442,15,0.04585479999968811
200,uniforme,6,27.7746443096107,27.7746443096107,optimal,6.55617650000022,mpnn_estavel_s1,29.373406353946994,1.057561926860863,1.057561926860863,11,0.027336799999829964
200,uniforme,6,27.7746443096107,27.7746443096107,optimal,6.55617650000022,mpnn_estavel_s1+busca_local,27.98425810166647,1.0075469478463577,1.0075469478463577,15,0.05157210000015766
200,uniforme,6,27.7746443096107,27.7746443096107,optimal,6.55617650000022,mpnn_estavel_raio_s0,29.215024140806076,1.0518595239290596,1.0518595239290596,11,0.029834500000106345
200,uniforme,6,27.7746443096107,27.7746443096107,optimal,6.55617650000022,mpnn_estavel_raio_s0+busca_local,27.98425810166647,1.0075469478463577,1.0075469478463577,15,0.04812309999942954
200,uniforme,6,27.7746443096107,27.7746443096107,optimal,6.55617650000022,mpnn_estavel_raio_s1,28.94622747447241,1.0421817522414252,1.0421817522414252,12,0.023029399999359157
200,uniforme,6,27.7746443096107,27.7746443096107,optimal,6.55617650000022,mpnn_estavel_raio_s1+busca_local,27.98425810166647,1.0075469478463577,1.0075469478463577,15,0.03450289999909728
200,clusters,7,16.463383265760594,16.463383265760594,optimal,6.614512399999512,mettu_plaxton,17.446955380375485,1.0597430126443363,1.0597430126443363,6,0.004063100000166742
200,clusters,7,16.463383265760594,16.463383265760594,optimal,6.614512399999512,mp+busca_local,16.463383265760577,0.9999999999999989,0.9999999999999989,8,0.011657700000796467
200,clusters,7,16.463383265760594,16.463383265760594,optimal,6.614512399999512,mpnn_estavel_s0,16.71400685601565,1.0152230915243459,1.0152230915243459,8,0.021931299999778275
200,clusters,7,16.463383265760594,16.463383265760594,optimal,6.614512399999512,mpnn_estavel_s0+busca_local,16.463383265760577,0.9999999999999989,0.9999999999999989,8,0.026401000000078056
200,clusters,7,16.463383265760594,16.463383265760594,optimal,6.614512399999512,mpnn_estavel_s1,24.257450727207196,1.473418333013978,1.473418333013978,7,0.021436899999571324
200,clusters,7,16.463383265760594,16.463383265760594,optimal,6.614512399999512,mpnn_estavel_s1+busca_local,16.463383265760577,0.9999999999999989,0.9999999999999989,8,0.02973449999899458
200,clusters,7,16.463383265760594,16.463383265760594,optimal,6.614512399999512,mpnn_estavel_raio_s0,16.89219543235989,1.0260464182651394,1.0260464182651394,8,0.028256199999304954
200,clusters,7,16.463383265760594,16.463383265760594,optimal,6.614512399999512,mpnn_estavel_raio_s0+busca_local,16.463383265760577,0.9999999999999989,0.9999999999999989,8,0.03579819999959
200,clusters,7,16.463383265760594,16.463383265760594,optimal,6.614512399999512,mpnn_estavel_raio_s1,16.739225482739982,1.016754892510646,1.016754892510646,8,0.02756119999958173
200,clusters,7,16.463383265760594,16.463383265760594,optimal,6.614512399999512,mpnn_estavel_raio_s1+busca_local,16.463383265760577,0.9999999999999989,0.9999999999999989,8,0.03599199999916891
200,uniforme,8,27.151067618527996,27.151067618527996,optimal,6.272695899999235,mettu_plaxton,32.9664522224122,1.214186222272739,1.214186222272739,8,0.004612000000633998
200,uniforme,8,27.151067618527996,27.151067618527996,optimal,6.272695899999235,mp+busca_local,27.30015739629415,1.0054911202705126,1.0054911202705126,14,0.014063600000554288
200,uniforme,8,27.151067618527996,27.151067618527996,optimal,6.272695899999235,mpnn_estavel_s0,28.75681349646711,1.0591411689772134,1.0591411689772134,12,0.026673500000470085
200,uniforme,8,27.151067618527996,27.151067618527996,optimal,6.272695899999235,mpnn_estavel_s0+busca_local,27.383625534873488,1.0085653322960602,1.0085653322960602,15,0.041450700000496
200,uniforme,8,27.151067618527996,27.151067618527996,optimal,6.272695899999235,mpnn_estavel_s1,30.283942471472535,1.1153868016153683,1.1153868016153683,11,0.02588380000088364
200,uniforme,8,27.151067618527996,27.151067618527996,optimal,6.272695899999235,mpnn_estavel_s1+busca_local,27.151067618527996,1.0,1.0,15,0.0363935000004858
200,uniforme,8,27.151067618527996,27.151067618527996,optimal,6.272695899999235,mpnn_estavel_raio_s0,28.66265081318988,1.0556730665585456,1.0556730665585456,12,0.02588940000077855
200,uniforme,8,27.151067618527996,27.151067618527996,optimal,6.272695899999235,mpnn_estavel_raio_s0+busca_local,27.29109492839186,1.0051573408394558,1.0051573408394558,14,0.03829850000056467
200,uniforme,8,27.151067618527996,27.151067618527996,optimal,6.272695899999235,mpnn_estavel_raio_s1,28.596323363722185,1.0532301626403795,1.0532301626403795,13,0.02736540000023524
200,uniforme,8,27.151067618527996,27.151067618527996,optimal,6.272695899999235,mpnn_estavel_raio_s1+busca_local,27.151067618527996,1.0,1.0,15,0.04028509999989183
200,clusters,9,15.378957407875616,15.378957407875616,optimal,7.983109499999955,mettu_plaxton,17.202739256037074,1.118589433587188,1.118589433587188,4,0.0024588000005678623
200,clusters,9,15.378957407875616,15.378957407875616,optimal,7.983109499999955,mp+busca_local,15.503001641683781,1.0080658415598864,1.0080658415598864,5,0.004604900000231282
200,clusters,9,15.378957407875616,15.378957407875616,optimal,7.983109499999955,mpnn_estavel_s0,15.721737202289193,1.0222888837859736,1.0222888837859736,6,0.028742200000124285
200,clusters,9,15.378957407875616,15.378957407875616,optimal,7.983109499999955,mpnn_estavel_s0+busca_local,15.378957407875616,1.0,1.0,6,0.033026000000063505
200,clusters,9,15.378957407875616,15.378957407875616,optimal,7.983109499999955,mpnn_estavel_s1,16.142891072188725,1.0496739566963036,1.0496739566963036,5,0.02815180000015971
200,clusters,9,15.378957407875616,15.378957407875616,optimal,7.983109499999955,mpnn_estavel_s1+busca_local,15.63766604185686,1.016822247901458,1.016822247901458,6,0.030942299999878742
200,clusters,9,15.378957407875616,15.378957407875616,optimal,7.983109499999955,mpnn_estavel_raio_s0,15.643358167348882,1.017192372178485,1.017192372178485,5,0.03080210000007355
200,clusters,9,15.378957407875616,15.378957407875616,optimal,7.983109499999955,mpnn_estavel_raio_s0+busca_local,15.503001641683781,1.0080658415598864,1.0080658415598864,5,0.03437769999982265
200,clusters,9,15.378957407875616,15.378957407875616,optimal,7.983109499999955,mpnn_estavel_raio_s1,15.709701869935987,1.021506299373129,1.021506299373129,7,0.029949600000691134
200,clusters,9,15.378957407875616,15.378957407875616,optimal,7.983109499999955,mpnn_estavel_raio_s1+busca_local,15.526941317634266,1.0096224929840085,1.0096224929840085,7,0.03562860000056389
200,uniforme,10,27.619030205369235,27.619030205369235,optimal,6.271770700000161,mettu_plaxton,31.654514483989352,1.1461124539353162,1.1461124539353162,8,0.003844300000309886
200,uniforme,10,27.619030205369235,27.619030205369235,optimal,6.271770700000161,mp+busca_local,27.677090335685918,1.0021021784575692,1.0021021784575692,15,0.008223300000281597
200,uniforme,10,27.619030205369235,27.619030205369235,optimal,6.271770700000161,mpnn_estavel_s0,29.2345444203,1.0584927929372663,1.0584927929372663,12,0.018081300000631018
200,uniforme,10,27.619030205369235,27.619030205369235,optimal,6.271770700000161,mpnn_estavel_s0+busca_local,27.65403451322144,1.001267398152358,1.001267398152358,15,0.02841210000042338
200,uniforme,10,27.619030205369235,27.619030205369235,optimal,6.271770700000161,mpnn_estavel_s1,30.55449458865424,1.1062841222685054,1.1062841222685054,11,0.024219100000664184
200,uniforme,10,27.619030205369235,27.619030205369235,optimal,6.271770700000161,mpnn_estavel_s1+busca_local,27.804997769649596,1.0067333126071967,1.0067333126071967,14,0.03892770000038581
200,uniforme,10,27.619030205369235,27.619030205369235,optimal,6.271770700000161,mpnn_estavel_raio_s0,29.13445565179915,1.0548688869653111,1.0548688869653111,13,0.023549300000922813
200,uniforme,10,27.619030205369235,27.619030205369235,optimal,6.271770700000161,mpnn_estavel_raio_s0+busca_local,27.65403451322144,1.001267398152358,1.001267398152358,15,0.040866000001187786
200,uniforme,10,27.619030205369235,27.619030205369235,optimal,6.271770700000161,mpnn_estavel_raio_s1,29.133657409637976,1.0548399850757357,1.0548399850757357,13,0.030934999999772117
200,uniforme,10,27.619030205369235,27.619030205369235,optimal,6.271770700000161,mpnn_estavel_raio_s1+busca_local,27.65403451322144,1.001267398152358,1.001267398152358,15,0.04595249999965745
200,clusters,11,15.707563489845278,15.707563489845278,optimal,7.08894379999947,mettu_plaxton,16.235280409365167,1.0335963575675535,1.0335963575675535,6,0.004175600000053237
200,clusters,11,15.707563489845278,15.707563489845278,optimal,7.08894379999947,mp+busca_local,15.707563489845274,0.9999999999999998,0.9999999999999998,7,0.007706800000050862
200,clusters,11,15.707563489845278,15.707563489845278,optimal,7.08894379999947,mpnn_estavel_s0,15.875040466811512,1.0106621868550463,1.0106621868550463,7,0.02397079999991547
200,clusters,11,15.707563489845278,15.707563489845278,optimal,7.08894379999947,mpnn_estavel_s0+busca_local,15.707563489845274,0.9999999999999998,0.9999999999999998,7,0.027661099999022554
200,clusters,11,15.707563489845278,15.707563489845278,optimal,7.08894379999947,mpnn_estavel_s1,15.941006408387205,1.0148618160093923,1.0148618160093923,7,0.027075899999545072
200,clusters,11,15.707563489845278,15.707563489845278,optimal,7.08894379999947,mpnn_estavel_s1+busca_local,15.707563489845274,0.9999999999999998,0.9999999999999998,7,0.030060499999308377
200,clusters,11,15.707563489845278,15.707563489845278,optimal,7.08894379999947,mpnn_estavel_raio_s0,16.0830624244632,1.0239056130418112,1.0239056130418112,6,0.026939099999253813
200,clusters,11,15.707563489845278,15.707563489845278,optimal,7.08894379999947,mpnn_estavel_raio_s0+busca_local,15.707563489845274,0.9999999999999998,0.9999999999999998,7,0.02912479999849893
200,clusters,11,15.707563489845278,15.707563489845278,optimal,7.08894379999947,mpnn_estavel_raio_s1,16.005332466092813,1.0189570442570575,1.0189570442570575,7,0.03045419999943988
200,clusters,11,15.707563489845278,15.707563489845278,optimal,7.08894379999947,mpnn_estavel_raio_s1+busca_local,15.707563489845274,0.9999999999999998,0.9999999999999998,7,0.03289219999987836
200,uniforme,12,27.900453074309887,27.900453074309887,optimal,6.378371000000698,mettu_plaxton,31.733225182739368,1.1373731135555865,1.1373731135555865,10,0.0049554999995962135
200,uniforme,12,27.900453074309887,27.900453074309887,optimal,6.378371000000698,mp+busca_local,27.900453074309894,1.0000000000000002,1.0000000000000002,16,0.023357099999884667
200,uniforme,12,27.900453074309887,27.900453074309887,optimal,6.378371000000698,mpnn_estavel_s0,30.389860893972706,1.0892246377875137,1.0892246377875137,14,0.027896900000087044
200,uniforme,12,27.900453074309887,27.900453074309887,optimal,6.378371000000698,mpnn_estavel_s0+busca_local,27.94715449174374,1.001673858747364,1.001673858747364,17,0.06090160000076139
200,uniforme,12,27.900453074309887,27.900453074309887,optimal,6.378371000000698,mpnn_estavel_s1,32.3573495019526,1.1597427975729369,1.1597427975729369,9,0.03187419999994745
200,uniforme,12,27.900453074309887,27.900453074309887,optimal,6.378371000000698,mpnn_estavel_s1+busca_local,28.40884824854289,1.0182217533485547,1.0182217533485547,15,0.05857529999957478
200,uniforme,12,27.900453074309887,27.900453074309887,optimal,6.378371000000698,mpnn_estavel_raio_s0,30.564012513834058,1.0954665299674549,1.0954665299674549,12,0.030466700000033597
200,uniforme,12,27.900453074309887,27.900453074309887,optimal,6.378371000000698,mpnn_estavel_raio_s0+busca_local,28.40884824854289,1.0182217533485547,1.0182217533485547,15,0.05435029999989638
200,uniforme,12,27.900453074309887,27.900453074309887,optimal,6.378371000000698,mpnn_estavel_raio_s1,29.76983699963924,1.0670019200172287,1.0670019200172287,13,0.028773099999853002
200,uniforme,12,27.900453074309887,27.900453074309887,optimal,6.378371000000698,mpnn_estavel_raio_s1+busca_local,27.98438243326156,1.003008171900583,1.003008171900583,15,0.039921799999319774
200,clusters,13,16.261813619141623,16.261813619141623,optimal,7.646085999999741,mettu_plaxton,16.663351535528076,1.024692074684327,1.024692074684327,5,0.004843199999413628
200,clusters,13,16.261813619141623,16.261813619141623,optimal,7.646085999999741,mp+busca_local,16.393876228098158,1.0081210258615365,1.0081210258615365,6,0.008696299999428447
200,clusters,13,16.261813619141623,16.261813619141623,optimal,7.646085999999741,mpnn_estavel_s0,16.489934809752068,1.01402802885048,1.01402802885048,6,0.030000200000358745
200,clusters,13,16.261813619141623,16.261813619141623,optimal,7.646085999999741,mpnn_estavel_s0+busca_local,16.300070417545673,1.0023525542291922,1.0023525542291922,7,0.03496579999955429
200,clusters,13,16.261813619141623,16.261813619141623,optimal,7.646085999999741,mpnn_estavel_s1,16.56710577842682,1.0187735615740818,1.0187735615740818,6,0.031012799999189156
200,clusters,13,16.261813619141623,16.261813619141623,optimal,7.646085999999741,mpnn_estavel_s1+busca_local,16.390213731933386,1.0078958052157616,1.0078958052157616,6,0.03512909999881231
200,clusters,13,16.261813619141623,16.261813619141623,optimal,7.646085999999741,mpnn_estavel_raio_s0,16.56710577842682,1.0187735615740818,1.0187735615740818,6,0.024075299999822164
200,clusters,13,16.261813619141623,16.261813619141623,optimal,7.646085999999741,mpnn_estavel_raio_s0+busca_local,16.390213731933386,1.0078958052157616,1.0078958052157616,6,0.027500399999553338
200,clusters,13,16.261813619141623,16.261813619141623,optimal,7.646085999999741,mpnn_estavel_raio_s1,16.817085696885464,1.0341457657029247,1.0341457657029247,7,0.023091399999429996
200,clusters,13,16.261813619141623,16.261813619141623,optimal,7.646085999999741,mpnn_estavel_raio_s1+busca_local,16.32868563730012,1.0041122115727474,1.0041122115727474,8,0.027684399999088782
200,uniforme,14,28.33801117112299,28.33801117112299,optimal,6.662006200000178,mettu_plaxton,33.14185529145091,1.1695194518528222,1.1695194518528222,7,0.004966100000274309
200,uniforme,14,28.33801117112299,28.33801117112299,optimal,6.662006200000178,mp+busca_local,28.4048582508727,1.0023589192391111,1.0023589192391111,16,0.018723000001045875
200,uniforme,14,28.33801117112299,28.33801117112299,optimal,6.662006200000178,mpnn_estavel_s0,29.797541415376923,1.051504328777357,1.051504328777357,12,0.027501800000209187
200,uniforme,14,28.33801117112299,28.33801117112299,optimal,6.662006200000178,mpnn_estavel_s0+busca_local,28.445299805109826,1.0037860325955466,1.0037860325955466,17,0.04819350000070699
200,uniforme,14,28.33801117112299,28.33801117112299,optimal,6.662006200000178,mpnn_estavel_s1,29.91386577701494,1.0556092167645759,1.0556092167645759,13,0.021082400000523194
200,uniforme,14,28.33801117112299,28.33801117112299,optimal,6.662006200000178,mpnn_estavel_s1+busca_local,28.403718052412998,1.0023186835834466,1.0023186835834466,17,0.05004460000054678
200,uniforme,14,28.33801117112299,28.33801117112299,optimal,6.662006200000178,mpnn_estavel_raio_s0,31.15942547616532,1.099562890564367,1.099562890564367,11,0.031138400000600086
200,uniforme,14,28.33801117112299,28.33801117112299,optimal,6.662006200000178,mpnn_estavel_raio_s0+busca_local,28.495270534796802,1.0055494142734358,1.0055494142734358,17,0.06515530000069703
200,uniforme,14,28.33801117112299,28.33801117112299,optimal,6.662006200000178,mpnn_estavel_raio_s1,30.022228840729927,1.0594331641496135,1.0594331641496135,12,0.030202599999938684
200,uniforme,14,28.33801117112299,28.33801117112299,optimal,6.662006200000178,mpnn_estavel_raio_s1+busca_local,28.551922855047525,1.0075485778671198,1.0075485778671198,16,0.047054900000148336
200,clusters,15,17.16645268958236,17.16645268958236,optimal,6.746435799999745,mettu_plaxton,20.019104154094205,1.166175943049842,1.166175943049842,5,0.004913200000373763
200,clusters,15,17.16645268958236,17.16645268958236,optimal,6.746435799999745,mp+busca_local,17.166452689582364,1.0000000000000002,1.0000000000000002,7,0.013440700000501238
200,clusters,15,17.16645268958236,17.16645268958236,optimal,6.746435799999745,mpnn_estavel_s0,17.505544665686706,1.019753176863973,1.019753176863973,9,0.028787700000066252
200,clusters,15,17.16645268958236,17.16645268958236,optimal,6.746435799999745,mpnn_estavel_s0+busca_local,17.185217670633293,1.0010931193176746,1.0010931193176746,8,0.03611689999979717
200,clusters,15,17.16645268958236,17.16645268958236,optimal,6.746435799999745,mpnn_estavel_s1,17.64478665817522,1.0278644619970405,1.0278644619970405,8,0.02805650000118476
200,clusters,15,17.16645268958236,17.16645268958236,optimal,6.746435799999745,mpnn_estavel_s1+busca_local,17.166452689582364,1.0000000000000002,1.0000000000000002,7,0.0347622000017509
200,clusters,15,17.16645268958236,17.16645268958236,optimal,6.746435799999745,mpnn_estavel_raio_s0,17.42812331173193,1.0152431388639989,1.0152431388639989,7,0.03016870000101335
200,clusters,15,17.16645268958236,17.16645268958236,optimal,6.746435799999745,mpnn_estavel_raio_s0+busca_local,17.166452689582364,1.0000000000000002,1.0000000000000002,7,0.03501840000080847
200,clusters,15,17.16645268958236,17.16645268958236,optimal,6.746435799999745,mpnn_estavel_raio_s1,17.843498743683533,1.0394400675750584,1.0394400675750584,8,0.0329864000013913
200,clusters,15,17.16645268958236,17.16645268958236,optimal,6.746435799999745,mpnn_estavel_raio_s1+busca_local,17.431559300094957,1.0154432960208184,1.0154432960208184,9,0.039327100001173676
200,uniforme,16,27.821788126724865,27.821788126724865,optimal,6.428747099999782,mettu_plaxton,30.39110558191448,1.0923491129860772,1.0923491129860772,8,0.004852100000789505
200,uniforme,16,27.821788126724865,27.821788126724865,optimal,6.428747099999782,mp+busca_local,27.859774246204836,1.001365337098642,1.001365337098642,15,0.0192908000008174
200,uniforme,16,27.821788126724865,27.821788126724865,optimal,6.428747099999782,mpnn_estavel_s0,29.468052478568403,1.0591717665430058,1.0591717665430058,12,0.02829820000079053
200,uniforme,16,27.821788126724865,27.821788126724865,optimal,6.428747099999782,mpnn_estavel_s0+busca_local,27.837589226908413,1.000567939778406,1.000567939778406,16,0.047033200000441866
200,uniforme,16,27.821788126724865,27.821788126724865,optimal,6.428747099999782,mpnn_estavel_s1,30.532313778668136,1.0974245666596683,1.0974245666596683,11,0.02549490000001242
200,uniforme,16,27.821788126724865,27.821788126724865,optimal,6.428747099999782,mpnn_estavel_s1+busca_local,27.843177244535617,1.0007687901911022,1.0007687901911022,15,0.043907799999942654
200,uniforme,16,27.821788126724865,27.821788126724865,optimal,6.428747099999782,mpnn_estavel_raio_s0,29.6784117163719,1.0667327197371477,1.0667327197371477,11,0.027334700000210432
200,uniforme,16,27.821788126724865,27.821788126724865,optimal,6.428747099999782,mpnn_estavel_raio_s0+busca_local,27.843177244535617,1.0007687901911022,1.0007687901911022,15,0.04727160000038566
200,uniforme,16,27.821788126724865,27.821788126724865,optimal,6.428747099999782,mpnn_estavel_raio_s1,29.029923275576092,1.0434240654607934,1.0434240654607934,12,0.02797889999965264
200,uniforme,16,27.821788126724865,27.821788126724865,optimal,6.428747099999782,mpnn_estavel_raio_s1+busca_local,28.026715543786246,1.0073657169743353,1.0073657169743353,16,0.04287859999931243
200,clusters,17,16.25767638987793,16.25767638987793,optimal,6.9819954000004145,mettu_plaxton,18.107401086178694,1.1137754653212564,1.1137754653212564,5,0.003994400000010501
200,clusters,17,16.25767638987793,16.25767638987793,optimal,6.9819954000004145,mp+busca_local,16.340396760015704,1.0050880807413092,1.0050880807413092,7,0.005782700000054319
200,clusters,17,16.25767638987793,16.25767638987793,optimal,6.9819954000004145,mpnn_estavel_s0,16.57698048983506,1.019640205174457,1.019640205174457,7,0.026642699999683828
200,clusters,17,16.25767638987793,16.25767638987793,optimal,6.9819954000004145,mpnn_estavel_s0+busca_local,16.25767638987793,1.0,1.0,7,0.03341219999947498
200,clusters,17,16.25767638987793,16.25767638987793,optimal,6.9819954000004145,mpnn_estavel_s1,16.54490987225653,1.0176675605720282,1.0176675605720282,7,0.029106999999385152
200,clusters,17,16.25767638987793,16.25767638987793,optimal,6.9819954000004145,mpnn_estavel_s1+busca_local,16.340396760015704,1.0050880807413092,1.0050880807413092,7,0.032140799999069714
200,clusters,17,16.25767638987793,16.25767638987793,optimal,6.9819954000004145,mpnn_estavel_raio_s0,16.67628227491511,1.0257481988814716,1.0257481988814716,7,0.01905209999949875
200,clusters,17,16.25767638987793,16.25767638987793,optimal,6.9819954000004145,mpnn_estavel_raio_s0+busca_local,16.340396760015704,1.0050880807413092,1.0050880807413092,7,0.02306979999957548
200,clusters,17,16.25767638987793,16.25767638987793,optimal,6.9819954000004145,mpnn_estavel_raio_s1,16.68799566676706,1.0264686826437908,1.0264686826437908,8,0.028110600000218255
200,clusters,17,16.25767638987793,16.25767638987793,optimal,6.9819954000004145,mpnn_estavel_raio_s1+busca_local,16.39772734010167,1.0086144506056804,1.0086144506056804,8,0.032727300000260584
200,uniforme,18,28.418679614367527,28.418679614367527,optimal,6.292729300000246,mettu_plaxton,32.88995759647585,1.1573358805821434,1.1573358805821434,8,0.004051800000524963
200,uniforme,18,28.418679614367527,28.418679614367527,optimal,6.292729300000246,mp+busca_local,28.51573374225321,1.0034151526109825,1.0034151526109825,15,0.017700999999760825
200,uniforme,18,28.418679614367527,28.418679614367527,optimal,6.292729300000246,mpnn_estavel_s0,30.195481589794007,1.0625223268475918,1.0625223268475918,14,0.02669490000062069
200,uniforme,18,28.418679614367527,28.418679614367527,optimal,6.292729300000246,mpnn_estavel_s0+busca_local,28.533737880100475,1.0040486844320093,1.0040486844320093,15,0.05116730000008829
200,uniforme,18,28.418679614367527,28.418679614367527,optimal,6.292729300000246,mpnn_estavel_s1,30.326615182766798,1.067136671875307,1.067136671875307,12,0.025151100000584847
200,uniforme,18,28.418679614367527,28.418679614367527,optimal,6.292729300000246,mpnn_estavel_s1+busca_local,28.458428262938472,1.001398680343715,1.001398680343715,16,0.050999200000660494
200,uniforme,18,28.418679614367527,28.418679614367527,optimal,6.292729300000246,mpnn_estavel_raio_s0,31.39164717584883,1.1046131488803679,1.1046131488803679,12,0.028966800000489457
200,uniforme,18,28.418679614367527,28.418679614367527,optimal,6.292729300000246,mpnn_estavel_raio_s0+busca_local,28.619214099229204,1.0070564321630304,1.0070564321630304,16,0.05366310000044905
200,uniforme,18,28.418679614367527,28.418679614367527,optimal,6.292729300000246,mpnn_estavel_raio_s1,29.226096004895034,1.0284114674391593,1.0284114674391593,13,0.028974000000744127
200,uniforme,18,28.418679614367527,28.418679614367527,optimal,6.292729300000246,mpnn_estavel_raio_s1+busca_local,28.51573374225321,1.0034151526109825,1.0034151526109825,15,0.039729300000544754
200,clusters,19,16.65365854098649,16.65365854098649,optimal,7.213886800000182,mettu_plaxton,17.466418187419713,1.0488036694419385,1.0488036694419385,6,0.003565399999388319
200,clusters,19,16.65365854098649,16.65365854098649,optimal,7.213886800000182,mp+busca_local,16.654260599390163,1.0000361517201874,1.0000361517201874,7,0.007200099999863596
200,clusters,19,16.65365854098649,16.65365854098649,optimal,7.213886800000182,mpnn_estavel_s0,17.088357824937113,1.0261023295800606,1.0261023295800606,7,0.01829959999940911
200,clusters,19,16.65365854098649,16.65365854098649,optimal,7.213886800000182,mpnn_estavel_s0+busca_local,16.654260599390163,1.0000361517201874,1.0000361517201874,7,0.02264429999922868
200,clusters,19,16.65365854098649,16.65365854098649,optimal,7.213886800000182,mpnn_estavel_s1,16.990146228816904,1.020205031044817,1.020205031044817,7,0.02423079999971378
200,clusters,19,16.65365854098649,16.65365854098649,optimal,7.213886800000182,mpnn_estavel_s1+busca_local,16.65365854098649,1.0,1.0,7,0.029742199999418517
200,clusters,19,16.65365854098649,16.65365854098649,optimal,7.213886800000182,mpnn_estavel_raio_s0,17.02713295776363,1.0224259681953956,1.0224259681953956,7,0.02787469999930181
200,clusters,19,16.65365854098649,16.65365854098649,optimal,7.213886800000182,mpnn_estavel_raio_s0+busca_local,16.65365854098649,1.0,1.0,7,0.03432040000006964
200,clusters,19,16.65365854098649,16.65365854098649,optimal,7.213886800000182,mpnn_estavel_raio_s1,17.09312030120023,1.0263883013532538,1.0263883013532538,8,0.02915579999989859
200,clusters,19,16.65365854098649,16.65365854098649,optimal,7.213886800000182,mpnn_estavel_raio_s1+busca_local,16.65365854098649,1.0,1.0,7,0.034951599999658356
500,uniforme,0,56.968323256736625,56.968323256736625,optimal,68.57642979999946,mettu_plaxton,64.939935808477,1.1399306157531628,1.1399306157531628,13,0.022668599999633443
500,uniforme,0,56.968323256736625,56.968323256736625,optimal,68.57642979999946,mp+busca_local,57.02175449470758,1.0009379113675183,1.0009379113675183,24,0.48004349999973783
500,uniforme,0,56.968323256736625,56.968323256736625,optimal,68.57642979999946,mpnn_estavel_s0,58.412210101567695,1.0253454334319085,1.0253454334319085,21,0.09716200000002573
500,uniforme,0,56.968323256736625,56.968323256736625,optimal,68.57642979999946,mpnn_estavel_s0+busca_local,57.00660988588025,1.0006720687384651,1.0006720687384651,23,0.4930541000003359
500,uniforme,0,56.968323256736625,56.968323256736625,optimal,68.57642979999946,mpnn_estavel_s1,58.22812267121844,1.0221140335973087,1.0221140335973087,22,0.06324390000008862
500,uniforme,0,56.968323256736625,56.968323256736625,optimal,68.57642979999946,mpnn_estavel_s1+busca_local,57.05730103253579,1.001561881598624,1.001561881598624,23,0.36925650000011956
500,uniforme,0,56.968323256736625,56.968323256736625,optimal,68.57642979999946,mpnn_estavel_raio_s0,59.67091281189106,1.0474402159069136,1.0474402159069136,21,0.0745372999999745
500,uniforme,0,56.968323256736625,56.968323256736625,optimal,68.57642979999946,mpnn_estavel_raio_s0+busca_local,57.05396599558888,1.001503339644846,1.001503339644846,23,0.6865356999996948
500,uniforme,0,56.968323256736625,56.968323256736625,optimal,68.57642979999946,mpnn_estavel_raio_s1,58.47810671323221,1.0265021571670894,1.0265021571670894,22,0.09156929999971908
500,uniforme,0,56.968323256736625,56.968323256736625,optimal,68.57642979999946,mpnn_estavel_raio_s1+busca_local,57.05730103253579,1.001561881598624,1.001561881598624,23,0.33472689999962313
500,clusters,1,28.48700058207817,28.48700058207817,optimal,100.65105159999985,mettu_plaxton,35.79420965429248,1.2565103002388902,1.2565103002388902,3,0.022603500000514032
500,clusters,1,28.48700058207817,28.48700058207817,optimal,100.65105159999985,mp+busca_local,28.487000582078174,1.0000000000000002,1.0000000000000002,11,0.38842830000066897
500,clusters,1,28.48700058207817,28.48700058207817,optimal,100.65105159999985,mpnn_estavel_s0,29.633255297409995,1.040237816965994,1.040237816965994,12,0.07147960000111198
500,clusters,1,28.48700058207817,28.48700058207817,optimal,100.65105159999985,mpnn_estavel_s0+busca_local,28.51441463351719,1.00096233548211,1.00096233548211,11,0.4083269000011569
500,clusters,1,28.48700058207817,28.48700058207817,optimal,100.65105159999985,mpnn_estavel_s1,29.270782494750485,1.027513669275712,1.027513669275712,11,0.06801750000067841
500,clusters,1,28.48700058207817,28.48700058207817,optimal,100.65105159999985,mpnn_estavel_s1+busca_local,28.487000582078174,1.0000000000000002,1.0000000000000002,11,0.2390534000005573
500,clusters,1,28.48700058207817,28.48700058207817,optimal,100.65105159999985,mpnn_estavel_raio_s0,28.971784031861574,1.0170177077220406,1.0170177077220406,11,0.07825770000090415
500,clusters,1,28.48700058207817,28.48700058207817,optimal,100.65105159999985,mpnn_estavel_raio_s0+busca_local,28.504262342777864,1.000605952200898,1.000605952200898,11,0.18915280000146595
500,clusters,1,28.48700058207817,28.48700058207817,optimal,100.65105159999985,mpnn_estavel_raio_s1,29.687621216535625,1.0421462635561847,1.0421462635561847,12,0.0864876000014192
500,clusters,1,28.48700058207817,28.48700058207817,optimal,100.65105159999985,mpnn_estavel_raio_s1+busca_local,28.647191433687922,1.0056232965330345,1.0056232965330345,11,0.48987820000184
500,uniforme,2,57.07558179507654,57.07558179507654,optimal,66.83861260000049,mettu_plaxton,66.259723427082,1.160911923157964,1.160911923157964,12,0.020481399998971028
500,uniforme,2,57.07558179507654,57.07558179507654,optimal,66.83861260000049,mp+busca_local,57.485836541687874,1.0071879205381438,1.0071879205381438,25,0.5076975999982096
500,uniforme,2,57.07558179507654,57.07558179507654,optimal,66.83861260000049,mpnn_estavel_s0,58.7766674004458,1.0298040869995302,1.0298040869995302,25,0.06492339999931573
500,uniforme,2,57.07558179507654,57.07558179507654,optimal,66.83861260000049,mpnn_estavel_s0+busca_local,57.32848262277254,1.004430981161156,1.004430981161156,24,0.4611098999994283
500,uniforme,2,57.07558179507654,57.07558179507654,optimal,66.83861260000049,mpnn_estavel_s1,59.89444129157678,1.0493881868190331,1.0493881868190331,24,0.05485609999959706
500,uniforme,2,57.07558179507654,57.07558179507654,optimal,66.83861260000049,mpnn_estavel_s1+busca_local,57.37680063878112,1.005277543114428,1.005277543114428,25,0.7819331000000602
500,uniforme,2,57.07558179507654,57.07558179507654,optimal,66.83861260000049,mpnn_estavel_raio_s0,60.72699326204686,1.0639750196516666,1.0639750196516666,24,0.0656898999986879
500,uniforme,2,57.07558179507654,57.07558179507654,optimal,66.83861260000049,mpnn_estavel_raio_s0+busca_local,57.15596410611063,1.0014083485179825,1.0014083485179825,25,0.7610339999991993
500,uniforme,2,57.07558179507654,57.07558179507654,optimal,66.83861260000049,mpnn_estavel_raio_s1,58.71097211610612,1.02865306440329,1.02865306440329,26,0.09972039999865956
500,uniforme,2,57.07558179507654,57.07558179507654,optimal,66.83861260000049,mpnn_estavel_raio_s1+busca_local,57.27161512798324,1.0034346269760428,1.0034346269760428,26,0.6579964999982622
500,clusters,3,35.93648574536427,35.93648574536427,optimal,97.18923910000012,mettu_plaxton,38.01109678956724,1.05772993661381,1.05772993661381,7,0.019582599999921513
500,clusters,3,35.93648574536427,35.93648574536427,optimal,97.18923910000012,mp+busca_local,36.10874199459639,1.0047933526514718,1.0047933526514718,13,0.18583659999967495
500,clusters,3,35.93648574536427,35.93648574536427,optimal,97.18923910000012,mpnn_estavel_s0,36.67217128548233,1.0204718275830005,1.0204718275830005,14,0.06273789999977453
500,clusters,3,35.93648574536427,35.93648574536427,optimal,97.18923910000012,mpnn_estavel_s0+busca_local,36.09007922889263,1.004274026253337,1.004274026253337,15,0.28528669999923295
500,clusters,3,35.93648574536427,35.93648574536427,optimal,97.18923910000012,mpnn_estavel_s1,36.4634963040857,1.0146650555220027,1.0146650555220027,13,0.07084880000002158
500,clusters,3,35.93648574536427,35.93648574536427,optimal,97.18923910000012,mpnn_estavel_s1+busca_local,36.004589615030326,1.0018951176848125,1.0018951176848125,15,0.2578573000000688
500,clusters,3,35.93648574536427,35.93648574536427,optimal,97.18923910000012,mpnn_estavel_raio_s0,36.74588585375628,1.0225230734615283,1.0225230734615283,14,0.07511470000008558
500,clusters,3,35.93648574536427,35.93648574536427,optimal,97.18923910000012,mpnn_estavel_raio_s0+busca_local,36.057809360164974,1.0033760567368877,1.0033760567368877,15,0.295581399999719
500,clusters,3,35.93648574536427,35.93648574536427,optimal,97.18923910000012,mpnn_estavel_raio_s1,36.58183186649789,1.0179579641066285,1.0179579641066285,16,0.08340769999995246
500,clusters,3,35.93648574536427,35.93648574536427,optimal,97.18923910000012,mpnn_estavel_raio_s1+busca_local,36.1902292042483,1.0070608868291122,1.0070608868291122,16,0.29126849999920523
500,uniforme,4,56.83907126197445,56.83907126197445,optimal,68.21887530000004,mettu_plaxton,63.844120955343975,1.1232435635882025,1.1232435635882025,13,0.021466799999871
500,uniforme,4,56.83907126197445,56.83907126197445,optimal,68.21887530000004,mp+busca_local,57.387965909724684,1.0096569953653949,1.0096569953653949,23,0.4275185999995301
500,uniforme,4,56.83907126197445,56.83907126197445,optimal,68.21887530000004,mpnn_estavel_s0,58.385002291785355,1.027198386523341,1.027198386523341,22,0.05532619999939925
500,uniforme,4,56.83907126197445,56.83907126197445,optimal,68.21887530000004,mpnn_estavel_s0+busca_local,57.131921908863276,1.005152277128862,1.005152277128862,23,0.48759289999907196
500,uniforme,4,56.83907126197445,56.83907126197445,optimal,68.21887530000004,mpnn_estavel_s1,60.52176345133324,1.0647915616422559,1.0647915616422559,19,0.07356649999928777
500,uniforme,4,56.83907126197445,56.83907126197445,optimal,68.21887530000004,mpnn_estavel_s1+busca_local,57.23739378082159,1.007007899847822,1.007007899847822,23,0.5292789999994056
500,uniforme,4,56.83907126197445,56.83907126197445,optimal,68.21887530000004,mpnn_estavel_raio_s0,58.83077306571663,1.0350410687493874,1.0350410687493874,20,0.08869210000011662
500,uniforme,4,56.83907126197445,56.83907126197445,optimal,68.21887530000004,mpnn_estavel_raio_s0+busca_local,57.30625438576676,1.0082194010813272,1.0082194010813272,24,0.5504377999995995
500,uniforme,4,56.83907126197445,56.83907126197445,optimal,68.21887530000004,mpnn_estavel_raio_s1,58.03007909828686,1.0209540340802365,1.0209540340802365,23,0.09942150000006222
500,uniforme,4,56.83907126197445,56.83907126197445,optimal,68.21887530000004,mpnn_estavel_raio_s1+busca_local,56.95655045521936,1.0020668739062155,1.0020668739062155,23,0.5776214999996228
500,clusters,5,31.253228456527193,31.253228456527193,optimal,106.10502850000103,mettu_plaxton,34.37881706171495,1.100008503426627,1.100008503426627,5,0.020788000000720785
500,clusters,5,31.253228456527193,31.253228456527193,optimal,106.10502850000103,mp+busca_local,31.50670542356174,1.008110425052155,1.008110425052155,13,0.1665571000021373
500,clusters,5,31.253228456527193,31.253228456527193,optimal,106.10502850000103,mpnn_estavel_s0,31.91728993562674,1.0212477722109012,1.0212477722109012,11,0.07465909999973519
500,clusters,5,31.253228456527193,31.253228456527193,optimal,106.10502850000103,mpnn_estavel_s0+busca_local,31.314505115983955,1.0019606505466145,1.0019606505466145,12,0.2647365000002537
500,clusters,5,31.253228456527193,31.253228456527193,optimal,106.10502850000103,mpnn_estavel_s1,32.26152364566959,1.0322621130340157,1.0322621130340157,13,0.06813529999908496
500,clusters,5,31.253228456527193,31.253228456527193,optimal,106.10502850000103,mpnn_estavel_s1+busca_local,31.36565664889867,1.0035973305134815,1.0035973305134815,13,0.24218499999824417
500,clusters,5,31.253228456527193,31.253228456527193,optimal,106.10502850000103,mpnn_estavel_raio_s0,32.30017466836237,1.033498817995442,1.033498817995442,11,0.07992860000103974
500,clusters,5,31.253228456527193,31.253228456527193,optimal,106.10502850000103,mpnn_estavel_raio_s0+busca_local,31.35714520049781,1.0033249923000809,1.0033249923000809,13,0.3010340000009819
500,clusters,5,31.253228456527193,31.253228456527193,optimal,106.10502850000103,mpnn_estavel_raio_s1,31.976115344303082,1.0231299908353921,1.0231299908353921,12,0.07842900000014197
500,clusters,5,31.253228456527193,31.253228456527193,optimal,106.10502850000103,mpnn_estavel_raio_s1+busca_local,31.408996610270947,1.0049840660129057,1.0049840660129057,12,0.2324650999989899
500,uniforme,6,56.61870012260403,56.61870012260403,optimal,66.42410810000001,mettu_plaxton,65.76737469440182,1.1615839740578102,1.1615839740578102,12,0.024498900000253343
500,uniforme,6,56.61870012260403,56.61870012260403,optimal,66.42410810000001,mp+busca_local,57.09154196526103,1.0083513369546298,1.0083513369546298,22,0.3916397000011784
500,uniforme,6,56.61870012260403,56.61870012260403,optimal,66.42410810000001,mpnn_estavel_s0,58.50035077052215,1.0332337309730446,1.0332337309730446,26,0.09649199999876146
500,uniforme,6,56.61870012260403,56.61870012260403,optimal,66.42410810000001,mpnn_estavel_s0+busca_local,56.7939225965236,1.0030947809388089,1.0030947809388089,25,0.6116731999991316
500,uniforme,6,56.61870012260403,56.61870012260403,optimal,66.42410810000001,mpnn_estavel_s1,59.165251288969316,1.044977210018084,1.044977210018084,22,0.09159340000041993
500,uniforme,6,56.61870012260403,56.61870012260403,optimal,66.42410810000001,mpnn_estavel_s1+busca_local,57.00144614969628,1.006760063835154,1.006760063835154,23,0.8649483999997756
500,uniforme,6,56.61870012260403,56.61870012260403,optimal,66.42410810000001,mpnn_estavel_raio_s0,58.84756866570826,1.0393662966171557,1.0393662966171557,20,0.12713999999868975
500,uniforme,6,56.61870012260403,56.61870012260403,optimal,66.42410810000001,mpnn_estavel_raio_s0+busca_local,56.70966364316722,1.0016065985331033,1.0016065985331033,22,0.9774776999984169
500,uniforme,6,56.61870012260403,56.61870012260403,optimal,66.42410810000001,mpnn_estavel_raio_s1,57.97978889066093,1.024039562284361,1.024039562284361,23,0.1131731999994372
500,uniforme,6,56.61870012260403,56.61870012260403,optimal,66.42410810000001,mpnn_estavel_raio_s1+busca_local,56.7023673011482,1.0014777304735536,1.0014777304735536,25,0.836565800000244
500,clusters,7,32.63094442667895,32.62890447772497,timelimit,314.6070553999998,mettu_plaxton,35.94819931598249,1.1016597878972625,1.1017286633243701,5,0.024566000000049826
500,clusters,7,32.63094442667895,32.62890447772497,timelimit,314.6070553999998,mp+busca_local,32.88716599221858,1.0078521038860935,1.0079151144859895,11,0.15082990000155405
500,clusters,7,32.63094442667895,32.62890447772497,timelimit,314.6070553999998,mpnn_estavel_s0,33.268701617755084,1.0195445520281878,1.019608293636303,13,0.0962309999995341
500,clusters,7,32.63094442667895,32.62890447772497,timelimit,314.6070553999998,mpnn_estavel_s0+busca_local,32.70510293279627,1.0022726435725438,1.002335305346317,13,0.2162527999989834
500,clusters,7,32.63094442667895,32.62890447772497,timelimit,314.6070553999998,mpnn_estavel_s1,33.3931147214729,1.0233572857968156,1.0234212657758595,11,0.08604159999958938
500,clusters,7,32.63094442667895,32.62890447772497,timelimit,314.6070553999998,mpnn_estavel_s1+busca_local,32.84782113589545,1.0066463509722747,1.0067092861888736,13,0.2947576000005938
500,clusters,7,32.63094442667895,32.62890447772497,timelimit,314.6070553999998,mpnn_estavel_raio_s0,33.51299809201652,1.0270312024624209,1.0270954121335913,11,0.09846509999988484
500,clusters,7,32.63094442667895,32.62890447772497,timelimit,314.6070553999998,mpnn_estavel_raio_s0+busca_local,32.79267484086913,1.004956351004599,1.0050191805629258,12,0.3083267000001797
500,clusters,7,32.63094442667895,32.62890447772497,timelimit,314.6070553999998,mpnn_estavel_raio_s1,33.51058259073489,1.026957177596636,1.0270213826397947,13,0.10400509999817587
500,clusters,7,32.63094442667895,32.62890447772497,timelimit,314.6070553999998,mpnn_estavel_raio_s1+busca_local,32.75847594505808,1.0039082999471771,1.0039710639816781,13,0.25369839999802934
500,uniforme,8,57.32989686112164,57.327063540784174,timelimit,315.11126669999976,mettu_plaxton,66.48942965542885,1.1597688692253476,1.159826189390048,11,0.02185509999799251
500,uniforme,8,57.32989686112164,57.327063540784174,timelimit,315.11126669999976,mp+busca_local,57.39788412599057,1.0011858954680073,1.0012353778622556,22,0.2802570999974705
500,uniforme,8,57.32989686112164,57.327063540784174,timelimit,315.11126669999976,mpnn_estavel_s0,58.92501446278759,1.027823486330876,1.0278742852556295,24,0.08172339999873657
500,uniforme,8,57.32989686112164,57.327063540784174,timelimit,315.11126669999976,mpnn_estavel_s0+busca_local,57.524577245217685,1.0033957916332494,1.0034453832489256,24,0.7517454999997426
500,uniforme,8,57.32989686112164,57.327063540784174,timelimit,315.11126669999976,mpnn_estavel_s1,59.147146023779655,1.031698106261384,1.0317490966845113,22,0.08487609999792767
500,uniforme,8,57.32989686112164,57.327063540784174,timelimit,315.11126669999976,mpnn_estavel_s1+busca_local,57.47517033711031,1.0025339915810523,1.00258354060331,23,0.666883299998517
500,uniforme,8,57.32989686112164,57.327063540784174,timelimit,315.11126669999976,mpnn_estavel_raio_s0,58.956650927848315,1.028375318216033,1.0284261444144056,21,0.1058534999992844
500,uniforme,8,57.32989686112164,57.327063540784174,timelimit,315.11126669999976,mpnn_estavel_raio_s0+busca_local,57.60294067283053,1.0047626775322887,1.0048123367046367,23,0.6121390999978757
500,uniforme,8,57.32989686112164,57.327063540784174,timelimit,315.11126669999976,mpnn_estavel_raio_s1,58.46277632651963,1.0197607099859665,1.019811110417813,22,0.10119069999927888
500,uniforme,8,57.32989686112164,57.327063540784174,timelimit,315.11126669999976,mpnn_estavel_raio_s1+busca_local,57.66177828701002,1.0057889765036967,1.005838686399622,24,0.5629771999992954
500,clusters,9,32.66960246446972,32.66960246446972,optimal,106.09703749999971,mettu_plaxton,35.3267330363836,1.081333422247904,1.081333422247904,6,0.02255429999968328
500,clusters,9,32.66960246446972,32.66960246446972,optimal,106.09703749999971,mp+busca_local,32.745591804114326,1.0023259952344767,1.0023259952344767,10,0.21176369999921008
500,clusters,9,32.66960246446972,32.66960246446972,optimal,106.09703749999971,mpnn_estavel_s0,33.44805225612842,1.023827954212339,1.023827954212339,12,0.09192170000096667
500,clusters,9,32.66960246446972,32.66960246446972,optimal,106.09703749999971,mpnn_estavel_s0+busca_local,32.74735648834087,1.0023800113256875,1.0023800113256875,12,0.3018208000012237
500,clusters,9,32.66960246446972,32.66960246446972,optimal,106.09703749999971,mpnn_estavel_s1,33.50115633183037,1.0254534430979079,1.0254534430979079,11,0.0713568999999552
500,clusters,9,32.66960246446972,32.66960246446972,optimal,106.09703749999971,mpnn_estavel_s1+busca_local,32.92187038809862,1.0077217934899347,1.0077217934899347,12,0.2751621999996132
500,clusters,9,32.66960246446972,32.66960246446972,optimal,106.09703749999971,mpnn_estavel_raio_s0,33.22529178676264,1.0170093689660678,1.0170093689660678,10,0.0889698999999382
500,clusters,9,32.66960246446972,32.66960246446972,optimal,106.09703749999971,mpnn_estavel_raio_s0+busca_local,32.82334582798547,1.0047060065601643,1.0047060065601643,11,0.2824652999988757
500,clusters,9,32.66960246446972,32.66960246446972,optimal,106.09703749999971,mpnn_estavel_raio_s1,33.4171079035828,1.022880763239346,1.022880763239346,10,0.10591219999878376
500,clusters,9,32.66960246446972,32.66960246446972,optimal,106.09703749999971,mpnn_estavel_raio_s1+busca_local,32.82334582798547,1.0047060065601643,1.0047060065601643,11,0.2403491999994003
1000,uniforme,0,,,sem_exato,4.0000013541430235e-06,mettu_plaxton,105.59626947539898,,,20,0.07901270000002114
1000,uniforme,0,,,sem_exato,4.0000013541430235e-06,mp+busca_local,97.05639387566123,,,32,2.647648100000879
1000,uniforme,0,,,sem_exato,4.0000013541430235e-06,mpnn_estavel_s0,99.47913256313609,,,35,0.2932411999991018
1000,uniforme,0,,,sem_exato,4.0000013541430235e-06,mpnn_estavel_s0+busca_local,97.30947541084062,,,36,3.8028774999984307
1000,uniforme,0,,,sem_exato,4.0000013541430235e-06,mpnn_estavel_s1,99.52297753835498,,,33,0.25675439999940863
1000,uniforme,0,,,sem_exato,4.0000013541430235e-06,mpnn_estavel_s1+busca_local,97.2773540636552,,,34,4.178393599999254
1000,uniforme,0,,,sem_exato,4.0000013541430235e-06,mpnn_estavel_raio_s0,98.86072925958139,,,33,0.2965671999991173
1000,uniforme,0,,,sem_exato,4.0000013541430235e-06,mpnn_estavel_raio_s0+busca_local,97.25325383418696,,,34,3.3543908999999985
1000,uniforme,0,,,sem_exato,4.0000013541430235e-06,mpnn_estavel_raio_s1,99.46571287476142,,,33,0.3141438999991806
1000,uniforme,0,,,sem_exato,4.0000013541430235e-06,mpnn_estavel_raio_s1+busca_local,97.32806635873021,,,34,3.7993480999994063
1000,clusters,1,,,sem_exato,5.700001565855928e-06,mettu_plaxton,64.03814098440259,,,6,0.08074210000086168
1000,clusters,1,,,sem_exato,5.700001565855928e-06,mp+busca_local,52.91815944735339,,,17,1.9040823000013916
1000,clusters,1,,,sem_exato,5.700001565855928e-06,mpnn_estavel_s0,55.129742722157815,,,17,0.33614140000099724
1000,clusters,1,,,sem_exato,5.700001565855928e-06,mpnn_estavel_s0+busca_local,52.91815944735339,,,17,1.5550248000017746
1000,clusters,1,,,sem_exato,5.700001565855928e-06,mpnn_estavel_s1,54.72002450720333,,,18,0.2644144000005326
1000,clusters,1,,,sem_exato,5.700001565855928e-06,mpnn_estavel_s1+busca_local,52.99549769105964,,,17,1.5676697000017157
1000,clusters,1,,,sem_exato,5.700001565855928e-06,mpnn_estavel_raio_s0,54.35250580422383,,,15,0.29083730000093055
1000,clusters,1,,,sem_exato,5.700001565855928e-06,mpnn_estavel_raio_s0+busca_local,53.010163213314755,,,16,1.5230222000009235
1000,clusters,1,,,sem_exato,5.700001565855928e-06,mpnn_estavel_raio_s1,54.66858201765799,,,15,0.3082726000011462
1000,clusters,1,,,sem_exato,5.700001565855928e-06,mpnn_estavel_raio_s1+busca_local,52.98937497057693,,,16,2.352223000001686
1000,uniforme,2,,,sem_exato,4.699999408330768e-06,mettu_plaxton,113.41516119251159,,,16,0.07705690000148024
1000,uniforme,2,,,sem_exato,4.699999408330768e-06,mp+busca_local,96.6802824268168,,,33,2.7782041000027675
1000,uniforme,2,,,sem_exato,4.699999408330768e-06,mpnn_estavel_s0,98.89089056344935,,,35,0.27906370000164316
1000,uniforme,2,,,sem_exato,4.699999408330768e-06,mpnn_estavel_s0+busca_local,96.78389306257016,,,33,2.292907800001558
1000,uniforme,2,,,sem_exato,4.699999408330768e-06,mpnn_estavel_s1,98.67357958668516,,,34,0.2674568000002182
1000,uniforme,2,,,sem_exato,4.699999408330768e-06,mpnn_estavel_s1+busca_local,96.92781700251103,,,34,3.1033917000004294
1000,uniforme,2,,,sem_exato,4.699999408330768e-06,mpnn_estavel_raio_s0,99.14913330028277,,,33,0.2647221000006539
1000,uniforme,2,,,sem_exato,4.699999408330768e-06,mpnn_estavel_raio_s0+busca_local,96.64786387360776,,,33,4.189590399999361
1000,uniforme,2,,,sem_exato,4.699999408330768e-06,mpnn_estavel_raio_s1,98.67121378444902,,,35,0.29860370000096736
1000,uniforme,2,,,sem_exato,4.699999408330768e-06,mpnn_estavel_raio_s1+busca_local,96.8688533198347,,,35,3.7760173000006034
1000,clusters,3,,,sem_exato,2.7999994927085936e-06,mettu_plaxton,70.28786769085693,,,5,0.06991700000071432
1000,clusters,3,,,sem_exato,2.7999994927085936e-06,mp+busca_local,55.59910682013545,,,16,0.8464837999999872
1000,clusters,3,,,sem_exato,2.7999994927085936e-06,mpnn_estavel_s0,56.95060890188097,,,19,0.27052390000062587
1000,clusters,3,,,sem_exato,2.7999994927085936e-06,mpnn_estavel_s0+busca_local,54.997299530860225,,,18,1.3158574999997654
1000,clusters,3,,,sem_exato,2.7999994927085936e-06,mpnn_estavel_s1,56.311559430856356,,,18,0.21898890000011306
1000,clusters,3,,,sem_exato,2.7999994927085936e-06,mpnn_estavel_s1+busca_local,55.259171684741474,,,19,1.5863136000007216
1000,clusters,3,,,sem_exato,2.7999994927085936e-06,mpnn_estavel_raio_s0,56.324616399443286,,,16,0.2677669999993668
1000,clusters,3,,,sem_exato,2.7999994927085936e-06,mpnn_estavel_raio_s0+busca_local,54.843820774970496,,,17,1.9398901000004116
1000,clusters,3,,,sem_exato,2.7999994927085936e-06,mpnn_estavel_raio_s1,56.303496950399264,,,16,0.2512673999990511
1000,clusters,3,,,sem_exato,2.7999994927085936e-06,mpnn_estavel_raio_s1+busca_local,54.91687295822215,,,17,1.3105202999977337
1000,uniforme,4,,,sem_exato,1.0900001143454574e-05,mettu_plaxton,109.85718637033926,,,18,0.0833818999981304
1000,uniforme,4,,,sem_exato,1.0900001143454574e-05,mp+busca_local,96.99646716808446,,,33,2.709384099996896
1000,uniforme,4,,,sem_exato,1.0900001143454574e-05,mpnn_estavel_s0,99.1594570961579,,,34,0.2602856999983487
1000,uniforme,4,,,sem_exato,1.0900001143454574e-05,mpnn_estavel_s0+busca_local,97.88179059687167,,,35,2.9794640999971307
1000,uniforme,4,,,sem_exato,1.0900001143454574e-05,mpnn_estavel_s1,99.16492984326699,,,33,0.2758339999982127
1000,uniforme,4,,,sem_exato,1.0900001143454574e-05,mpnn_estavel_s1+busca_local,97.21904979519886,,,35,3.7660040999980993
1000,uniforme,4,,,sem_exato,1.0900001143454574e-05,mpnn_estavel_raio_s0,99.34652352901885,,,33,0.2797857999976259
1000,uniforme,4,,,sem_exato,1.0900001143454574e-05,mpnn_estavel_raio_s0+busca_local,96.7291002526193,,,33,3.961998799997673
1000,uniforme,4,,,sem_exato,1.0900001143454574e-05,mpnn_estavel_raio_s1,99.03523958387245,,,34,0.32873579999977665
1000,uniforme,4,,,sem_exato,1.0900001143454574e-05,mpnn_estavel_raio_s1+busca_local,97.2956961638271,,,34,5.106256299999586
1000,clusters,5,,,sem_exato,3.7999998312443495e-06,mettu_plaxton,67.68821216951866,,,6,0.07968120000077761
1000,clusters,5,,,sem_exato,3.7999998312443495e-06,mp+busca_local,56.47835214152743,,,18,1.2016345000010915
1000,clusters,5,,,sem_exato,3.7999998312443495e-06,mpnn_estavel_s0,58.52224058730879,,,20,0.3170745999996143
1000,clusters,5,,,sem_exato,3.7999998312443495e-06,mpnn_estavel_s0+busca_local,56.56170836508044,,,18,2.4726874999996653
1000,clusters,5,,,sem_exato,3.7999998312443495e-06,mpnn_estavel_s1,58.93668094880928,,,19,0.24741460000041116
1000,clusters,5,,,sem_exato,3.7999998312443495e-06,mpnn_estavel_s1+busca_local,56.705813561555644,,,20,2.9630274000010104
1000,clusters,5,,,sem_exato,3.7999998312443495e-06,mpnn_estavel_raio_s0,58.511307326712895,,,17,0.260116300001755
1000,clusters,5,,,sem_exato,3.7999998312443495e-06,mpnn_estavel_raio_s0+busca_local,56.44495818220462,,,18,1.7824574000023858
1000,clusters,5,,,sem_exato,3.7999998312443495e-06,mpnn_estavel_raio_s1,58.70006003607815,,,18,0.31231210000260035
1000,clusters,5,,,sem_exato,3.7999998312443495e-06,mpnn_estavel_raio_s1+busca_local,56.70546970486073,,,18,2.0773517000016
