instancia,cenario,custo_total,custo_fixo,custo_transporte,pct_fixo,centros_abertos,demanda_nao_atendida,gap_vs_pl
50x15,premissa antiga,889195.3709487165,28000.0,861195.3709487165,3.148914278548901,14,0.0,0.017184083467059633
50x15,"aluguel real, 2000 m²",10115586.651747832,8133200.0,1301315.189347831,80.40265265875308,8,735.0,0.04842492065770522
50x15,"aluguel real, 5000 m²",19360595.158414923,5154571.428571428,469692.62968349527,26.624033953476044,2,14824.0,6.896328866421126e-05
50x15,"aluguel real, 10000 m²",22786308.161830693,5154571.428571428,364953.56269926595,22.621353981360798,1,18634.0,0.00014691066317662035
100x30,premissa antiga,1310841.3639855273,56000.0,1254841.3639855273,4.272065372558558,28,0.0,0.013914116428023045
100x30,"aluguel real, 2000 m²",17018067.277342536,14318685.714285713,1913601.154736822,84.13814260417975,14,848.0,0.031215823452374388
100x30,"aluguel real, 5000 m²",32324603.86498991,5154571.428571428,480370.760898484,15.946278723477985,2,28803.0,0.0006422267099027324
100x30,"aluguel real, 10000 m²",35974879.69540401,5154571.428571428,359271.2825125826,14.328252025342987,1,32873.0,5.673707115828895e-05
200x50,premissa antiga,2397410.794062648,82000.0,2315410.794062648,3.4203566699156696,41,0.0,0.007867672825166365
200x50,"aluguel real, 2000 m²",27945861.118834045,19432342.85714286,3131663.766971185,69.53567390359096,19,5808.0,0.11116866866220214
200x50,"aluguel real, 5000 m²",48276489.247480914,17755714.285714287,1347750.675046623,36.779216058344154,7,31483.0,0.008804657377626948
200x50,"aluguel real, 10000 m²",53524435.5862574,5154571.428571428,853315.1503259758,9.630314401474761,1,51279.0,0.008464001165504543
