filtro,k,semente,custo_total
todos,120,1,18440902.24543094
score_demanda,45,1,19874720.963964317
score_logit,45,1,18617307.419600084
score_gbm,45,1,19178072.228593364
score_demanda,60,1,19045850.937994633
score_logit,60,1,18266124.92717126
score_gbm,60,1,18974435.00053737
todos,120,2,18462201.484195936
score_demanda,45,2,19834929.698595677
score_logit,45,2,18617307.419600084
score_gbm,45,2,19197995.421329144
score_demanda,60,2,19040332.13483268
score_logit,60,2,18320379.664775137
score_gbm,60,2,18974435.00053737
todos,120,3,18691108.180362247
score_demanda,45,3,19828209.071723167
score_logit,45,3,18617307.419600084
score_gbm,45,3,19166798.025151156
score_demanda,60,3,18902270.730013784
score_logit,60,3,18303818.501711447
score_gbm,60,3,18934545.500231344
