parametro,nivel,custo_total,custo_fixo,custo_transporte,demanda_nao_atendida_pct,centros_abertos,utilizacao_max,capacidade_total,demanda_total,gap_ub_vs_pl,volume_realocado_pct,jaccard_vs_base
"demanda, capacidade congelada (x)",0.6,507279.52103527123,18000.0,489279.52103527123,0.0,9,0.9941698352344739,40045.0,16015.199999999999,0.001445361998706726,48.381537539337636,0.6428571428571429
"demanda, capacidade congelada (x)",0.8,675054.9287943911,22000.0,653054.9287943911,0.0,11,0.9979869745411487,40045.0,21353.600000000002,0.0015369844047171673,41.09471002547579,0.7857142857142857
"demanda, capacidade congelada (x)",1.0,912668.576393671,28000.0,884668.576393671,0.0,14,0.9970396684428656,40045.0,26692.0,0.04246143005272531,0.0,1.0
"demanda, capacidade congelada (x)",1.2,1224753.7107142685,30000.0,1194753.7107142685,0.0,15,0.9982238010657194,40045.0,32030.399999999998,0.04164951924408019,51.42364753484191,0.9333333333333333
"demanda, capacidade congelada (x)",1.4,1545692.4078742333,30000.0,1515692.4078742333,0.0,15,0.9998984771573602,40045.0,37368.799999999996,0.018050293069630567,53.154503221939166,0.9333333333333333
demanda e capacidade juntas (x),0.6,542762.6430029133,28000.0,514762.6430029133,0.0,14,0.9994370161857847,24031.0,16015.199999999999,0.015123211733078906,37.44567660722314,1.0
demanda e capacidade juntas (x),0.8,715467.7188408006,28000.0,687467.7188408006,0.0,14,0.9992673992673993,32038.0,21353.600000000002,0.015532242823808681,39.36385433837854,1.0
demanda e capacidade juntas (x),1.0,912668.576393671,28000.0,884668.576393671,0.0,14,0.9970396684428656,40045.0,26692.0,0.04246143005272531,0.0,1.0
demanda e capacidade juntas (x),1.2,1058794.8253664922,28000.0,1030794.8253664922,0.0,14,0.9997888067581838,48054.0,32030.399999999998,0.01453922999292114,35.41135920875168,1.0
demanda e capacidade juntas (x),1.4,1280952.2761079252,26000.0,1254952.2761079252,0.0,13,0.9978237214363439,56061.0,37368.799999999996,0.05314302835844706,43.72845796493331,0.9285714285714286
capacidade (folga),1.1,1103488.5237870086,30000.0,1073488.5237870086,0.0,15,0.9988399071925754,29368.0,26692.0,0.025961010451222493,55.585943353813875,0.9333333333333333
capacidade (folga),1.3,979116.3749142059,30000.0,949116.3749142059,0.0,15,0.9968684759916493,34707.0,26692.0,0.026960695156854047,42.49213247414956,0.9333333333333333
capacidade (folga),1.5,912668.576393671,28000.0,884668.576393671,0.0,14,0.9970396684428656,40045.0,26692.0,0.04246143005272531,0.0,1.0
capacidade (folga),2.0,836551.2098232212,22000.0,814551.2098232212,0.0,11,1.0,53391.0,26692.0,0.0012855707640138853,41.4281432638993,0.7857142857142857
capacidade (folga),3.0,829072.6030247816,18000.0,811072.6030247816,0.0,9,0.9997069167643611,80084.0,26692.0,0.0007700287627197171,55.05394874868874,0.6428571428571429
custo fixo (pedidos x1000km),10.0,868882.5988062051,7000.0,861882.5988062051,0.0,14,1.0,40045.0,26692.0,0.017554649794608565,36.11194365352915,1.0
custo fixo (pedidos x1000km),20.0,900776.5255408318,14000.0,886776.5255408318,0.0,14,0.9970396684428656,40045.0,26692.0,0.044677237438060374,43.86707627753634,1.0
custo fixo (pedidos x1000km),40.0,912668.576393671,28000.0,884668.576393671,0.0,14,0.9970396684428656,40045.0,26692.0,0.04246143005272531,0.0,1.0
custo fixo (pedidos x1000km),80.0,914977.6790268891,52000.0,862977.6790268891,0.0,13,1.0,40045.0,26692.0,0.017139172249884902,39.23272890753784,0.9285714285714286
custo fixo (pedidos x1000km),160.0,972824.8644309955,104000.0,868824.8644309955,0.0,13,1.0,40045.0,26692.0,0.026243277621089203,40.20680353664019,0.9285714285714286
pedidos por veiculo,10.0,4324643.558928711,28000.0,4296643.558928711,0.0,14,0.9995775242923531,40045.0,26692.0,0.01468218425538318,40.01198861081972,1.0
pedidos por veiculo,25.0,1801553.0510816637,28000.0,1773553.0510816637,0.0,14,0.9970396684428656,40045.0,26692.0,0.044677237438060374,43.86707627753634,1.0
pedidos por veiculo,50.0,912668.576393671,28000.0,884668.576393671,0.0,14,0.9970396684428656,40045.0,26692.0,0.04246143005272531,0.0,1.0
pedidos por veiculo,100.0,457497.93307042937,26000.0,431497.93307042937,0.0,13,0.9968553459119497,40045.0,26692.0,0.017158708296492634,44.59763224936311,0.9285714285714286
pedidos por veiculo,200.0,246496.06468388712,26000.0,220496.06468388712,0.0,13,0.9995746490854955,40045.0,26692.0,0.039239477664812526,40.79499475498277,0.9285714285714286
