instancia,metodo,status,viavel,custo_total,custo_fixo,custo_transporte,demanda_nao_atendida,centros_abertos,tempo_s,limite_inferior,gap,semente,limite_pl,gap_vs_melhor,gap_vs_pl
50x15,guloso_mais_proximo,HEURISTICA,True,996703.7851070323,28000.0,968703.7851070323,0.0,14,0.0002549999990151264,,,,873915.3634758107,0.13195084821109487,0.12319449716751678
50x15,busca_local(guloso_mais_proximo),OTIMO_LOCAL,True,922394.4829342323,26000.0,896394.4829342323,0.0,13,0.02212650000001304,,,,873915.3634758107,0.04755819426382136,0.052557902671104995
50x15,lns(busca_local(guloso_mais_proximo)),LIMITE_TEMPO,True,880727.8849185072,28000.0,852727.8849185072,0.0,14,30.3149568000008,,,0.0,873915.3634758107,0.0002376746965098132,0.007735103610721724
50x15,lns(busca_local(guloso_mais_proximo)),LIMITE_TEMPO,True,882836.0758316729,28000.0,854836.0758316729,0.0,14,30.1375154999987,,,1.0,873915.3634758107,0.002631935185941544,0.010104607865575056
50x15,lns(busca_local(guloso_mais_proximo)),LIMITE_TEMPO,True,880518.6079255972,28000.0,852518.6079255972,0.0,14,30.16947710000386,,,2.0,873915.3634758107,0.0,0.007499267352615061
50x15,milp_scip,VIAVEL_LIMITE_TEMPO,True,888731.4386499966,28000.0,860731.4386499966,0.0,14,29.811172499998065,878682.0249123946,0.011307593385992236,,873915.3634758107,0.009327265375740242,0.01667103753715731
50x15,milp_scip+busca_local(guloso_mais_proximo),VIAVEL_LIMITE_TEMPO,True,883933.4270650491,28000.0,855933.4270650491,0.0,14,29.935291299996607,879550.8691512309,0.00495801808103321,,873915.3634758107,0.003878190771569003,0.011333504631114143
100x30,guloso_mais_proximo,HEURISTICA,True,1352461.363716832,60000.0,1292461.363716832,0.0,30,0.0010094999961438589,,,,1292602.1646283641,0.031762579145848985,0.04425945220642962
100x30,busca_local(guloso_mais_proximo),OTIMO_LOCAL,True,1343460.1567081271,56000.0,1287460.1567081271,0.0,28,0.06580669999675592,,,,1292602.1646283641,0.024895759281062524,0.03785597349189724
100x30,lns(busca_local(guloso_mais_proximo)),LIMITE_TEMPO,True,1310826.1445539878,56000.0,1254826.1445539878,0.0,28,30.098593399998208,,,0.0,1292602.1646283641,0.0,0.013902667414239277
100x30,lns(busca_local(guloso_mais_proximo)),LIMITE_TEMPO,True,1310826.1445539878,56000.0,1254826.1445539878,0.0,28,30.14897480000218,,,1.0,1292602.1646283641,0.0,0.013902667414239277
100x30,lns(busca_local(guloso_mais_proximo)),LIMITE_TEMPO,True,1316904.5628055872,56000.0,1260904.5628055872,0.0,28,30.12328079999861,,,2.0,1292602.1646283641,0.0046370895765644165,0.01845418328982643
100x30,milp_scip,VIAVEL_LIMITE_TEMPO,True,1317478.7732162282,56000.0,1261478.7732162282,0.0,28,29.463650699995924,1309554.0805483982,0.006015043907299002,,1292602.1646283641,0.005075141878943858,0.018881980562871103
100x30,milp_scip+busca_local(guloso_mais_proximo),VIAVEL_LIMITE_TEMPO,True,1312109.469142018,56000.0,1256109.469142018,0.0,28,29.93731310000294,1309632.5376173183,0.0018877476178258263,,1292602.1646283641,0.0009790196765313724,0.01486713187613033
