instancia,familia,razao,m,n,metodo,objetivo,valida,seed_treino,seed_solver,orcamento,t_total,estouro_s,rotulo_melhor,rotulo_bound,rotulo_qualidade,trajetoria,t_parede_s,t_cpu_s,razao_cpu,contencao_suspeita,carga_sistema_pct,pico_mem_mb,nucleo,nos,certificado,fracao_final,estagios,run_id,t_adaptativa,obj_adaptativa,iteracoes,subproblemas,nos_scip_adaptativa,tentados,aceitos,t_selecao,t_sub,t_inferencia,repetidos,pulados,t_pl
olist_n150_m30_f1.5,olist,1.5002840909090909,30,150,adaptativa:gnn,1949596.6810128833,True,0,0,120.0,117.708216,0.0,1948425.134675559,1947677.2354184652,gap,"[[0.38161939999554306, 2578732.7978510475], [17.230822699988494, 2430194.2166885627], [28.7963855000271, 2430194.2166885613], [50.87824020002154, 2430194.2166885613], [68.31476129998919, 2430194.2166885613], [68.56058560000383, 2021131.4775272661], [74.5118850999861, 1993957.3608268027], [74.86968130001333, 1986261.2068913758], [74.87209369998891, 1979416.8138667808], [80.7786761999887, 1954021.201508157], [110.7666193000041, 1949596.6810128835]]",117.708216,113.4375,0.9637177748068155,False,76.5,614.9765625,2,702.0,False,1.0,4.0,6fb102a566458da78987,,,,,,,,,,,,,
olist_n150_m30_f1.5,olist,1.5002840909090909,30,150,adaptativa:pl,1949596.6810128833,True,-1,0,120.0,117.6484059,0.0,1948425.134675559,1947677.2354184652,gap,"[[0.6154271000123117, 2437294.162572572], [9.818288900016341, 2204667.567923124], [28.791586700011976, 2204667.567923124], [38.418323200021405, 2196321.6545315622], [51.165654800017364, 2196321.654531562], [67.8091495000117, 2196321.654531562], [68.16134729998885, 2021131.4775272661], [74.41702459999942, 1993957.3608268027], [74.84315179998521, 1986261.2068913758], [74.84696369999438, 1979416.8138667808], [81.34711929998593, 1954021.201508157], [113.17000350001035, 1949596.6810128835]]",117.6484059,109.96875,0.9347236722737439,False,78.5,596.67578125,6,397.0,False,1.0,4.0,6fb102a566458da78987,,,,,,,,,,,,,
olist_n150_m30_f1.5,olist,1.5002840909090909,30,150,completo,1949596.6810128833,True,-1,0,120.0,114.0071103,0.0,1948425.134675559,1947677.2354184652,gap,"[[0.49575990001903847, 2021131.4775272661], [6.445121900003869, 1993957.3608268027], [6.889935100014554, 1986261.2068913758], [6.89501000000746, 1979416.8138667808], [13.124489500012714, 1954021.201508157], [44.00155889999587, 1949596.6810128835]]",114.0071103,109.75,0.9626592561744809,False,76.1,750.59765625,2,1484.0,False,1.0,1.0,6fb102a566458da78987,,,,,,,,,,,,,
olist_n150_m30_f1.5,olist,1.5002840909090909,30,150,hibrido:rotacao,1951521.6029746393,True,-1,0,120.0,119.9945021,0.0,1948425.134675559,1947677.2354184652,gap,"[[0.3626927000004798, 2578732.7978510475], [15.114561700000195, 2578732.797851047], [26.09497520001605, 2578732.797851047], [34.890767899982166, 2578732.797851047], [35.231529899989255, 2021131.4775272661], [41.04172509998898, 1993957.3608268027], [41.32557009998709, 1986261.2068913758], [41.328006099996855, 1979416.8138667808], [48.22865129998536, 1954021.201508157], [57.992820299987216, 1954021.2015081563], [59.07119149999926, 1953935.962429248], [60.01893150000251, 1953508.5555156479], [60.993437500001164, 1953395.9708125382], [61.17665589999524, 1951863.3602142474], [61.196291200001724, 1951696.7681109027], [62.05471230001422, 1951637.1771609923], [62.114809399994556, 1951596.720804896], [62.761259499995504, 1951566.1295314746], [78.9976813000103, 1951535.2176766158], [80.06691150000552, 1951521.6029746393]]",119.9945021,114.765625,0.9564240276971823,False,76.3,830.30078125,6,,,,,6fb102a566458da78987,57.99256499999319,1954021.2015081563,334.0,334.0,69.0,"{""interior"": 84, ""fronteira"": 84, ""liberacao"": 83, ""regret"": 83, ""abertura"": 0}","{""interior"": 3, ""fronteira"": 2, ""liberacao"": 0, ""regret"": 5, ""abertura"": 0}",0.4578194995992817,61.18490340010612,0.0,240.0,0.0,
olist_n150_m30_f1.5,olist,1.5002840909090909,30,150,hibrido:rotacao,1950533.5862653395,True,-1,1,120.0,119.9870992,0.0,1948425.134675559,1947677.2354184652,gap,"[[0.5568439000053331, 2578732.7978510475], [5.785919100017054, 2575707.1101522013], [15.094044700002996, 2575707.1101522013], [20.439994899992598, 2570654.612778875], [26.429509200010216, 2570654.612778875], [34.13381030000164, 2570654.612778875], [34.439778800006025, 2021131.4775272661], [40.570090200024424, 2013161.4683118472], [57.57716440001968, 2008099.8373902217], [58.96108400000958, 2008099.8373902214], [59.966294500016375, 2004867.029011052], [59.98743980002473, 2003933.9629036281], [60.017264600028284, 2001019.0478760265], [60.406464200030314, 2000979.25712846], [60.97007930002292, 1984814.4666788043], [61.004051600029925, 1978120.1766066824], [61.41571210001712, 1977134.1105749495], [61.95784360001562, 1976761.735829077], [62.00041440001223, 1962381.805277958], [62.070671300025424, 1962127.0384819172], [63.378052600019146, 1962080.0212588785], [66.96950260002632, 1961950.6246262484], [67.01305910001975, 1961851.6351370101], [69.97956930001965, 1961188.124303743], [72.02831980001065, 1960511.4077019054], [74.15848530002404, 1960350.3711217954], [75.97017800001777, 1960118.0184215358], [77.99766220001038, 1960053.6495605446], [86.24647600002936, 1959628.2844577977], [88.98325380001916, 1958783.6539177236], [89.12740750002558, 1958729.9416817857], [90.08743260000483, 1958138.943841501], [91.01633040001616, 1958051.989575528], [91.20028870002716, 1957480.3553841691], [92.97183500003302, 1956913.359626655], [93.18089070002316, 1956881.4162847672], [93.96693130000494, 1954957.4895938393], [94.0469239000231, 1953091.2937612114], [96.970275700005, 1952995.1148211528], [98.02933040002245, 1952765.9027355674], [99.97134410002036, 1952685.3187625157], [100.14574410000932, 1952112.0372230702], [104.15431530002388, 1952090.5659741848], [104.77640850000898, 1950822.2974255872], [105.83439400000498, 1950733.14234875], [114.96593530001701, 1950595.5535108517], [116.01972380001098, 1950588.356026726], [119.98677230000612, 1950533.5862653395]]",119.9870992,109.203125,0.9101238860519099,False,76.2,775.69921875,4,,,,,6fb102a566458da78987,58.96074840001529,2008099.8373902214,254.0,254.0,101.0,"{""interior"": 64, ""fronteira"": 64, ""liberacao"": 63, ""regret"": 63, ""abertura"": 0}","{""interior"": 6, ""fronteira"": 10, ""liberacao"": 10, ""regret"": 12, ""abertura"": 0}",0.41033669977332465,60.5401968996739,0.0,31.0,0.0,
olist_n150_m30_f1.5,olist,1.5002840909090909,30,150,hibrido:rotacao,1954138.6440105855,True,-1,2,120.0,119.9964684,0.0,1948425.134675559,1947677.2354184652,gap,"[[0.3698967999953311, 2578732.7978510475], [5.169814900000347, 2497271.2744498337], [5.209524000005331, 2437765.0715602157], [15.47381100000348, 2437765.0715602157], [18.86708210001234, 2434323.1190420277], [19.829169800010277, 2398569.624921547], [26.104854099976365, 2398569.624921547], [34.19466259999899, 2398569.624921547], [34.66948149999371, 2021131.4775272661], [40.67477929999586, 2006779.5194218364], [57.67791140000918, 1988695.594452584], [59.005403499962995, 1988695.5944525837], [59.04891599997063, 1988096.5519877416], [60.51938749998226, 1982391.4401159044], [60.59137909996207, 1974669.80906737], [60.61737469997024, 1974427.3476951097], [60.683594999980414, 1965916.3325948273], [61.08808589997352, 1965330.5098746275], [61.11524939996889, 1964376.6924717485], [62.14853659996879, 1959577.9070507926], [63.13472449997789, 1959279.074089257], [63.7291362999822, 1958823.0772100145], [63.87222729998757, 1958657.051204381], [64.11138419996132, 1958644.8908655972], [64.99914349996834, 1957733.229432491], [67.00198619996081, 1957395.653816002], [67.26740409998456, 1957098.5420280183], [67.28105149997282, 1956734.2488717074], [67.41802629997255, 1956733.9904653952], [68.05945139998221, 1956730.1815707884], [68.9942797999829, 1956666.5247877124], [69.11052019998897, 1956527.091271414], [71.27771559997927, 1955095.893404401], [91.0111823999614, 1954252.9211563037], [92.07135259997449, 1954229.2158622923], [92.10519179998664, 1954225.381437523], [111.00361429998884, 1954138.6440105855]]",119.9964684,114.71875,0.9560177189348016,False,76.2,830.30078125,6,,,,,6fb102a566458da78987,59.00487149998662,1988695.5944525837,310.0,310.0,121.0,"{""interior"": 78, ""fronteira"": 78, ""liberacao"": 77, ""regret"": 77, ""abertura"": 0}","{""interior"": 5, ""fronteira"": 3, ""liberacao"": 5, ""regret"": 12, ""abertura"": 0}",0.4291017999057658,60.47025449984358,0.0,161.0,0.0,
olist_n150_m30_f1.5,olist,1.5002840909090909,30,150,hibridopl:rotacao,1951632.6463789735,True,-1,0,120.0,119.9554758,0.0,1948425.134675559,1947677.2354184652,gap,"[[0.58717399998568, 2437294.162572572], [9.803769499994814, 2204667.567923124], [14.802994100027718, 2204667.567923124], [24.46909240001696, 2196321.6545315622], [26.061090700008208, 2196321.654531562], [33.9047468000208, 2196321.654531562], [34.342998600011924, 2021131.4775272661], [40.17050370000652, 1993957.3608268027], [40.56663760001538, 1986261.2068913758], [40.57570420001866, 1979416.8138667808], [47.485164600017015, 1954021.201508157], [58.667257499997504, 1954021.2015081563], [60.78089419999742, 1953935.962429248], [61.69886350000161, 1953504.553665074], [63.318489500001306, 1953401.9629170222], [63.80920680001145, 1951661.122177456], [65.06323420000263, 1951634.5327546084], [66.29536109999754, 1951632.6463789735]]",119.9554758,109.90625,0.916225368346211,False,78.3,606.70703125,2,,,,,6fb102a566458da78987,58.66693619999569,1954021.2015081563,276.0,276.0,9.0,"{""interior"": 69, ""fronteira"": 69, ""liberacao"": 69, ""regret"": 69, ""abertura"": 0}","{""interior"": 1, ""fronteira"": 1, ""liberacao"": 0, ""regret"": 4, ""abertura"": 0}",0.416187100490788,59.579733900143765,0.0,211.0,0.0,
olist_n150_m30_f1.5,olist,1.5002840909090909,30,150,hibridopl:rotacao,1956759.3184702527,True,-1,1,120.0,120.6355649,0.6355649000000057,1948425.134675559,1947677.2354184652,gap,"[[0.8317893999919761, 2437294.162572572], [9.849224599980516, 2204631.1531848097], [13.850616699986858, 2204631.1531848093], [24.713892799976747, 2204631.1531848093], [33.78619819995947, 2204631.1531848093], [34.26291179997497, 2021131.4775272661], [39.980760799953714, 2013161.4683118472], [57.026500999956625, 2008099.8373902217], [58.598265000007814, 2008099.8373902214], [59.60887259998708, 2004867.029011052], [59.62062460000743, 2003933.9629036281], [59.63497670000652, 2001019.0478760265], [59.854242400004296, 2000979.25712846], [60.6292306999967, 1984814.4666788043], [60.69871100000455, 1978120.1766066824], [61.12394699998549, 1977134.1105749495], [61.5948544999992, 1976761.735829077], [61.632347599981586, 1962381.805277958], [61.716636299999664, 1962127.0384819172], [63.0298714999808, 1962080.0212588785], [66.60586300000432, 1961950.6246262484], [66.6549992999935, 1961851.6351370101], [69.60923609999008, 1961188.124303743], [71.66882890000124, 1960511.4077019054], [73.49106649999158, 1960350.3711217954], [74.60335069999564, 1960118.0184215358], [76.65049149998231, 1960053.6495605446], [84.82548579998547, 1959628.2844577977], [89.60868959999061, 1957853.3164854194], [89.66233769999235, 1957262.3186451343], [90.6232755999954, 1957227.650440548], [91.35729569999967, 1957174.5481508002], [92.79117579999729, 1957000.8834855328], [93.23845800000709, 1956980.8288990483], [95.60905090000597, 1956816.5867962544], [95.7693301999825, 1956797.4825209538], [99.60377169999992, 1956759.3184702527]]",120.6355649,110.5,0.9159819501951866,False,76.4,775.69921875,4,,,,,6fb102a566458da78987,58.59802780000609,2008099.8373902214,226.0,226.0,56.0,"{""interior"": 57, ""fronteira"": 57, ""liberacao"": 56, ""regret"": 56, ""abertura"": 0}","{""interior"": 5, ""fronteira"": 8, ""liberacao"": 8, ""regret"": 7, ""abertura"": 0}",0.3104739999980666,61.65848259985796,0.0,62.0,0.0,
olist_n150_m30_f1.5,olist,1.5002840909090909,30,150,hibridopl:rotacao,1952197.2759974608,True,-1,2,120.0,120.0479513,0.047951299999994035,1948425.134675559,1947677.2354184652,gap,"[[0.6527693000098225, 2437294.162572572], [14.794655800011242, 2437294.1625725725], [24.183462600019993, 2207649.9020633423], [24.868447000015294, 2207649.902063342], [26.08323110002675, 2207649.9020633423], [32.726891600003, 2204574.069250681], [33.87523530001636, 2204574.069250681], [34.42056370002683, 2021131.4775272661], [40.251561900018714, 2006779.5194218364], [58.37361830001464, 1988695.594452584], [58.65806050001993, 1988695.5944525837], [59.88779930002056, 1988096.5519877416], [61.27431120001711, 1982391.4401159044], [61.3244247000257, 1974669.80906737], [61.344577400013804, 1974427.3476951097], [61.41835830002674, 1965916.3325948273], [61.834177300013835, 1965330.5098746275], [61.89437160000671, 1964376.6924717485], [62.78067980002379, 1959577.9070507926], [63.73608050000621, 1959279.074089257], [64.5194270000211, 1958823.0772100145], [64.73024060000898, 1958657.051204381], [65.65921990000061, 1957396.4327551154], [65.7380277000193, 1957338.8600229584], [65.77637050001067, 1956950.7783901596], [74.19707250001375, 1952216.7915065545], [86.66737970002578, 1952208.587290971], [90.66883770001004, 1952204.187363518], [107.66575700000976, 1952197.2759974608]]",120.0479513,106.265625,0.8851931569780983,True,78.2,577.2734375,4,,,,,6fb102a566458da78987,58.65781540001626,1988695.5944525837,300.0,300.0,54.0,"{""interior"": 75, ""fronteira"": 75, ""liberacao"": 75, ""regret"": 75, ""abertura"": 0}","{""interior"": 3, ""fronteira"": 4, ""liberacao"": 3, ""regret"": 8, ""abertura"": 0}",0.45866359979845583,59.647510499926284,0.0,154.0,0.0,
olist_n150_m30_f1.5,olist,1.5002840909090909,30,150,kernel,1949596.6810128833,True,-1,0,120.0,113.9849653,0.0,1948425.134675559,1947677.2354184652,gap,"[[0.7817566000157967, 2021131.4775272661], [6.592497400037246, 1993957.3608268027], [6.870899800036568, 1986261.2068913758], [6.876618500013137, 1979416.8138667808], [13.483788000012282, 1954021.201508157], [44.37932390003698, 1949596.6810128835]]",113.9849653,109.484375,0.9605159304285896,False,76.5,993.1640625,2,1459.0,,1.0,1.0,6fb102a566458da78987,,,,,,,,,,,,,0.07161390001419932
olist_n300_m60_f1.5,olist,1.5003727549983057,60,300,adaptativa:gnn,3534668.0460176165,True,0,0,120.0,117.0419317,0.0,3429875.932733478,3406317.500895966,gap,"[[3.57559630004107, 3859842.5371233416], [24.51799070002744, 3800665.397379051], [30.2016244000406, 3800665.3973790533], [51.59357560003991, 3800665.3973790533], [68.92360060001374, 3800665.3973790533], [70.66660200001206, 3552822.8974868916], [102.18980850002845, 3534668.0460176165]]",117.0419317,111.953125,0.9565215079238136,False,77.0,1027.3359375,2,8.0,False,1.0,4.0,6fb102a566458da78987,,,,,,,,,,,,,
olist_n300_m60_f1.5,olist,1.5003727549983057,60,300,adaptativa:pl,3534668.0460176165,True,-1,0,120.0,117.0505805,0.0,3429875.932733478,3406317.500895966,gap,"[[2.502227200049674, 5800997.550933388], [2.5299132000363898, 5794997.550933388], [23.330725400039228, 3685216.2810333124], [24.246483600029023, 3681731.025104602], [30.16839700003038, 3681731.025104602], [51.55730960005894, 3681731.025104602], [68.80893800003105, 3681731.025104602], [70.54980000003707, 3552822.8974868916], [101.59732350002741, 3534668.0460176165]]",117.0505805,111.765625,0.9548489595060146,False,76.7,898.28515625,6,9.0,False,1.0,4.0,6fb102a566458da78987,,,,,,,,,,,,,
olist_n300_m60_f1.5,olist,1.5003727549983057,60,300,completo,3534668.0460176165,True,-1,0,120.0,115.0311343,0.0,3429875.932733478,3406317.500895966,gap,"[[3.2008988999878056, 3552822.8974868916], [36.16914949999773, 3534668.0460176165]]",115.0311343,105.03125,0.9130680197074262,False,77.2,856.47265625,4,37.0,False,1.0,1.0,6fb102a566458da78987,,,,,,,,,,,,,
olist_n300_m60_f1.5,olist,1.5003727549983057,60,300,hibrido:rotacao,3447081.897185678,True,-1,0,120.0,120.077808,0.07780800000000454,3429875.932733478,3406317.500895966,gap,"[[3.011718599998858, 3859842.5371233416], [15.033132700016722, 3859842.537123341], [26.98811639996711, 3859842.537123341], [35.655445599986706, 3859842.537123341], [37.600878700002795, 3552822.8974868916], [59.05683980000322, 3552822.8974868916], [59.295212700002594, 3548659.864092688], [59.312734500010265, 3544421.583438683], [59.35114210002939, 3536322.3615184915], [59.985742000018945, 3533078.8002643837], [60.010345400020014, 3531324.3783229836], [60.106431000021985, 3517307.3828129475], [60.98234630000661, 3506566.173267753], [61.017304800014244, 3503681.813702231], [61.031092300021555, 3498866.8786691977], [61.08333590000984, 3496866.40948781], [61.112484000012046, 3496599.945916928], [61.17932350002229, 3496092.5003081816], [61.208656400005566, 3493865.283076123], [61.33107120002387, 3493099.006668211], [61.35376720002387, 3492390.688629049], [61.37076150000212, 3491284.797554246], [61.43786980002187, 3488418.0232815044], [61.96609670002363, 3482528.509827781], [62.13043530000141, 3479666.8728600796], [62.156611300015356, 3479598.3558210945], [62.91820120002376, 3477331.672452626], [63.01121800002875, 3477228.775517955], [63.078029500029515, 3475733.0402646214], [63.09602460000315, 3473520.891721491], [64.098931000015, 3471980.4850923903], [65.01821210002527, 3471910.829966592], [65.08643980001216, 3466417.5567552717], [65.14831230000709, 3466246.7279741606], [65.20908240001881, 3465247.027541131], [65.23102870001458, 3460577.09626327], [67.02695070000482, 3459145.3441997543], [67.04896480002208, 3452996.114165739], [67.13599960002466, 3451370.7135947193], [67.16148130001966, 3450746.2912881644], [68.97873410000466, 3449253.477993453], [69.21199640000123, 3448429.536422161], [69.25240570001188, 3447442.154758529], [69.81426310000825, 3447081.897185678]]",120.077808,108.90625,0.90696400787063,False,77.0,862.55078125,4,,,,,6fb102a566458da78987,59.056042700016405,3552822.8974868916,485.0,485.0,4.0,"{""interior"": 122, ""fronteira"": 121, ""liberacao"": 121, ""regret"": 121, ""abertura"": 0}","{""interior"": 8, ""fronteira"": 7, ""liberacao"": 11, ""regret"": 12, ""abertura"": 0}",1.1882208002789412,59.64919580015703,0.0,352.0,0.0,
olist_n300_m60_f1.5,olist,1.5003727549983057,60,300,hibrido:rotacao,3454161.135148313,True,-1,1,120.0,120.7321013,0.7321012999999965,3429875.932733478,3406317.500895966,gap,"[[2.2955597999389283, 3859842.5371233416], [15.73801899998216, 3859842.537123341], [25.39141109996126, 3859842.537123341], [34.101182799990056, 3859842.537123341], [35.68364659999497, 3552822.8974868916], [58.78779289999511, 3552822.8974868916], [58.84320179998758, 3542889.0863737473], [59.78525289997924, 3537729.5383186485], [59.82579199998872, 3534138.6050897394], [59.856990299973404, 3533546.714598056], [59.894379199977266, 3531674.0613278355], [60.0282924999774, 3519740.158624156], [60.75232759997016, 3515706.1299235914], [61.79999509998015, 3514987.3226095624], [61.822879899991676, 3511708.3928831955], [61.897590899985516, 3511406.562365243], [62.07497769998736, 3509202.7197264666], [62.09636529997806, 3506027.0696593695], [62.13735369997448, 3505958.552620385], [62.712554099969566, 3503848.219010212], [62.74661069997819, 3492048.0834570616], [62.7984689999721, 3490736.979663552], [62.85700339998584, 3488329.920914286], [62.86870139997336, 3486693.243033647], [63.80375819999608, 3482339.7121050293], [64.79967689997284, 3480152.6224409235], [64.90829059999669, 3479513.4676444847], [64.95713209998212, 3478294.809537477], [65.17009509998024, 3477791.8856829763], [65.37811509997118, 3477279.969277637], [65.4222643999965, 3476519.871004476], [65.50614509999286, 3475285.231927599], [65.66790499998024, 3475265.9551026244], [65.80572789997677, 3474525.6350266924], [69.72461779997684, 3468871.6012510285], [71.41765389998909, 3466983.334369335], [71.4453287999786, 3465877.4432945317], [71.53803879997577, 3465132.331648475], [72.88060649999534, 3464677.4840505547], [74.76868529999047, 3463827.649712459], [74.91666019998956, 3463656.8209313485], [76.73444349996862, 3462465.7430137005], [76.75191639998229, 3461971.935244076], [76.81631759999436, 3460652.5984197054], [79.73314439997193, 3459250.9787936667], [79.82946139998967, 3459215.5684191887], [80.80732139997417, 3457219.736289899], [82.73195959997247, 3456353.7503433903], [84.49143759999424, 3455912.430741215], [84.93815469997935, 3455711.403796069], [85.41538269998273, 3454599.4564149585], [87.6013011999894, 3454161.135148313]]",120.7321013,115.171875,0.9539457506319406,False,77.0,898.28515625,6,,,,,6fb102a566458da78987,58.787359599984484,3552822.8974868916,390.0,390.0,4.0,"{""interior"": 98, ""fronteira"": 98, ""liberacao"": 97, ""regret"": 97, ""abertura"": 0}","{""interior"": 13, ""fronteira"": 13, ""liberacao"": 10, ""regret"": 10, ""abertura"": 0}",0.8816422001109459,60.93170980011928,0.0,160.0,0.0,
olist_n300_m60_f1.5,olist,1.5003727549983057,60,300,hibrido:rotacao,3463850.648015106,True,-1,2,120.0,119.9673679,0.0,3429875.932733478,3406317.500895966,gap,"[[2.97624179997365, 3859842.5371233416], [16.229967399995076, 3859842.537123341], [26.661257499974454, 3859842.537123341], [35.546220999996876, 3859842.537123341], [37.31147099999362, 3552822.8974868916], [59.0207659000007, 3552822.8974868916], [59.16633599999477, 3548446.550018477], [59.17927650001366, 3547727.742704448], [59.216081299993675, 3544666.623559333], [59.27557359999628, 3540510.0117423683], [59.28974740000558, 3536271.731088363], [59.345574400009355, 3522938.534896955], [59.36788360000355, 3518715.1688731727], [59.39155530001153, 3516880.7234302144], [59.41349440001068, 3515209.414399741], [59.49947360000806, 3514293.9216908556], [59.53787810000358, 3511664.0377004608], [59.55101160000777, 3511267.935680836], [59.61380740001914, 3510900.6497953925], [59.74643830000423, 3508625.0412507253], [59.88708489999408, 3506752.387980505], [60.44014230000903, 3506120.8043233], [60.67630140000256, 3505994.108867905], [60.76058170001488, 3504875.937902557], [63.99081980000483, 3495704.3223768915], [64.53208230002201, 3491309.602642611], [65.18150249999599, 3490273.3041384122], [66.40711780000129, 3489467.810417709], [66.44433920001029, 3488505.3000585856], [67.12307190001593, 3488048.1437016325], [67.13918779999949, 3487656.472242903], [67.21345229999861, 3484165.47181686], [67.38906660000794, 3483940.7866466027], [70.09496760001639, 3480375.533402067], [70.25600860000122, 3479323.2471979214], [71.97303439999814, 3476443.5004407596], [72.05499840000994, 3476193.790675438], [72.26164080001763, 3474406.9949143743], [74.97096140001668, 3474059.2877509473], [75.17859460000182, 3473760.355924315], [79.97612510001636, 3471902.418533326], [82.3138603999978, 3470875.121254448], [82.67893049999839, 3470839.9880679203], [82.9713290000218, 3470019.9783384735], [83.17822920001345, 3469988.839537761], [83.31934820002061, 3466715.627149334], [86.93157240000437, 3463850.648015106]]",119.9673679,109.5,0.9127482074231621,False,76.5,856.47265625,4,,,,,6fb102a566458da78987,59.02052980000735,3552822.8974868916,334.0,334.0,4.0,"{""interior"": 84, ""fronteira"": 84, ""liberacao"": 83, ""regret"": 83, ""abertura"": 0}","{""interior"": 7, ""fronteira"": 10, ""liberacao"": 14, ""regret"": 10, ""abertura"": 0}",0.8114360996987671,59.99708719959017,0.0,139.0,0.0,
olist_n300_m60_f1.5,olist,1.5003727549983057,60,300,hibridopl:rotacao,3472247.036435229,True,-1,0,120.0,119.9766443,0.0,3429875.932733478,3406317.500895966,gap,"[[3.082901000016136, 5800997.550933388], [3.1239771000109613, 5794997.550933388], [16.11608440001146, 5794997.550933385], [26.523185800004285, 5794997.550933385], [35.7982121000241, 5794997.550933385], [37.55508710001595, 3552822.8974868916], [58.99918260000413, 3552822.8974868916], [59.12972080000327, 3548659.864092688], [59.14216490002582, 3544421.583438683], [59.162130300013814, 3536322.3615184915], [59.9812721000053, 3534567.9395770915], [60.06207010001526, 3520550.9440670554], [60.98864090000279, 3517666.584501533], [61.1237012000056, 3515439.367269475], [61.27998750002007, 3514333.4761946714], [61.331771200028015, 3511807.0198636493], [61.344453800003976, 3511410.9178440245], [61.95364690001588, 3506347.9220661656], [62.040261200017994, 3505246.554248568], [62.120954600017285, 3503842.6590411295], [62.26140060002217, 3501052.2871337226], [62.50699820002774, 3497724.4697247427], [62.57016200001817, 3495846.345224532], [62.583264100016095, 3493634.1966814017], [65.05866550002247, 3492010.2480654083], [65.11093620001338, 3491818.4862375115], [65.25482660002308, 3490278.079608411], [65.33870940000634, 3489898.263569377], [65.37673860002542, 3489178.1079926468], [65.42500810002093, 3488556.588381373], [65.89696550002554, 3486605.848799713], [66.95312950000516, 3486120.339771013], [67.0528966000129, 3483994.3479029806], [67.24215890001506, 3483956.6230238467], [67.40541800000938, 3481869.8411463387], [67.4513654000184, 3480870.1407133094], [67.58047200000146, 3480391.6648616046], [67.95447380002588, 3479719.8431060445], [69.9643765000219, 3478867.8838042845], [70.13746080000419, 3477108.6047946243], [70.16260610002792, 3476989.520154981], [70.28670020002755, 3476785.0498548322], [70.55599560000701, 3476424.7922819816], [73.29072110002744, 3475474.5600269213], [74.2921129000024, 3474163.163339612], [74.55494230001932, 3474039.2981993323], [74.62110370001756, 3472677.682189173], [74.77692580001894, 3472535.0159075237], [80.96643950001453, 3472386.059316306], [88.95568650000496, 3472371.5727378083], [90.95528490000288, 3472348.71484996], [93.01497980000568, 3472247.036435229]]",119.9766443,114.9375,0.9579989561351651,False,77.0,1027.3359375,2,,,,,6fb102a566458da78987,58.99871010001516,3552822.8974868916,394.0,394.0,4.0,"{""interior"": 99, ""fronteira"": 99, ""liberacao"": 98, ""regret"": 98, ""abertura"": 0}","{""interior"": 10, ""fronteira"": 9, ""liberacao"": 15, ""regret"": 11, ""abertura"": 0}",0.9259193000907544,59.908687300106976,0.0,165.0,0.0,
olist_n300_m60_f1.5,olist,1.5003727549983057,60,300,hibridopl:rotacao,3455649.888992075,True,-1,1,120.0,120.0811684,0.0811683999999957,3429875.932733478,3406317.500895966,gap,"[[2.5466215999622364, 5800997.550933388], [2.583085799968103, 5794997.550933388], [15.700496200006455, 5794997.550933385], [27.486730999982683, 5794997.550933385], [35.2383801000251, 5794997.550933385], [37.0471521000145, 3552822.8974868916], [59.061106899986044, 3552822.8974868916], [59.118643899972085, 3542889.0863737473], [60.04181329999119, 3537729.5383186485], [60.08875739999348, 3534138.6050897394], [60.125841199973365, 3533546.714598056], [60.169673399970634, 3531674.0613278355], [60.290240899979835, 3519740.158624156], [60.998386099992786, 3515706.1299235914], [62.06413139999495, 3514987.3226095624], [62.08880849997513, 3511708.3928831955], [62.18701419996796, 3511406.562365243], [62.46431089998805, 3509202.7197264666], [62.495970399992075, 3506027.0696593695], [62.55069929998717, 3505958.552620385], [62.98865479999222, 3505861.092129309], [63.01631599999382, 3504093.4775388353], [63.04299199997331, 3492293.341985685], [63.13739719998557, 3489886.283236419], [63.14975179999601, 3488249.6053557806], [66.12298719998216, 3486315.0932963607], [66.85159439998097, 3485960.43859149], [66.88372769998387, 3481606.9076628727], [67.00634459996945, 3480388.2495558653], [67.08732099996996, 3479885.325701365], [67.16131539997878, 3478068.3737051277], [67.34882719998132, 3477556.4572997876], [67.41152769999462, 3476796.3590266267], [67.6234597999719, 3476784.1124368524], [67.64502009996795, 3475549.473359975], [67.68820689996937, 3475343.2361562983], [68.03053189997445, 3475323.9593313243], [69.12621439999202, 3474583.639255392], [72.97986579997814, 3468544.4375830498], [74.97145509999245, 3466656.1707013557], [75.01851919997716, 3465550.2796265525], [75.13888769998448, 3464805.167980496], [77.2646187999926, 3464281.6469308166], [79.1211397999723, 3464277.628735928], [79.24808659998234, 3461828.9485512506], [79.30640479997965, 3461828.7023989726], [84.97243649998563, 3458110.2492392384], [85.02741219996824, 3458074.8388647605], [85.97922519998974, 3457396.6250276333], [87.6590638999769, 3456962.8633183315], [88.9986007999687, 3456761.8363731857], [89.5423715999932, 3455649.888992075]]",120.0811684,115.921875,0.9653626504853362,False,77.1,1027.3359375,2,,,,,6fb102a566458da78987,59.060858699987875,3552822.8974868916,377.0,377.0,4.0,"{""interior"": 95, ""fronteira"": 94, ""liberacao"": 94, ""regret"": 94, ""abertura"": 0}","{""interior"": 12, ""fronteira"": 12, ""liberacao"": 10, ""regret"": 11, ""abertura"": 0}",0.8928666002757382,59.98931050024112,0.0,160.0,0.0,
olist_n300_m60_f1.5,olist,1.5003727549983057,60,300,hibridopl:rotacao,3467576.8873074297,True,-1,2,120.0,120.2157304,0.2157303999999982,3429875.932733478,3406317.500895966,gap,"[[2.9071778000216, 5800997.550933388], [2.9304422000132035, 5794997.550933388], [16.062241600011475, 5794997.550933385], [26.734289800020633, 5794997.550933385], [35.52458500000648, 5794997.550933385], [37.514801000012085, 3552822.8974868916], [59.002813300001435, 3552822.8974868916], [59.12119080001139, 3548446.550018477], [59.133674000011524, 3547727.742704448], [59.17084900001646, 3544666.623559333], [59.890591200004565, 3540510.0117423683], [59.908182500017574, 3536271.731088363], [59.945035600016126, 3526574.5658163214], [59.97950600000331, 3522351.199792539], [60.0231498000212, 3520939.7060473403], [60.065479200013215, 3518413.2497163173], [60.093621300009545, 3514018.5299820374], [60.437111900013406, 3513386.946324832], [60.45158860000083, 3506236.517669918], [60.514102100016316, 3505944.9895515055], [60.609340300026815, 3503669.3810068388], [60.65339190000668, 3502488.888410957], [60.688157900003716, 3500616.235140736], [60.75933170001372, 3499890.1479778206], [61.13765080002486, 3497854.827939421], [61.155263900000136, 3497728.1324840267], [61.224116199999116, 3496609.961518679], [61.93197200002032, 3495692.2428814927], [63.00940130001982, 3494758.0099834614], [63.517003200016916, 3489124.243261618], [65.94728570000734, 3483743.6332738465], [68.05322920001345, 3482733.815240854], [69.12851140002022, 3482213.1860123407], [71.01512370002456, 3481707.306994167], [71.09527190000517, 3479389.5256906636], [72.95182260000729, 3477133.0567816845], [72.98466539999936, 3477011.6536881854], [73.19676650001202, 3474871.6538656023], [75.9448781000101, 3474589.5739343595], [76.9162834000017, 3473675.627296484], [80.94623550001415, 3470461.97765646], [83.09435220001615, 3470421.0496807015], [84.9436282000097, 3469436.430970452], [104.95989970001392, 3469293.6085246834], [104.99344040002325, 3468813.868555936], [109.4747747000074, 3468096.8953466755], [110.81613740001922, 3467576.8873074297]]",120.2157304,115.09375,0.9573934261102323,False,76.9,898.28515625,6,,,,,6fb102a566458da78987,59.00250170001527,3552822.8974868916,311.0,311.0,4.0,"{""interior"": 78, ""fronteira"": 78, ""liberacao"": 78, ""regret"": 77, ""abertura"": 0}","{""interior"": 8, ""fronteira"": 9, ""liberacao"": 16, ""regret"": 7, ""abertura"": 0}",0.7531864001066424,60.338933399820235,0.0,82.0,0.0,
olist_n300_m60_f1.5,olist,1.5003727549983057,60,300,kernel,3456429.3840818154,True,-1,0,120.0,116.0446161,0.0,3429875.932733478,3406317.500895966,gap,"[[2.4069998000049964, 3529919.271087735], [23.616251100000227, 3496112.359367641], [23.746250399999553, 3456622.0909761675], [23.76134280001861, 3456429.384081813], [30.393094200000633, 3456429.384081813]]",116.0446161,111.40625,0.9600294588763778,False,76.8,898.28515625,6,30.0,,0.7666666666666667,2.0,6fb102a566458da78987,,,,,,,,,,,,,0.3819301000039559
olist_n600_m100_f1.5,olist,1.5005549510337324,100,600,adaptativa:gnn,5079062.903239259,True,0,0,120.0,116.9399594,0.0,4777882.616525572,4621928.4582937285,gap,"[[101.36087709999993, 5079062.903239259]]",116.9399594,106.5625,0.911258226415974,False,77.5,1378.02734375,4,2.0,False,1.0,4.0,6fb102a566458da78987,,,,,,,,,,,,,
olist_n600_m100_f1.5,olist,1.5005549510337324,100,600,adaptativa:pl,5079062.903239259,True,-1,0,120.0,117.9995852,0.0,4777882.616525572,4621928.4582937285,gap,"[[30.938119300000835, 5340162.697323691], [33.456979600014165, 5340162.697323695], [55.467172000033315, 5340162.697323695], [72.47163790004561, 5340162.697323695], [103.57622980003362, 5079062.903239259]]",117.9995852,108.0,0.9152574546507812,False,77.8,1378.02734375,4,2.0,False,1.0,4.0,6fb102a566458da78987,,,,,,,,,,,,,
olist_n600_m100_f1.5,olist,1.5005549510337324,100,600,completo,5079062.903239259,True,-1,0,120.0,114.3993404,0.0,4777882.616525572,4621928.4582937285,gap,"[[40.367634099995485, 5079062.903239259]]",114.3993404,104.140625,0.9103253972957348,False,77.3,1259.18359375,4,1.0,False,1.0,1.0,6fb102a566458da78987,,,,,,,,,,,,,
olist_n600_m100_f1.5,olist,1.5005549510337324,100,600,hibrido:rotacao,4673633.224879979,True,-1,0,120.0,119.984927,0.0,4777882.616525572,4621928.4582937285,gap,"[[58.8151790999691, 4710605.924058886], [59.65074179996736, 4710059.804729608], [59.667664199951105, 4704149.3097495735], [59.830881499976385, 4703112.4826188935], [59.88117049995344, 4700528.421773981], [61.79424609997659, 4695004.514435042], [63.80739569995785, 4694945.891589741], [64.12901169995894, 4694914.900187539], [64.25376659995527, 4694158.673132988], [66.1082158999634, 4693825.32335051], [66.23096679995069, 4693315.365156106], [66.79505749995587, 4692859.051200234], [67.48734189997776, 4692034.0230421815], [67.80403249996016, 4691917.125365764], [69.79310209996765, 4691717.124830984], [70.12636149997707, 4691669.448404517], [70.4418928999512, 4691539.517720868], [75.2975310999609, 4689414.223991159], [77.80165379995015, 4684271.6069852505], [77.91187729994999, 4684089.637429598], [79.79318289997173, 4679221.19298679], [81.78508319996763, 4676203.839721303], [81.83903629996348, 4675788.526951844], [82.173980499967, 4674910.314007875], [83.79491649995907, 4674792.371420193], [84.45611359996838, 4674209.163242271], [96.3345819999522, 4673721.858198982], [98.78806309995707, 4673633.224879979]]",119.984927,114.671875,0.9557190046046368,False,77.3,1314.1875,6,,,,,6fb102a566458da78987,58.80585789997713,inf,410.0,410.0,0.0,"{""interior"": 103, ""fronteira"": 103, ""liberacao"": 102, ""regret"": 102, ""abertura"": 0}","{""interior"": 2, ""fronteira"": 18, ""liberacao"": 5, ""regret"": 2, ""abertura"": 0}",2.4793440997309517,58.44184400024824,0.0,126.0,0.0,
olist_n600_m100_f1.5,olist,1.5005549510337324,100,600,hibrido:rotacao,4683248.563763087,True,-1,1,120.0,119.9588757,0.0,4777882.616525572,4621928.4582937285,gap,"[[59.004702600010205, 4710605.924058886], [59.165050800016616, 4710423.9545032345], [59.9865764999995, 4707770.147041356], [60.12561440002173, 4704607.696342988], [60.17752720002318, 4704490.79866657], [60.802341100003105, 4703787.860197106], [62.95342220002203, 4699791.766796548], [62.975914800015744, 4697902.60996041], [63.0926367000211, 4697392.651766006], [63.171635200007586, 4696948.132828147], [63.21466620001593, 4694921.538678721], [63.44143790000817, 4694894.150593354], [63.50826220001909, 4694525.015377081], [63.86801210002159, 4694050.250857916], [64.97107280002092, 4693593.936902044], [65.94365370000014, 4691877.675256848], [65.97387940000044, 4691829.998830381], [66.06306700001005, 4691152.692366637], [67.81518750000396, 4688138.906666608], [67.90926100002252, 4687629.248106685], [69.9582042999973, 4684994.555717549], [70.29896730001201, 4684918.521394026], [70.79438880001544, 4684859.89294737], [71.94688370000222, 4684751.7081208015], [74.0916023000027, 4684748.832863084], [75.83267750000232, 4684370.064121656], [78.94255490001524, 4684318.0175248105], [82.35139620001428, 4684317.263543309], [86.94356830001925, 4684198.739393508], [86.97761000000173, 4684167.386181288], [97.94210090002161, 4684113.571158381], [104.93654190000962, 4683652.74852283], [105.01283280001371, 4683458.360463919], [113.60007010001573, 4683248.563763087]]",119.9588757,115.40625,0.962048446407705,False,77.5,1027.3359375,2,,,,,6fb102a566458da78987,58.986616000009235,inf,310.0,310.0,0.0,"{""interior"": 78, ""fronteira"": 78, ""liberacao"": 77, ""regret"": 77, ""abertura"": 0}","{""interior"": 5, ""fronteira"": 14, ""liberacao"": 13, ""regret"": 1, ""abertura"": 0}",1.8394595999270678,58.86946119987988,0.0,57.0,0.0,
olist_n600_m100_f1.5,olist,1.5005549510337324,100,600,hibrido:rotacao,4684178.399246801,True,-1,2,120.0,119.9924977,0.0,4777882.616525572,4621928.4582937285,gap,"[[58.97674610000104, 4710605.924058886], [60.02368780001416, 4708021.863213975], [60.20004950001021, 4707511.90501957], [60.21747279999545, 4707388.921793305], [60.95231739999144, 4701821.960035387], [60.97697980000521, 4695911.465055353], [63.959223599988036, 4694358.834193228], [66.02801310000359, 4694176.864637576], [66.22898089999217, 4694041.015728492], [66.39637199998833, 4693993.339302026], [66.45401720001246, 4693782.905224313], [66.94912460001069, 4693408.580902066], [68.9480426000082, 4691005.607060883], [68.98747910000384, 4690461.273880917], [70.19444570000633, 4689894.1843205355], [71.13921839999966, 4689761.2110367585], [73.95218369999202, 4689641.800947182], [78.06273370000417, 4689185.4869913105], [81.95853130001342, 4687687.943549778], [83.9491207000101, 4687674.4552094415], [85.95675690000644, 4684784.848225502], [86.09271190001164, 4684753.809928944], [89.1693043000123, 4684668.009605634], [90.9601144999906, 4684646.163588098], [92.95200270001078, 4684457.398771314], [107.20800670000608, 4684295.296923219], [116.10625330000767, 4684178.399246801]]",119.9924977,114.5625,0.954747189998696,False,77.6,924.62890625,6,,,,,6fb102a566458da78987,58.968256699998165,inf,390.0,390.0,0.0,"{""interior"": 98, ""fronteira"": 98, ""liberacao"": 97, ""regret"": 97, ""abertura"": 0}","{""interior"": 6, ""fronteira"": 13, ""liberacao"": 6, ""regret"": 1, ""abertura"": 0}",2.260034000093583,58.495811600005254,0.0,115.0,0.0,
olist_n600_m100_f1.5,olist,1.5005549510337324,100,600,hibridopl:rotacao,4673564.994813304,True,-1,0,120.0,119.9534774,0.0,4777882.616525572,4621928.4582937285,gap,"[[58.96978909999598, 4710605.924058886], [59.88797219999833, 4710080.4753017835], [59.91032300001825, 4704169.980321749], [60.099267100013094, 4703660.022127345], [60.16957120000734, 4702623.194996665], [60.23568250000244, 4700039.134151753], [61.93445120000979, 4694515.226812813], [63.910813399998005, 4694456.603967514], [64.16562630000408, 4694425.612565313], [64.25182860001223, 4693669.385510759], [64.77985770002124, 4692844.357352707], [64.91215410002042, 4692714.426669057], [65.92762880001101, 4692258.112713186], [66.94994849999784, 4692141.215036768], [68.91090290001011, 4691941.214501988], [69.27637390000746, 4691893.538075522], [74.95469360001152, 4689768.244345813], [76.8949289000011, 4684625.627339903], [76.9787539000099, 4684443.6577842515], [78.90483860002132, 4679575.213341444], [79.0157756000117, 4679522.224886761], [79.29400510000414, 4679228.609680526], [80.89991470001405, 4676211.256415039], [80.9491074999969, 4675795.94364558], [81.25962749999599, 4674917.73070161], [82.90327710000565, 4674820.427712202], [83.48037299999851, 4674237.219534281], [88.8891644999967, 4674052.299856594], [94.15397440001834, 4673564.994813304]]",119.9534774,115.46875,0.9626127770765235,False,77.6,1027.3359375,2,,,,,6fb102a566458da78987,58.95580340002198,inf,423.0,423.0,0.0,"{""interior"": 106, ""fronteira"": 106, ""liberacao"": 106, ""regret"": 105, ""abertura"": 0}","{""interior"": 3, ""fronteira"": 18, ""liberacao"": 5, ""regret"": 2, ""abertura"": 0}",2.4328476003720425,58.27562820006278,0.0,142.0,0.0,
olist_n600_m100_f1.5,olist,1.5005549510337324,100,600,hibridopl:rotacao,4677982.8284405405,True,-1,1,120.0,120.6717032,0.6717031999999961,4777882.616525572,4621928.4582937285,gap,"[[58.95479840002372, 4710605.924058886], [59.210276600002544, 4710423.9545032345], [59.928364899998996, 4707770.147041356], [60.03039990001707, 4704607.696342988], [60.080022800015286, 4704490.79866657], [60.572456599998986, 4703787.860197106], [60.736551500012865, 4703277.902002702], [60.913590600015596, 4701388.745166563], [61.07502220000606, 4700944.226228705], [61.11444730000221, 4698917.632079278], [61.300390700023854, 4698890.243993912], [61.37790120000136, 4698521.1087776385], [61.72455600000103, 4698046.344258474], [62.92482090002159, 4697590.030302602], [63.24207690000185, 4695492.12465826], [63.274488900002325, 4695444.448231793], [63.36486800000421, 4694767.141768049], [64.88986320002005, 4691753.356068019], [64.97308840000187, 4691243.697508097], [66.92751649999991, 4688609.0051189605], [67.18561710001086, 4688532.970795437], [67.53718610000215, 4688474.342348782], [68.89247020002222, 4684357.129067063], [78.91204580001067, 4683492.751274595], [79.29017960000783, 4683491.997293092], [83.90313350001816, 4683373.473143292], [85.72084420002648, 4683342.119931072], [91.60000900001614, 4682757.371544241], [91.62247630002094, 4682388.440584177], [95.10843120000209, 4682388.304363624], [102.88965150000877, 4681927.481728073], [103.48932040002546, 4681743.979558917], [103.59232429999975, 4681712.29690482], [103.6427238000033, 4681517.908845908], [103.85027439999976, 4678625.088538313], [109.78424700000323, 4678209.775768854], [109.91905470000347, 4677982.8284405405]]",120.6717032,110.046875,0.9119526125989079,False,77.1,929.40234375,4,,,,,6fb102a566458da78987,58.937623400008306,inf,311.0,311.0,0.0,"{""interior"": 78, ""fronteira"": 78, ""liberacao"": 78, ""regret"": 77, ""abertura"": 0}","{""interior"": 6, ""fronteira"": 15, ""liberacao"": 12, ""regret"": 3, ""abertura"": 0}",1.8088944002229255,59.58546560033574,0.0,41.0,0.0,
olist_n600_m100_f1.5,olist,1.5005549510337324,100,600,hibridopl:rotacao,4683727.695410996,True,-1,2,120.0,120.0438826,0.043882600000003436,4777882.616525572,4621928.4582937285,gap,"[[58.036158899980364, 4710605.924058886], [59.05153979998431, 4708021.863213975], [59.24071409998578, 4707511.90501957], [59.26102209999226, 4707388.921793305], [59.97341219999362, 4701821.960035387], [59.99437119998038, 4695911.465055353], [62.98582559998613, 4694358.834193228], [65.07202209997922, 4694176.864637576], [65.29557329998352, 4694041.015728492], [65.4084369999764, 4693993.339302026], [65.46896359999664, 4693782.905224313], [65.9736701999791, 4692957.87706626], [67.9709501999896, 4690554.903225077], [68.01747639998212, 4690010.570045112], [69.32428719999734, 4689443.480484731], [70.16399579998688, 4689310.507200953], [72.97395419998793, 4689191.097111376], [77.08938649998163, 4688734.783155505], [80.9702606999781, 4687237.239713972], [82.98390059999656, 4687223.751373636], [84.98050299999886, 4684334.144389696], [85.15235089999624, 4684303.106093139], [88.22181309998268, 4684217.305769829], [89.980909099977, 4684195.459752292], [91.97760980000021, 4684006.694935508], [106.21803969997563, 4683844.593087413], [115.15672249998897, 4683727.695410996]]",120.0438826,115.59375,0.9629291180557,False,77.5,1027.3359375,2,,,,,6fb102a566458da78987,58.02486829998088,inf,390.0,390.0,0.0,"{""interior"": 98, ""fronteira"": 98, ""liberacao"": 97, ""regret"": 97, ""abertura"": 0}","{""interior"": 6, ""fronteira"": 13, ""liberacao"": 6, ""regret"": 1, ""abertura"": 0}",2.2568839996820316,59.46043799983454,0.0,115.0,0.0,
olist_n600_m100_f1.5,olist,1.5005549510337324,100,600,kernel,5079062.903239259,True,-1,0,120.0,116.1693542,0.0,4777882.616525572,4621928.4582937285,gap,"[[68.05828490000567, 5079062.903239259]]",116.1693542,110.8125,0.9538875442935018,False,77.8,1191.359375,6,2.0,,0.99,2.0,6fb102a566458da78987,,,,,,,,,,,,,2.006567400007043
olist_n850_m150_f1.5,olist,1.5007359343256355,150,850,adaptativa:gnn,inf,False,0,0,120.0,117.9226556,0.0,5395612.072423817,5171490.301710468,gap,[],117.9226556,113.546875,0.9628927912305258,False,77.3,1562.28515625,6,0.0,False,1.0,4.0,6fb102a566458da78987,,,,,,,,,,,,,
olist_n850_m150_f1.5,olist,1.5007359343256355,150,850,adaptativa:pl,inf,False,-1,0,120.0,117.981913,0.0,5395612.072423817,5171490.301710468,gap,[],117.981913,108.78125,0.922016326349955,False,77.3,1556.18359375,4,0.0,False,1.0,4.0,6fb102a566458da78987,,,,,,,,,,,,,
olist_n850_m150_f1.5,olist,1.5007359343256355,150,850,completo,5730220.967858491,True,-1,0,120.0,114.151386,0.0,5395612.072423817,5171490.301710468,gap,"[[81.54763390001608, 5730220.967858491]]",114.151386,109.28125,0.9573361641005392,False,79.7,1668.94921875,6,1.0,False,1.0,1.0,6fb102a566458da78987,,,,,,,,,,,,,
olist_n850_m150_f1.5,olist,1.5007359343256355,150,850,hibrido:rotacao,5244522.545639638,True,-1,0,120.0,119.9629977,0.0,5395612.072423817,5171490.301710468,gap,"[[58.87421949999407, 5269462.882271768], [59.07196070000646, 5269346.482639571], [59.112646499997936, 5266767.554152228], [59.19687290000729, 5266729.291838771], [59.221847900014836, 5264830.688458037], [59.34034260001499, 5262970.1025569085], [59.38699070000439, 5259153.0925559765], [59.48952860001009, 5255778.863287057], [59.821782899991376, 5252817.074139943], [60.40690450000693, 5252742.522566875], [61.836072600010084, 5248264.9371006265], [62.122653600003105, 5248164.782527762], [62.48525090000476, 5248150.471465735], [62.655905699997675, 5247729.474011458], [63.17827269999543, 5247490.027491055], [65.72631520000868, 5247138.618999869], [69.79124170000432, 5247029.164251734], [69.83246159998816, 5246890.469294561], [71.80594089999795, 5246033.627371628], [71.88656320000882, 5245863.144157454], [72.24036950001027, 5245839.682173187], [72.37938160001067, 5245278.835952416], [72.78984700000728, 5244791.547727343], [72.82543560001068, 5244672.649667243], [75.97756369999843, 5244523.395946], [82.14921390000382, 5244522.545639638]]",119.9629977,115.125,0.9596709169264116,False,76.8,1344.1171875,6,,,,,6fb102a566458da78987,58.85507069999585,inf,748.0,748.0,0.0,"{""interior"": 187, ""fronteira"": 187, ""liberacao"": 187, ""regret"": 187, ""abertura"": 0}","{""interior"": 4, ""fronteira"": 11, ""liberacao"": 10, ""regret"": 0, ""abertura"": 0}",11.449446599755902,49.23957229961525,0.0,371.0,0.0,
olist_n850_m150_f1.5,olist,1.5007359343256355,150,850,hibrido:rotacao,5247377.029833008,True,-1,1,120.0,120.7086622,0.7086622000000062,5395612.072423817,5171490.301710468,gap,"[[58.80768569998327, 5269462.882271768], [58.9794265999808, 5269279.943521107], [59.06245530000888, 5267154.823566757], [59.179328300000634, 5264891.670222638], [59.270480599981965, 5263244.097677765], [59.32293659998686, 5263172.761931819], [59.48265329998685, 5261274.158551084], [59.56979290000163, 5259675.327113457], [59.735894899989944, 5259622.853525003], [59.94715749999159, 5259590.960770164], [60.4702443999995, 5258736.947967581], [60.69748719999916, 5258663.357807687], [60.765109400002984, 5258306.515920444], [60.82603699999163, 5254489.505919513], [62.75731449999148, 5248260.985995977], [63.22251719998894, 5248260.024582801], [64.14413440000499, 5248187.012841215], [64.32141609999235, 5248182.524785006], [67.84831440000562, 5248082.777718492], [70.02021459999378, 5247871.573743544], [74.70826439998928, 5247420.409014937], [96.6972386999987, 5247377.029833008]]",120.7086622,117.40625,0.9726414646653254,False,51.7,1893.1015625,2,,,,,6fb102a566458da78987,58.7742098000017,inf,937.0,937.0,0.0,"{""interior"": 235, ""fronteira"": 234, ""liberacao"": 234, ""regret"": 234, ""abertura"": 0}","{""interior"": 9, ""fronteira"": 4, ""liberacao"": 8, ""regret"": 0, ""abertura"": 0}",11.290048700408079,50.23315200029174,0.0,495.0,0.0,
olist_n850_m150_f1.5,olist,1.5007359343256355,150,850,hibrido:rotacao,5245359.855299216,True,-1,2,120.0,119.9698176,0.0,5395612.072423817,5171490.301710468,gap,"[[60.006414900009986, 5269462.882271768], [60.28877449998981, 5268608.869469184], [60.34857339999871, 5266596.197898531], [60.378606599988416, 5264697.594517797], [60.57991709999624, 5262572.474563448], [60.735365500004264, 5260924.902018576], [60.86457999999402, 5258653.4845973], [61.06154890000471, 5258621.59184246], [61.31382489998941, 5258425.899374836], [61.35170490000746, 5258354.563628889], [61.435934000008274, 5258227.049489586], [61.6530109999876, 5258052.78919889], [62.09385750000365, 5257733.963656505], [62.294838500005426, 5257729.475600295], [62.60003689999576, 5255783.026746625], [62.83322380000027, 5255639.641160844], [63.029623499984154, 5254184.195308998], [64.96433469999465, 5248247.973201831], [65.03093219999573, 5248173.421628762], [66.05733869998949, 5247962.217653814], [67.25711189999129, 5247947.906591785], [76.93450199998915, 5247804.839293718], [82.93237609998323, 5247574.553033676], [87.47706360000302, 5246313.08488336], [88.20940049999626, 5246130.867686498], [88.26297730000806, 5246118.209283922], [92.92331099999137, 5246106.559516143], [93.40690209998866, 5245641.323710372], [94.40049900001031, 5245627.864368607], [94.86201670000446, 5245616.05361878], [96.56617179999012, 5245392.522064933], [97.19530749999103, 5245378.09081602], [111.95319840000593, 5245362.477041006], [112.76496440000483, 5245359.855299216]]",119.9698176,108.609375,0.9053058275217383,False,79.6,1572.09375,4,,,,,6fb102a566458da78987,59.98918050000793,inf,631.0,631.0,0.0,"{""interior"": 158, ""fronteira"": 158, ""liberacao"": 158, ""regret"": 157, ""abertura"": 0}","{""interior"": 9, ""fronteira"": 9, ""liberacao"": 15, ""regret"": 0, ""abertura"": 0}",11.193414200184634,48.2715525997628,0.0,185.0,0.0,
olist_n850_m150_f1.5,olist,1.5007359343256355,150,850,hibridopl:rotacao,5244522.545639638,True,-1,0,120.0,120.0645181,0.0645181000000008,5395612.072423817,5171490.301710468,gap,"[[59.05722899999819, 5269462.882271768], [59.37480109999888, 5269346.482639571], [59.41652249998879, 5266767.554152228], [59.50212869999814, 5266729.291838771], [59.530422300013015, 5264830.688458037], [59.61674339999445, 5262970.1025569085], [59.651915599999484, 5259153.0925559765], [59.773672700015595, 5255778.863287057], [60.01068189999205, 5252817.074139943], [60.75229790000594, 5252742.522566875], [62.03425060000154, 5248264.9371006265], [62.48097370000323, 5248164.782527762], [62.99733420001576, 5248150.471465735], [63.168777799990494, 5247729.474011458], [63.61373499999172, 5247490.027491055], [65.52029109999421, 5247138.618999869], [68.92467579999357, 5247031.075457584], [68.97955759998877, 5246892.380500412], [70.92890999998781, 5246033.627371628], [71.02885669999523, 5245863.144157454], [71.42631830001483, 5245839.682173187], [71.56406840001, 5245278.835952416], [72.01010449999012, 5244791.547727343], [72.04495040001348, 5244672.649667243], [74.79213079999317, 5244523.395946], [78.47503130001132, 5244522.545639638]]",120.0645181,115.71875,0.9638047262524264,False,76.8,1332.21484375,2,,,,,6fb102a566458da78987,59.030609100009315,inf,787.0,787.0,0.0,"{""interior"": 197, ""fronteira"": 197, ""liberacao"": 197, ""regret"": 196, ""abertura"": 0}","{""interior"": 4, ""fronteira"": 11, ""liberacao"": 10, ""regret"": 0, ""abertura"": 0}",11.9651524994988,48.531524199963314,0.0,418.0,0.0,
olist_n850_m150_f1.5,olist,1.5007359343256355,150,850,hibridopl:rotacao,5247377.029833008,True,-1,1,120.0,119.9617784,0.0,5395612.072423817,5171490.301710468,gap,"[[58.95500999997603, 5269462.882271768], [59.21067959998618, 5269279.943521107], [59.403671199979726, 5267154.823566757], [59.64222690000315, 5264891.670222638], [59.828167600004235, 5263244.097677765], [59.91380290000234, 5263172.761931819], [60.075632599997334, 5261274.158551084], [60.203775599977234, 5259675.327113457], [60.40796469998895, 5259622.853525003], [60.62754039998981, 5259590.960770164], [61.25461439997889, 5258736.947967581], [61.60571989999153, 5258662.396394512], [61.758609799988335, 5258305.554507269], [61.830928199982736, 5254488.5445063375], [64.11108099998091, 5248260.024582801], [65.77049529997748, 5248187.012841215], [66.00305489997845, 5248182.524785006], [70.68750989998807, 5248082.777718492], [73.59347799999523, 5247871.573743544], [103.88348359998781, 5247662.927350203], [117.87221819997649, 5247377.029833008]]",119.9617784,109.8125,0.9153957324127165,False,76.7,1378.02734375,4,,,,,6fb102a566458da78987,58.93724239998846,inf,755.0,755.0,0.0,"{""interior"": 189, ""fronteira"": 189, ""liberacao"": 189, ""regret"": 188, ""abertura"": 0}","{""interior"": 8, ""fronteira"": 4, ""liberacao"": 8, ""regret"": 0, ""abertura"": 0}",11.742069000232732,48.815873999817995,0.0,385.0,0.0,
olist_n850_m150_f1.5,olist,1.5007359343256355,150,850,hibridopl:rotacao,5245090.675280776,True,-1,2,120.0,119.9661163,0.0,5395612.072423817,5171490.301710468,gap,"[[59.969782100000884, 5269462.882271768], [60.260489400010556, 5268608.869469184], [60.34505030000582, 5266596.197898531], [60.387842700001784, 5264697.594517797], [60.61706160000176, 5262572.474563448], [60.737325499998406, 5260924.902018576], [60.850979500013636, 5258653.4845973], [60.899034600006416, 5258613.378199305], [61.06159739999566, 5258581.485444466], [61.34538499999326, 5258385.792976841], [61.38426170000457, 5258314.457230894], [61.45889559999341, 5258186.943091592], [61.570401000004495, 5258012.6828008965], [61.81885810001404, 5257733.963656505], [61.969477400009055, 5257729.475600295], [62.24520860001212, 5255783.026746625], [62.473775099992054, 5255639.641160844], [62.804163799999515, 5254184.195308998], [64.54579959998955, 5248247.973201831], [64.61746060001315, 5248173.421628762], [64.99593340000138, 5247962.217653814], [66.18350770001416, 5247947.906591785], [72.87631190000684, 5247453.362681249], [75.79205099999672, 5247310.295383182], [85.56956860001083, 5246048.827232866], [86.1115226999973, 5245866.610036004], [86.14455860000453, 5245853.951633427], [90.86219230000279, 5245842.301865649], [91.44063040000037, 5245377.066059878], [92.29746629999136, 5245363.606718114], [92.89218080000137, 5245351.795968287], [94.63401810001233, 5245128.264414439], [95.28847219998715, 5245113.833165526], [109.76179129999946, 5245090.675280776]]",119.9661163,115.25,0.9606879305135929,False,77.3,1550.82421875,2,,,,,6fb102a566458da78987,59.93391160000465,inf,653.0,653.0,0.0,"{""interior"": 164, ""fronteira"": 163, ""liberacao"": 163, ""regret"": 163, ""abertura"": 0}","{""interior"": 9, ""fronteira"": 10, ""liberacao"": 14, ""regret"": 0, ""abertura"": 0}",10.380951699975412,49.14313230034895,0.0,191.0,0.0,
olist_n850_m150_f1.5,olist,1.5007359343256355,150,850,kernel,5730220.967858491,True,-1,0,120.0,116.1878207,0.0,5395612.072423817,5171490.301710468,gap,"[[110.23005150002427, 5730220.967858491]]",116.1878207,111.875,0.9628806128386226,False,80.0,1633.671875,2,1.0,,0.96,2.0,6fb102a566458da78987,,,,,,,,,,,,,3.276973600004567
