tabela,tipo_carga,eixos,ccd_rs_km,cc_rs,resolucao,fonte_url,coletado_em,sha256_bronze,verificado_oficial
A,carga_geral,2,3.9826,451.84,ANTT 6.084/2026,https://anttlegis.antt.gov.br/action/ActionDatalegis.php?acao=abrirTextoAto&tipo=RES&numeroAto=00006084&seqAto=000&valorAno=2026&orgao=DG/ANTT/MT&cod_modulo=623&cod_menu=9230,2026-09-30T19:21:46+00:00,317ca93ea1eefce4767b5f1a59991040045316ed82d45dd3d05a6f19155bcf0c,True
A,carga_geral,3,5.0977,541.86,ANTT 6.084/2026,https://anttlegis.antt.gov.br/action/ActionDatalegis.php?acao=abrirTextoAto&tipo=RES&numeroAto=00006084&seqAto=000&valorAno=2026&orgao=DG/ANTT/MT&cod_modulo=623&cod_menu=9230,2026-09-30T19:21:46+00:00,317ca93ea1eefce4767b5f1a59991040045316ed82d45dd3d05a6f19155bcf0c,True
A,carga_geral,4,5.7822,588.86,ANTT 6.084/2026,https://anttlegis.antt.gov.br/action/ActionDatalegis.php?acao=abrirTextoAto&tipo=RES&numeroAto=00006084&seqAto=000&valorAno=2026&orgao=DG/ANTT/MT&cod_modulo=623&cod_menu=9230,2026-09-30T19:21:46+00:00,317ca93ea1eefce4767b5f1a59991040045316ed82d45dd3d05a6f19155bcf0c,True
A,carga_geral,5,6.6718,657.56,ANTT 6.084/2026,https://anttlegis.antt.gov.br/action/ActionDatalegis.php?acao=abrirTextoAto&tipo=RES&numeroAto=00006084&seqAto=000&valorAno=2026&orgao=DG/ANTT/MT&cod_modulo=623&cod_menu=9230,2026-09-30T19:21:46+00:00,317ca93ea1eefce4767b5f1a59991040045316ed82d45dd3d05a6f19155bcf0c,True
A,carga_geral,6,7.3547,671.93,ANTT 6.084/2026,https://anttlegis.antt.gov.br/action/ActionDatalegis.php?acao=abrirTextoAto&tipo=RES&numeroAto=00006084&seqAto=000&valorAno=2026&orgao=DG/ANTT/MT&cod_modulo=623&cod_menu=9230,2026-09-30T19:21:46+00:00,317ca93ea1eefce4767b5f1a59991040045316ed82d45dd3d05a6f19155bcf0c,True
A,carga_geral,7,8.0927,831.66,ANTT 6.084/2026,https://anttlegis.antt.gov.br/action/ActionDatalegis.php?acao=abrirTextoAto&tipo=RES&numeroAto=00006084&seqAto=000&valorAno=2026&orgao=DG/ANTT/MT&cod_modulo=623&cod_menu=9230,2026-09-30T19:21:46+00:00,317ca93ea1eefce4767b5f1a59991040045316ed82d45dd3d05a6f19155bcf0c,True
A,carga_geral,9,9.2027,903.32,ANTT 6.084/2026,https://anttlegis.antt.gov.br/action/ActionDatalegis.php?acao=abrirTextoAto&tipo=RES&numeroAto=00006084&seqAto=000&valorAno=2026&orgao=DG/ANTT/MT&cod_modulo=623&cod_menu=9230,2026-09-30T19:21:46+00:00,317ca93ea1eefce4767b5f1a59991040045316ed82d45dd3d05a6f19155bcf0c,True
A,carga_granel_pressurizada,5,7.0364,757.81,ANTT 6.084/2026,https://anttlegis.antt.gov.br/action/ActionDatalegis.php?acao=abrirTextoAto&tipo=RES&numeroAto=00006084&seqAto=000&valorAno=2026&orgao=DG/ANTT/MT&cod_modulo=623&cod_menu=9230,2026-09-30T19:21:46+00:00,317ca93ea1eefce4767b5f1a59991040045316ed82d45dd3d05a6f19155bcf0c,True
A,carga_granel_pressurizada,6,7.7652,784.82,ANTT 6.084/2026,https://anttlegis.antt.gov.br/action/ActionDatalegis.php?acao=abrirTextoAto&tipo=RES&numeroAto=00006084&seqAto=000&valorAno=2026&orgao=DG/ANTT/MT&cod_modulo=623&cod_menu=9230,2026-09-30T19:21:46+00:00,317ca93ea1eefce4767b5f1a59991040045316ed82d45dd3d05a6f19155bcf0c,True
A,carga_granel_pressurizada,9,9.7444,1052.26,ANTT 6.084/2026,https://anttlegis.antt.gov.br/action/ActionDatalegis.php?acao=abrirTextoAto&tipo=RES&numeroAto=00006084&seqAto=000&valorAno=2026&orgao=DG/ANTT/MT&cod_modulo=623&cod_menu=9230,2026-09-30T19:21:46+00:00,317ca93ea1eefce4767b5f1a59991040045316ed82d45dd3d05a6f19155bcf0c,True
A,conteinerizada,3,5.1082,544.75,ANTT 6.084/2026,https://anttlegis.antt.gov.br/action/ActionDatalegis.php?acao=abrirTextoAto&tipo=RES&numeroAto=00006084&seqAto=000&valorAno=2026&orgao=DG/ANTT/MT&cod_modulo=623&cod_menu=9230,2026-09-30T19:21:46+00:00,317ca93ea1eefce4767b5f1a59991040045316ed82d45dd3d05a6f19155bcf0c,True
A,conteinerizada,4,5.7396,577.15,ANTT 6.084/2026,https://anttlegis.antt.gov.br/action/ActionDatalegis.php?acao=abrirTextoAto&tipo=RES&numeroAto=00006084&seqAto=000&valorAno=2026&orgao=DG/ANTT/MT&cod_modulo=623&cod_menu=9230,2026-09-30T19:21:46+00:00,317ca93ea1eefce4767b5f1a59991040045316ed82d45dd3d05a6f19155bcf0c,True
A,conteinerizada,5,6.6345,647.29,ANTT 6.084/2026,https://anttlegis.antt.gov.br/action/ActionDatalegis.php?acao=abrirTextoAto&tipo=RES&numeroAto=00006084&seqAto=000&valorAno=2026&orgao=DG/ANTT/MT&cod_modulo=623&cod_menu=9230,2026-09-30T19:21:46+00:00,317ca93ea1eefce4767b5f1a59991040045316ed82d45dd3d05a6f19155bcf0c,True
A,conteinerizada,6,7.3186,662.01,ANTT 6.084/2026,https://anttlegis.antt.gov.br/action/ActionDatalegis.php?acao=abrirTextoAto&tipo=RES&numeroAto=00006084&seqAto=000&valorAno=2026&orgao=DG/ANTT/MT&cod_modulo=623&cod_menu=9230,2026-09-30T19:21:46+00:00,317ca93ea1eefce4767b5f1a59991040045316ed82d45dd3d05a6f19155bcf0c,True
A,conteinerizada,7,8.0492,819.69,ANTT 6.084/2026,https://anttlegis.antt.gov.br/action/ActionDatalegis.php?acao=abrirTextoAto&tipo=RES&numeroAto=00006084&seqAto=000&valorAno=2026&orgao=DG/ANTT/MT&cod_modulo=623&cod_menu=9230,2026-09-30T19:21:46+00:00,317ca93ea1eefce4767b5f1a59991040045316ed82d45dd3d05a6f19155bcf0c,True
A,conteinerizada,9,9.1399,886.05,ANTT 6.084/2026,https://anttlegis.antt.gov.br/action/ActionDatalegis.php?acao=abrirTextoAto&tipo=RES&numeroAto=00006084&seqAto=000&valorAno=2026&orgao=DG/ANTT/MT&cod_modulo=623&cod_menu=9230,2026-09-30T19:21:46+00:00,317ca93ea1eefce4767b5f1a59991040045316ed82d45dd3d05a6f19155bcf0c,True
A,frigorificada_ou_aquecida,2,4.7095,520.07,ANTT 6.084/2026,https://anttlegis.antt.gov.br/action/ActionDatalegis.php?acao=abrirTextoAto&tipo=RES&numeroAto=00006084&seqAto=000&valorAno=2026&orgao=DG/ANTT/MT&cod_modulo=623&cod_menu=9230,2026-09-30T19:21:46+00:00,317ca93ea1eefce4767b5f1a59991040045316ed82d45dd3d05a6f19155bcf0c,True
A,frigorificada_ou_aquecida,3,6.0159,623.27,ANTT 6.084/2026,https://anttlegis.antt.gov.br/action/ActionDatalegis.php?acao=abrirTextoAto&tipo=RES&numeroAto=00006084&seqAto=000&valorAno=2026&orgao=DG/ANTT/MT&cod_modulo=623&cod_menu=9230,2026-09-30T19:21:46+00:00,317ca93ea1eefce4767b5f1a59991040045316ed82d45dd3d05a6f19155bcf0c,True
A,frigorificada_ou_aquecida,4,6.8646,686.63,ANTT 6.084/2026,https://anttlegis.antt.gov.br/action/ActionDatalegis.php?acao=abrirTextoAto&tipo=RES&numeroAto=00006084&seqAto=000&valorAno=2026&orgao=DG/ANTT/MT&cod_modulo=623&cod_menu=9230,2026-09-30T19:21:46+00:00,317ca93ea1eefce4767b5f1a59991040045316ed82d45dd3d05a6f19155bcf0c,True
A,frigorificada_ou_aquecida,5,7.8666,757.98,ANTT 6.084/2026,https://anttlegis.antt.gov.br/action/ActionDatalegis.php?acao=abrirTextoAto&tipo=RES&numeroAto=00006084&seqAto=000&valorAno=2026&orgao=DG/ANTT/MT&cod_modulo=623&cod_menu=9230,2026-09-30T19:21:46+00:00,317ca93ea1eefce4767b5f1a59991040045316ed82d45dd3d05a6f19155bcf0c,True
A,frigorificada_ou_aquecida,6,8.6661,772.35,ANTT 6.084/2026,https://anttlegis.antt.gov.br/action/ActionDatalegis.php?acao=abrirTextoAto&tipo=RES&numeroAto=00006084&seqAto=000&valorAno=2026&orgao=DG/ANTT/MT&cod_modulo=623&cod_menu=9230,2026-09-30T19:21:46+00:00,317ca93ea1eefce4767b5f1a59991040045316ed82d45dd3d05a6f19155bcf0c,True
A,frigorificada_ou_aquecida,7,9.5884,982.76,ANTT 6.084/2026,https://anttlegis.antt.gov.br/action/ActionDatalegis.php?acao=abrirTextoAto&tipo=RES&numeroAto=00006084&seqAto=000&valorAno=2026&orgao=DG/ANTT/MT&cod_modulo=623&cod_menu=9230,2026-09-30T19:21:46+00:00,317ca93ea1eefce4767b5f1a59991040045316ed82d45dd3d05a6f19155bcf0c,True
A,frigorificada_ou_aquecida,9,10.887,1067.06,ANTT 6.084/2026,https://anttlegis.antt.gov.br/action/ActionDatalegis.php?acao=abrirTextoAto&tipo=RES&numeroAto=00006084&seqAto=000&valorAno=2026&orgao=DG/ANTT/MT&cod_modulo=623&cod_menu=9230,2026-09-30T19:21:46+00:00,317ca93ea1eefce4767b5f1a59991040045316ed82d45dd3d05a6f19155bcf0c,True
A,granel_líquido,2,4.0884,471.98,ANTT 6.084/2026,https://anttlegis.antt.gov.br/action/ActionDatalegis.php?acao=abrirTextoAto&tipo=RES&numeroAto=00006084&seqAto=000&valorAno=2026&orgao=DG/ANTT/MT&cod_modulo=623&cod_menu=9230,2026-09-30T19:21:46+00:00,317ca93ea1eefce4767b5f1a59991040045316ed82d45dd3d05a6f19155bcf0c,True
A,granel_líquido,3,5.2311,569.57,ANTT 6.084/2026,https://anttlegis.antt.gov.br/action/ActionDatalegis.php?acao=abrirTextoAto&tipo=RES&numeroAto=00006084&seqAto=000&valorAno=2026&orgao=DG/ANTT/MT&cod_modulo=623&cod_menu=9230,2026-09-30T19:21:46+00:00,317ca93ea1eefce4767b5f1a59991040045316ed82d45dd3d05a6f19155bcf0c,True
A,granel_líquido,4,5.9661,621.52,ANTT 6.084/2026,https://anttlegis.antt.gov.br/action/ActionDatalegis.php?acao=abrirTextoAto&tipo=RES&numeroAto=00006084&seqAto=000&valorAno=2026&orgao=DG/ANTT/MT&cod_modulo=623&cod_menu=9230,2026-09-30T19:21:46+00:00,317ca93ea1eefce4767b5f1a59991040045316ed82d45dd3d05a6f19155bcf0c,True
A,granel_líquido,5,6.8661,693.08,ANTT 6.084/2026,https://anttlegis.antt.gov.br/action/ActionDatalegis.php?acao=abrirTextoAto&tipo=RES&numeroAto=00006084&seqAto=000&valorAno=2026&orgao=DG/ANTT/MT&cod_modulo=623&cod_menu=9230,2026-09-30T19:21:46+00:00,317ca93ea1eefce4767b5f1a59991040045316ed82d45dd3d05a6f19155bcf0c,True
A,granel_líquido,6,7.5572,709.72,ANTT 6.084/2026,https://anttlegis.antt.gov.br/action/ActionDatalegis.php?acao=abrirTextoAto&tipo=RES&numeroAto=00006084&seqAto=000&valorAno=2026&orgao=DG/ANTT/MT&cod_modulo=623&cod_menu=9230,2026-09-30T19:21:46+00:00,317ca93ea1eefce4767b5f1a59991040045316ed82d45dd3d05a6f19155bcf0c,True
A,granel_líquido,7,8.19,840.5,ANTT 6.084/2026,https://anttlegis.antt.gov.br/action/ActionDatalegis.php?acao=abrirTextoAto&tipo=RES&numeroAto=00006084&seqAto=000&valorAno=2026&orgao=DG/ANTT/MT&cod_modulo=623&cod_menu=9230,2026-09-30T19:21:46+00:00,317ca93ea1eefce4767b5f1a59991040045316ed82d45dd3d05a6f19155bcf0c,True
A,granel_líquido,9,9.3822,934.76,ANTT 6.084/2026,https://anttlegis.antt.gov.br/action/ActionDatalegis.php?acao=abrirTextoAto&tipo=RES&numeroAto=00006084&seqAto=000&valorAno=2026&orgao=DG/ANTT/MT&cod_modulo=623&cod_menu=9230,2026-09-30T19:21:46+00:00,317ca93ea1eefce4767b5f1a59991040045316ed82d45dd3d05a6f19155bcf0c,True
A,granel_sólido,2,4.0144,460.59,ANTT 6.084/2026,https://anttlegis.antt.gov.br/action/ActionDatalegis.php?acao=abrirTextoAto&tipo=RES&numeroAto=00006084&seqAto=000&valorAno=2026&orgao=DG/ANTT/MT&cod_modulo=623&cod_menu=9230,2026-09-30T19:21:46+00:00,317ca93ea1eefce4767b5f1a59991040045316ed82d45dd3d05a6f19155bcf0c,True
A,granel_sólido,3,5.1355,552.24,ANTT 6.084/2026,https://anttlegis.antt.gov.br/action/ActionDatalegis.php?acao=abrirTextoAto&tipo=RES&numeroAto=00006084&seqAto=000&valorAno=2026&orgao=DG/ANTT/MT&cod_modulo=623&cod_menu=9230,2026-09-30T19:21:46+00:00,317ca93ea1eefce4767b5f1a59991040045316ed82d45dd3d05a6f19155bcf0c,True
A,granel_sólido,4,5.8118,597.0,ANTT 6.084/2026,https://anttlegis.antt.gov.br/action/ActionDatalegis.php?acao=abrirTextoAto&tipo=RES&numeroAto=00006084&seqAto=000&valorAno=2026&orgao=DG/ANTT/MT&cod_modulo=623&cod_menu=9230,2026-09-30T19:21:46+00:00,317ca93ea1eefce4767b5f1a59991040045316ed82d45dd3d05a6f19155bcf0c,True
A,granel_sólido,5,6.6983,664.83,ANTT 6.084/2026,https://anttlegis.antt.gov.br/action/ActionDatalegis.php?acao=abrirTextoAto&tipo=RES&numeroAto=00006084&seqAto=000&valorAno=2026&orgao=DG/ANTT/MT&cod_modulo=623&cod_menu=9230,2026-09-30T19:21:46+00:00,317ca93ea1eefce4767b5f1a59991040045316ed82d45dd3d05a6f19155bcf0c,True
A,granel_sólido,6,7.3841,680.01,ANTT 6.084/2026,https://anttlegis.antt.gov.br/action/ActionDatalegis.php?acao=abrirTextoAto&tipo=RES&numeroAto=00006084&seqAto=000&valorAno=2026&orgao=DG/ANTT/MT&cod_modulo=623&cod_menu=9230,2026-09-30T19:21:46+00:00,317ca93ea1eefce4767b5f1a59991040045316ed82d45dd3d05a6f19155bcf0c,True
A,granel_sólido,7,8.0516,820.34,ANTT 6.084/2026,https://anttlegis.antt.gov.br/action/ActionDatalegis.php?acao=abrirTextoAto&tipo=RES&numeroAto=00006084&seqAto=000&valorAno=2026&orgao=DG/ANTT/MT&cod_modulo=623&cod_menu=9230,2026-09-30T19:21:46+00:00,317ca93ea1eefce4767b5f1a59991040045316ed82d45dd3d05a6f19155bcf0c,True
A,granel_sólido,9,9.2231,908.91,ANTT 6.084/2026,https://anttlegis.antt.gov.br/action/ActionDatalegis.php?acao=abrirTextoAto&tipo=RES&numeroAto=00006084&seqAto=000&valorAno=2026&orgao=DG/ANTT/MT&cod_modulo=623&cod_menu=9230,2026-09-30T19:21:46+00:00,317ca93ea1eefce4767b5f1a59991040045316ed82d45dd3d05a6f19155bcf0c,True
A,neogranel,2,3.6023,451.84,ANTT 6.084/2026,https://anttlegis.antt.gov.br/action/ActionDatalegis.php?acao=abrirTextoAto&tipo=RES&numeroAto=00006084&seqAto=000&valorAno=2026&orgao=DG/ANTT/MT&cod_modulo=623&cod_menu=9230,2026-09-30T19:21:46+00:00,317ca93ea1eefce4767b5f1a59991040045316ed82d45dd3d05a6f19155bcf0c,True
A,neogranel,3,5.0962,541.44,ANTT 6.084/2026,https://anttlegis.antt.gov.br/action/ActionDatalegis.php?acao=abrirTextoAto&tipo=RES&numeroAto=00006084&seqAto=000&valorAno=2026&orgao=DG/ANTT/MT&cod_modulo=623&cod_menu=9230,2026-09-30T19:21:46+00:00,317ca93ea1eefce4767b5f1a59991040045316ed82d45dd3d05a6f19155bcf0c,True
A,neogranel,4,5.8094,596.35,ANTT 6.084/2026,https://anttlegis.antt.gov.br/action/ActionDatalegis.php?acao=abrirTextoAto&tipo=RES&numeroAto=00006084&seqAto=000&valorAno=2026&orgao=DG/ANTT/MT&cod_modulo=623&cod_menu=9230,2026-09-30T19:21:46+00:00,317ca93ea1eefce4767b5f1a59991040045316ed82d45dd3d05a6f19155bcf0c,True
A,neogranel,5,6.6718,657.56,ANTT 6.084/2026,https://anttlegis.antt.gov.br/action/ActionDatalegis.php?acao=abrirTextoAto&tipo=RES&numeroAto=00006084&seqAto=000&valorAno=2026&orgao=DG/ANTT/MT&cod_modulo=623&cod_menu=9230,2026-09-30T19:21:46+00:00,317ca93ea1eefce4767b5f1a59991040045316ed82d45dd3d05a6f19155bcf0c,True
A,neogranel,6,7.3547,671.93,ANTT 6.084/2026,https://anttlegis.antt.gov.br/action/ActionDatalegis.php?acao=abrirTextoAto&tipo=RES&numeroAto=00006084&seqAto=000&valorAno=2026&orgao=DG/ANTT/MT&cod_modulo=623&cod_menu=9230,2026-09-30T19:21:46+00:00,317ca93ea1eefce4767b5f1a59991040045316ed82d45dd3d05a6f19155bcf0c,True
A,neogranel,7,8.0927,831.66,ANTT 6.084/2026,https://anttlegis.antt.gov.br/action/ActionDatalegis.php?acao=abrirTextoAto&tipo=RES&numeroAto=00006084&seqAto=000&valorAno=2026&orgao=DG/ANTT/MT&cod_modulo=623&cod_menu=9230,2026-09-30T19:21:46+00:00,317ca93ea1eefce4767b5f1a59991040045316ed82d45dd3d05a6f19155bcf0c,True
A,neogranel,9,9.2027,903.32,ANTT 6.084/2026,https://anttlegis.antt.gov.br/action/ActionDatalegis.php?acao=abrirTextoAto&tipo=RES&numeroAto=00006084&seqAto=000&valorAno=2026&orgao=DG/ANTT/MT&cod_modulo=623&cod_menu=9230,2026-09-30T19:21:46+00:00,317ca93ea1eefce4767b5f1a59991040045316ed82d45dd3d05a6f19155bcf0c,True
A,perigosa_carga_geral,2,4.3571,549.81,ANTT 6.084/2026,https://anttlegis.antt.gov.br/action/ActionDatalegis.php?acao=abrirTextoAto&tipo=RES&numeroAto=00006084&seqAto=000&valorAno=2026&orgao=DG/ANTT/MT&cod_modulo=623&cod_menu=9230,2026-09-30T19:21:46+00:00,317ca93ea1eefce4767b5f1a59991040045316ed82d45dd3d05a6f19155bcf0c,True
A,perigosa_carga_geral,3,5.4821,642.55,ANTT 6.084/2026,https://anttlegis.antt.gov.br/action/ActionDatalegis.php?acao=abrirTextoAto&tipo=RES&numeroAto=00006084&seqAto=000&valorAno=2026&orgao=DG/ANTT/MT&cod_modulo=623&cod_menu=9230,2026-09-30T19:21:46+00:00,317ca93ea1eefce4767b5f1a59991040045316ed82d45dd3d05a6f19155bcf0c,True
A,perigosa_carga_geral,4,6.2033,694.66,ANTT 6.084/2026,https://anttlegis.antt.gov.br/action/ActionDatalegis.php?acao=abrirTextoAto&tipo=RES&numeroAto=00006084&seqAto=000&valorAno=2026&orgao=DG/ANTT/MT&cod_modulo=623&cod_menu=9230,2026-09-30T19:21:46+00:00,317ca93ea1eefce4767b5f1a59991040045316ed82d45dd3d05a6f19155bcf0c,True
A,perigosa_carga_geral,5,7.093,763.36,ANTT 6.084/2026,https://anttlegis.antt.gov.br/action/ActionDatalegis.php?acao=abrirTextoAto&tipo=RES&numeroAto=00006084&seqAto=000&valorAno=2026&orgao=DG/ANTT/MT&cod_modulo=623&cod_menu=9230,2026-09-30T19:21:46+00:00,317ca93ea1eefce4767b5f1a59991040045316ed82d45dd3d05a6f19155bcf0c,True
A,perigosa_carga_geral,6,7.7758,777.73,ANTT 6.084/2026,https://anttlegis.antt.gov.br/action/ActionDatalegis.php?acao=abrirTextoAto&tipo=RES&numeroAto=00006084&seqAto=000&valorAno=2026&orgao=DG/ANTT/MT&cod_modulo=623&cod_menu=9230,2026-09-30T19:21:46+00:00,317ca93ea1eefce4767b5f1a59991040045316ed82d45dd3d05a6f19155bcf0c,True
A,perigosa_carga_geral,7,8.5321,942.48,ANTT 6.084/2026,https://anttlegis.antt.gov.br/action/ActionDatalegis.php?acao=abrirTextoAto&tipo=RES&numeroAto=00006084&seqAto=000&valorAno=2026&orgao=DG/ANTT/MT&cod_modulo=623&cod_menu=9230,2026-09-30T19:21:46+00:00,317ca93ea1eefce4767b5f1a59991040045316ed82d45dd3d05a6f19155bcf0c,True
A,perigosa_carga_geral,9,9.6501,1016.33,ANTT 6.084/2026,https://anttlegis.antt.gov.br/action/ActionDatalegis.php?acao=abrirTextoAto&tipo=RES&numeroAto=00006084&seqAto=000&valorAno=2026&orgao=DG/ANTT/MT&cod_modulo=623&cod_menu=9230,2026-09-30T19:21:46+00:00,317ca93ea1eefce4767b5f1a59991040045316ed82d45dd3d05a6f19155bcf0c,True
A,perigosa_conteinerizada,3,5.4926,645.45,ANTT 6.084/2026,https://anttlegis.antt.gov.br/action/ActionDatalegis.php?acao=abrirTextoAto&tipo=RES&numeroAto=00006084&seqAto=000&valorAno=2026&orgao=DG/ANTT/MT&cod_modulo=623&cod_menu=9230,2026-09-30T19:21:46+00:00,317ca93ea1eefce4767b5f1a59991040045316ed82d45dd3d05a6f19155bcf0c,True
A,perigosa_conteinerizada,4,6.1608,682.95,ANTT 6.084/2026,https://anttlegis.antt.gov.br/action/ActionDatalegis.php?acao=abrirTextoAto&tipo=RES&numeroAto=00006084&seqAto=000&valorAno=2026&orgao=DG/ANTT/MT&cod_modulo=623&cod_menu=9230,2026-09-30T19:21:46+00:00,317ca93ea1eefce4767b5f1a59991040045316ed82d45dd3d05a6f19155bcf0c,True
A,perigosa_conteinerizada,5,7.0556,753.1,ANTT 6.084/2026,https://anttlegis.antt.gov.br/action/ActionDatalegis.php?acao=abrirTextoAto&tipo=RES&numeroAto=00006084&seqAto=000&valorAno=2026&orgao=DG/ANTT/MT&cod_modulo=623&cod_menu=9230,2026-09-30T19:21:46+00:00,317ca93ea1eefce4767b5f1a59991040045316ed82d45dd3d05a6f19155bcf0c,True
A,perigosa_conteinerizada,6,7.7398,767.81,ANTT 6.084/2026,https://anttlegis.antt.gov.br/action/ActionDatalegis.php?acao=abrirTextoAto&tipo=RES&numeroAto=00006084&seqAto=000&valorAno=2026&orgao=DG/ANTT/MT&cod_modulo=623&cod_menu=9230,2026-09-30T19:21:46+00:00,317ca93ea1eefce4767b5f1a59991040045316ed82d45dd3d05a6f19155bcf0c,True
A,perigosa_conteinerizada,7,8.4886,930.51,ANTT 6.084/2026,https://anttlegis.antt.gov.br/action/ActionDatalegis.php?acao=abrirTextoAto&tipo=RES&numeroAto=00006084&seqAto=000&valorAno=2026&orgao=DG/ANTT/MT&cod_modulo=623&cod_menu=9230,2026-09-30T19:21:46+00:00,317ca93ea1eefce4767b5f1a59991040045316ed82d45dd3d05a6f19155bcf0c,True
A,perigosa_conteinerizada,9,9.5873,999.06,ANTT 6.084/2026,https://anttlegis.antt.gov.br/action/ActionDatalegis.php?acao=abrirTextoAto&tipo=RES&numeroAto=00006084&seqAto=000&valorAno=2026&orgao=DG/ANTT/MT&cod_modulo=623&cod_menu=9230,2026-09-30T19:21:46+00:00,317ca93ea1eefce4767b5f1a59991040045316ed82d45dd3d05a6f19155bcf0c,True
A,perigosa_frigorificada_ou_aquecida,2,5.3176,630.88,ANTT 6.084/2026,https://anttlegis.antt.gov.br/action/ActionDatalegis.php?acao=abrirTextoAto&tipo=RES&numeroAto=00006084&seqAto=000&valorAno=2026&orgao=DG/ANTT/MT&cod_modulo=623&cod_menu=9230,2026-09-30T19:21:46+00:00,317ca93ea1eefce4767b5f1a59991040045316ed82d45dd3d05a6f19155bcf0c,True
A,perigosa_frigorificada_ou_aquecida,3,6.6369,737.63,ANTT 6.084/2026,https://anttlegis.antt.gov.br/action/ActionDatalegis.php?acao=abrirTextoAto&tipo=RES&numeroAto=00006084&seqAto=000&valorAno=2026&orgao=DG/ANTT/MT&cod_modulo=623&cod_menu=9230,2026-09-30T19:21:46+00:00,317ca93ea1eefce4767b5f1a59991040045316ed82d45dd3d05a6f19155bcf0c,True
A,perigosa_frigorificada_ou_aquecida,4,7.502,807.63,ANTT 6.084/2026,https://anttlegis.antt.gov.br/action/ActionDatalegis.php?acao=abrirTextoAto&tipo=RES&numeroAto=00006084&seqAto=000&valorAno=2026&orgao=DG/ANTT/MT&cod_modulo=623&cod_menu=9230,2026-09-30T19:21:46+00:00,317ca93ea1eefce4767b5f1a59991040045316ed82d45dd3d05a6f19155bcf0c,True
A,perigosa_frigorificada_ou_aquecida,5,8.5039,878.98,ANTT 6.084/2026,https://anttlegis.antt.gov.br/action/ActionDatalegis.php?acao=abrirTextoAto&tipo=RES&numeroAto=00006084&seqAto=000&valorAno=2026&orgao=DG/ANTT/MT&cod_modulo=623&cod_menu=9230,2026-09-30T19:21:46+00:00,317ca93ea1eefce4767b5f1a59991040045316ed82d45dd3d05a6f19155bcf0c,True
A,perigosa_frigorificada_ou_aquecida,6,9.3034,893.35,ANTT 6.084/2026,https://anttlegis.antt.gov.br/action/ActionDatalegis.php?acao=abrirTextoAto&tipo=RES&numeroAto=00006084&seqAto=000&valorAno=2026&orgao=DG/ANTT/MT&cod_modulo=623&cod_menu=9230,2026-09-30T19:21:46+00:00,317ca93ea1eefce4767b5f1a59991040045316ed82d45dd3d05a6f19155bcf0c,True
A,perigosa_frigorificada_ou_aquecida,7,10.2495,1110.28,ANTT 6.084/2026,https://anttlegis.antt.gov.br/action/ActionDatalegis.php?acao=abrirTextoAto&tipo=RES&numeroAto=00006084&seqAto=000&valorAno=2026&orgao=DG/ANTT/MT&cod_modulo=623&cod_menu=9230,2026-09-30T19:21:46+00:00,317ca93ea1eefce4767b5f1a59991040045316ed82d45dd3d05a6f19155bcf0c,True
A,perigosa_frigorificada_ou_aquecida,9,11.5584,1197.43,ANTT 6.084/2026,https://anttlegis.antt.gov.br/action/ActionDatalegis.php?acao=abrirTextoAto&tipo=RES&numeroAto=00006084&seqAto=000&valorAno=2026&orgao=DG/ANTT/MT&cod_modulo=623&cod_menu=9230,2026-09-30T19:21:46+00:00,317ca93ea1eefce4767b5f1a59991040045316ed82d45dd3d05a6f19155bcf0c,True
A,perigosa_granel_líquido,2,4.871,632.58,ANTT 6.084/2026,https://anttlegis.antt.gov.br/action/ActionDatalegis.php?acao=abrirTextoAto&tipo=RES&numeroAto=00006084&seqAto=000&valorAno=2026&orgao=DG/ANTT/MT&cod_modulo=623&cod_menu=9230,2026-09-30T19:21:46+00:00,317ca93ea1eefce4767b5f1a59991040045316ed82d45dd3d05a6f19155bcf0c,True
A,perigosa_granel_líquido,3,6.0236,732.9,ANTT 6.084/2026,https://anttlegis.antt.gov.br/action/ActionDatalegis.php?acao=abrirTextoAto&tipo=RES&numeroAto=00006084&seqAto=000&valorAno=2026&orgao=DG/ANTT/MT&cod_modulo=623&cod_menu=9230,2026-09-30T19:21:46+00:00,317ca93ea1eefce4767b5f1a59991040045316ed82d45dd3d05a6f19155bcf0c,True
A,perigosa_granel_líquido,4,6.7628,789.96,ANTT 6.084/2026,https://anttlegis.antt.gov.br/action/ActionDatalegis.php?acao=abrirTextoAto&tipo=RES&numeroAto=00006084&seqAto=000&valorAno=2026&orgao=DG/ANTT/MT&cod_modulo=623&cod_menu=9230,2026-09-30T19:21:46+00:00,317ca93ea1eefce4767b5f1a59991040045316ed82d45dd3d05a6f19155bcf0c,True
A,perigosa_granel_líquido,5,7.6628,861.51,ANTT 6.084/2026,https://anttlegis.antt.gov.br/action/ActionDatalegis.php?acao=abrirTextoAto&tipo=RES&numeroAto=00006084&seqAto=000&valorAno=2026&orgao=DG/ANTT/MT&cod_modulo=623&cod_menu=9230,2026-09-30T19:21:46+00:00,317ca93ea1eefce4767b5f1a59991040045316ed82d45dd3d05a6f19155bcf0c,True
A,perigosa_granel_líquido,6,8.3539,878.16,ANTT 6.084/2026,https://anttlegis.antt.gov.br/action/ActionDatalegis.php?acao=abrirTextoAto&tipo=RES&numeroAto=00006084&seqAto=000&valorAno=2026&orgao=DG/ANTT/MT&cod_modulo=623&cod_menu=9230,2026-09-30T19:21:46+00:00,317ca93ea1eefce4767b5f1a59991040045316ed82d45dd3d05a6f19155bcf0c,True
A,perigosa_granel_líquido,7,9.0049,1013.95,ANTT 6.084/2026,https://anttlegis.antt.gov.br/action/ActionDatalegis.php?acao=abrirTextoAto&tipo=RES&numeroAto=00006084&seqAto=000&valorAno=2026&orgao=DG/ANTT/MT&cod_modulo=623&cod_menu=9230,2026-09-30T19:21:46+00:00,317ca93ea1eefce4767b5f1a59991040045316ed82d45dd3d05a6f19155bcf0c,True
A,perigosa_granel_líquido,9,10.2051,1110.41,ANTT 6.084/2026,https://anttlegis.antt.gov.br/action/ActionDatalegis.php?acao=abrirTextoAto&tipo=RES&numeroAto=00006084&seqAto=000&valorAno=2026&orgao=DG/ANTT/MT&cod_modulo=623&cod_menu=9230,2026-09-30T19:21:46+00:00,317ca93ea1eefce4767b5f1a59991040045316ed82d45dd3d05a6f19155bcf0c,True
A,perigosa_granel_sólido,2,4.7845,608.79,ANTT 6.084/2026,https://anttlegis.antt.gov.br/action/ActionDatalegis.php?acao=abrirTextoAto&tipo=RES&numeroAto=00006084&seqAto=000&valorAno=2026&orgao=DG/ANTT/MT&cod_modulo=623&cod_menu=9230,2026-09-30T19:21:46+00:00,317ca93ea1eefce4767b5f1a59991040045316ed82d45dd3d05a6f19155bcf0c,True
A,perigosa_granel_sólido,3,5.9154,703.16,ANTT 6.084/2026,https://anttlegis.antt.gov.br/action/ActionDatalegis.php?acao=abrirTextoAto&tipo=RES&numeroAto=00006084&seqAto=000&valorAno=2026&orgao=DG/ANTT/MT&cod_modulo=623&cod_menu=9230,2026-09-30T19:21:46+00:00,317ca93ea1eefce4767b5f1a59991040045316ed82d45dd3d05a6f19155bcf0c,True
A,perigosa_granel_sólido,4,6.6285,753.03,ANTT 6.084/2026,https://anttlegis.antt.gov.br/action/ActionDatalegis.php?acao=abrirTextoAto&tipo=RES&numeroAto=00006084&seqAto=000&valorAno=2026&orgao=DG/ANTT/MT&cod_modulo=623&cod_menu=9230,2026-09-30T19:21:46+00:00,317ca93ea1eefce4767b5f1a59991040045316ed82d45dd3d05a6f19155bcf0c,True
A,perigosa_granel_sólido,5,7.515,820.86,ANTT 6.084/2026,https://anttlegis.antt.gov.br/action/ActionDatalegis.php?acao=abrirTextoAto&tipo=RES&numeroAto=00006084&seqAto=000&valorAno=2026&orgao=DG/ANTT/MT&cod_modulo=623&cod_menu=9230,2026-09-30T19:21:46+00:00,317ca93ea1eefce4767b5f1a59991040045316ed82d45dd3d05a6f19155bcf0c,True
A,perigosa_granel_sólido,6,8.2008,836.04,ANTT 6.084/2026,https://anttlegis.antt.gov.br/action/ActionDatalegis.php?acao=abrirTextoAto&tipo=RES&numeroAto=00006084&seqAto=000&valorAno=2026&orgao=DG/ANTT/MT&cod_modulo=623&cod_menu=9230,2026-09-30T19:21:46+00:00,317ca93ea1eefce4767b5f1a59991040045316ed82d45dd3d05a6f19155bcf0c,True
A,perigosa_granel_sólido,7,8.8866,981.39,ANTT 6.084/2026,https://anttlegis.antt.gov.br/action/ActionDatalegis.php?acao=abrirTextoAto&tipo=RES&numeroAto=00006084&seqAto=000&valorAno=2026&orgao=DG/ANTT/MT&cod_modulo=623&cod_menu=9230,2026-09-30T19:21:46+00:00,317ca93ea1eefce4767b5f1a59991040045316ed82d45dd3d05a6f19155bcf0c,True
A,perigosa_granel_sólido,9,10.066,1072.15,ANTT 6.084/2026,https://anttlegis.antt.gov.br/action/ActionDatalegis.php?acao=abrirTextoAto&tipo=RES&numeroAto=00006084&seqAto=000&valorAno=2026&orgao=DG/ANTT/MT&cod_modulo=623&cod_menu=9230,2026-09-30T19:21:46+00:00,317ca93ea1eefce4767b5f1a59991040045316ed82d45dd3d05a6f19155bcf0c,True
