etapa,n,de,pct
municipios (lista oficial),5571,5571,100.0
com centroide (malha),5570,5571,99.98204990127445
com dado: censo_2022,5570,5571,99.98204990127445
com dado: censo_2000,5507,5571,98.85119368156525
com dado: censo_2010,5565,5571,99.89229940764675
com dado: estimativas,5560,5571,99.80254891401903
com dado: idade_2022,5570,5571,99.98204990127445
com dado: pib,5565,5571,99.89229940764675
com dado: ADH_IDHM,5564,5571,99.8743493089212
com dado: ADH_IDHM_E,5564,5571,99.8743493089212
com dado: ADH_IDHM_L,5564,5571,99.8743493089212
com dado: ADH_IDHM_R,5564,5571,99.8743493089212
com dado: ADH_RDPC,5564,5571,99.8743493089212
com dado: ADH_GINI,5564,5571,99.8743493089212
