cod,itens_vendidos,lat,lon
3550308,28258,-23.64692772099772,-46.649964542010174
3519600,7750,-21.792608423124037,-48.84786269396093
3547809,3074,-23.722740135749852,-46.449420724293766
4106902,3007,-25.47703474880916,-49.28733886330829
3549805,2695,-20.79727954008271,-49.35757989477355
3106200,2611,-19.903255500513342,-43.959596407184755
3543402,2588,-21.21384064957295,-47.82186187663349
3304557,2390,-22.92429780268498,-43.454636111986225
3518800,2312,-23.40481455171724,-46.45605786271769
4115200,2260,-23.399231517889742,-51.9687202750577
