cod,osm_industrial,osm_galpao
3550308,345.0,60.0
3304557,243.0,70.0
3106200,,6.0
5300108,0.0,0.0
4106902,119.0,15.0
3509502,72.0,15.0
4314902,60.0,40.0
3518800,109.0,30.0
2927408,,20.0
3548708,162.0,77.0
3547809,96.0,6.0
3303302,19.0,
3549904,71.0,49.0
3534401,27.0,8.0
5208707,59.0,0.0
3552205,235.0,7.0
3548500,24.0,54.0
2304400,176.0,61.0
3543402,212.0,18.0
4205407,9.0,37.0
3525904,105.0,11.0
2611606,70.0,53.0
3136702,18.0,
3170206,69.0,13.0
3505708,70.0,23.0
3549805,46.0,6.0
3118601,146.0,3.0
3304904,25.0,0.0
3303500,33.0,3.0
1501402,29.0,10.0
3538709,105.0,7.0
5002704,29.0,2.0
3530607,102.0,5.0
4209102,128.0,29.0
3205200,,50.0
4113700,32.0,15.0
3205309,26.0,20.0
2111300,41.0,40.0
3541000,10.0,1.0
3513009,46.0,9.0
3506003,24.0,18.0
4115200,31.0,29.0
3520509,56.0,11.0
3529401,44.0,109.0
3205002,161.0,4.0
5103403,208.0,12.0
4305108,53.0,3.0
2211001,65.0,25.0
3554102,44.0,5.0
3301702,122.0,1.0
3547304,24.0,11.0
3510609,11.0,0.0
2507507,14.0,1.0
3513801,77.0,0.0
3301009,38.0,
3106705,231.0,15.0
3548807,19.0,3.0
2704302,19.0,36.0
3552502,50.0,5.0
3143302,21.0,1.0
3306305,12.0,3.0
3303906,6.0,7.0
3302403,118.0,2.0
4202404,57.0,155.0
2800308,103.0,8.0
3501608,23.0,0.0
3503208,41.0,19.0
3524402,,3.0
2408102,30.0,6.0
3170107,125.0,1.0
4304606,23.0,4.0
3526902,47.0,1.0
3302700,18.0,4.0
3548906,32.0,3.0
4119905,59.0,5.0
3552403,21.0,3.0
4216602,,
3529005,22.0,3.0
3518701,25.0,12.0
4125506,72.0,21.0
3541406,16.0,17.0
4208203,,92.0
4104808,23.0,1.0
4316907,43.0,7.0
2910800,23.0,6.0
1302603,75.0,20.0
3516200,26.0,1.0
4314407,33.0,15.0
3504107,17.0,78.0
3144805,6.0,0.0
3551009,11.0,1.0
3523107,34.0,3.0
3502804,25.0,3.0
3519071,20.0,12.0
3515004,20.0,8.0
3556206,70.0,2.0
3507605,16.0,23.0
3543907,58.0,4.0
3122306,6.0,0.0
3167202,31.0,0.0
3131307,15.0,
3522505,11.0,7.0
3304524,18.0,0.0
3305109,5.0,0.0
4202008,0.0,3.0
3303401,3.0,3.0
2607901,79.0,37.0
5201108,65.0,0.0
3536505,63.0,9.0
3300456,6.0,3.0
3523909,43.0,3.0
4208906,45.0,27.0
3201308,62.0,18.0
3127701,25.0,4.0
4211900,14.0,6.0
4313409,22.0,1.0
4204202,82.0,16.0
3300704,,18.0
3151800,12.0,15.0
3545803,22.0,0.0
