instancia,n,m,familia,metodo,custo,abertura,roteamento,rotas,depositos,t_mip,custo_previsto_neo,binarias_neurais,referencia
clrp_uniforme_n20_m5_s11050,20,5,uniforme,neo_multi,42979.266456269055,11529.266456269055,31450.0,6,3,60.53222199999982,42798.07947029951,160,42979.266456269055
clrp_uniforme_n20_m5_s11050,20,5,uniforme,neo_busca,42979.266456269055,11529.266456269055,31450.0,6,3,0.8178747999991174,42798.07947029951,160,42979.266456269055
clrp_clusters_n20_m5_s11051,20,5,clusters,neo_multi,34992.98326746221,7719.983267462207,27273.0,6,2,59.86489520000032,37446.97968927617,160,34992.98326746221
clrp_clusters_n20_m5_s11051,20,5,clusters,neo_busca,34992.98326746221,7719.983267462207,27273.0,6,2,0.0965567999992345,37446.97968927617,160,34992.98326746221
clrp_uniforme_n20_m5_s11052,20,5,uniforme,neo_multi,43052.19924431617,10245.199244316173,32807.0,6,3,64.00480979999884,46744.78117733772,160,43014.58598242242
clrp_uniforme_n20_m5_s11052,20,5,uniforme,neo_busca,46128.19924431617,10245.199244316173,35883.0,6,3,4.173590899999908,46023.696105774,160,43014.58598242242
clrp_clusters_n20_m5_s11053,20,5,clusters,neo_multi,39258.361169508804,10577.361169508804,28681.0,6,3,60.96550009999919,40585.722509077896,158,39258.3611695088
clrp_clusters_n20_m5_s11053,20,5,clusters,neo_busca,39258.361169508804,10577.361169508804,28681.0,6,3,1.303448099999514,40585.722509077896,158,39258.3611695088
clrp_uniforme_n20_m5_s11054,20,5,uniforme,neo_multi,48864.33219607123,9427.332196071227,39437.0,7,3,59.986697399999684,44541.85238821753,160,46995.52265171336
clrp_uniforme_n20_m5_s11054,20,5,uniforme,neo_busca,47387.33219607123,9427.332196071227,37960.0,6,3,0.23650799999995797,44423.24450953253,160,46995.52265171336
clrp_clusters_n20_m5_s11055,20,5,clusters,neo_multi,38011.56286463273,11557.562864632733,26454.0,6,3,59.99795660000018,40601.385153145915,160,38011.56286463273
clrp_clusters_n20_m5_s11055,20,5,clusters,neo_busca,40582.56286463273,11557.562864632733,29025.0,7,3,0.5875685999999405,40335.46499094499,160,38011.56286463273
clrp_uniforme_n50_m5_s14050,50,5,uniforme,neo_multi,88776.8705293254,14650.870529325402,74126.0,13,3,60.05666360000032,86974.01043525497,160,88711.14888267993
clrp_uniforme_n50_m5_s14050,50,5,uniforme,neo_busca,88986.8705293254,14650.870529325402,74336.0,13,3,0.42088639999929,86449.71248260299,160,88711.14888267993
clrp_clusters_n50_m5_s14051,50,5,clusters,neo_multi,73694.6418745301,16715.641874530105,56979.0,13,3,61.86146409999856,75208.294350364,160,72130.494200757
clrp_clusters_n50_m5_s14051,50,5,clusters,neo_busca,73694.6418745301,16715.641874530105,56979.0,13,3,2.513750299998719,75208.294350364,160,72130.494200757
clrp_uniforme_n50_m5_s14052,50,5,uniforme,neo_multi,94375.80930617196,17509.809306171963,76866.0,12,3,61.075052800000776,93737.11424162728,160,94375.80930617196
clrp_uniforme_n50_m5_s14052,50,5,uniforme,neo_busca,95405.80930617196,17509.809306171963,77896.0,12,3,1.5793704000006983,93361.27119353157,160,94375.80930617196
clrp_clusters_n50_m5_s14053,50,5,clusters,neo_multi,61823.59766171038,15166.59766171038,46657.0,13,3,60.90486070000043,60996.16735909045,160,61823.59766171038
clrp_clusters_n50_m5_s14053,50,5,clusters,neo_busca,60558.59766171038,15166.59766171038,45392.0,12,3,0.9704349000003276,60856.87547657549,160,61823.59766171038
clrp_uniforme_n50_m5_s14054,50,5,uniforme,neo_multi,87898.10641478829,18727.106414788286,69171.0,13,3,59.91209269999854,90330.38076018624,160,87898.10641478829
clrp_uniforme_n50_m5_s14054,50,5,uniforme,neo_busca,85125.10641478829,18727.106414788286,66398.0,12,3,0.10963949999859324,89870.84563826851,160,87898.10641478829
clrp_clusters_n50_m5_s14055,50,5,clusters,neo_multi,61544.33149373262,15654.331493732621,45890.0,13,3,59.9982033999986,60915.70739781587,160,60162.39083373144
clrp_clusters_n50_m5_s14055,50,5,clusters,neo_busca,61173.33149373262,15654.331493732621,45519.0,13,3,0.17115559999911056,60833.62882172792,160,60162.39083373144
clrp_uniforme_n50_m10_s14100,50,10,uniforme,neo_multi,89839.00557122749,29048.005571227495,60791.0,13,5,75.97370930000034,88715.4939077906,320,82267.26858162633
clrp_uniforme_n50_m10_s14100,50,10,uniforme,neo_busca,88677.00557122749,29048.005571227495,59629.0,13,5,16.690033500000936,87885.87235436958,320,82267.26858162633
clrp_clusters_n50_m10_s14101,50,10,clusters,neo_multi,85466.30307364593,27986.30307364593,57480.0,13,5,76.9689911000005,89063.85208416115,320,85466.30307364593
clrp_clusters_n50_m10_s14101,50,10,clusters,neo_busca,85466.30307364593,27986.30307364593,57480.0,13,5,17.230850800000553,89063.85208416115,320,85466.30307364593
clrp_uniforme_n50_m10_s14102,50,10,uniforme,neo_multi,84560.76223040927,24032.76223040927,60528.0,12,4,64.94210220000059,89901.04693271029,320,84560.76223040927
clrp_uniforme_n50_m10_s14102,50,10,uniforme,neo_busca,84560.76223040927,24032.76223040927,60528.0,12,4,5.747468700001264,89901.04693271029,320,84560.76223040927
clrp_clusters_n50_m10_s14103,50,10,clusters,neo_multi,81642.96424411303,31272.964244113027,50370.0,14,5,66.02219700000023,82810.32419703966,320,80887.41074217108
clrp_clusters_n50_m10_s14103,50,10,clusters,neo_busca,81823.96424411303,31272.964244113027,50551.0,14,5,6.668416500000603,82426.65267489916,320,80887.41074217108
clrp_uniforme_n100_m10_s19100,100,10,uniforme,neo_multi,144311.3104254958,42084.310425495794,102227.0,25,5,120.00098570000046,146636.2277400252,320,144311.3104254958
clrp_uniforme_n100_m10_s19100,100,10,uniforme,neo_busca,143065.3104254958,42084.310425495794,100981.0,25,5,60.56601380000211,145981.73178551166,320,144311.3104254958
clrp_clusters_n100_m10_s19101,100,10,clusters,neo_multi,115733.34409900964,43644.344099009635,72089.0,25,5,89.92275789999985,123380.68235679925,320,115772.34409900964
clrp_clusters_n100_m10_s19101,100,10,clusters,neo_busca,115717.34409900964,43644.344099009635,72073.0,25,5,30.458742099999654,122944.46039959253,320,115772.34409900964
clrp_uniforme_n100_m10_s19102,100,10,uniforme,neo_multi,141277.16222615025,37018.16222615024,104259.0,24,4,61.93040090000068,142147.90008015416,320,142165.16222615025
clrp_uniforme_n100_m10_s19102,100,10,uniforme,neo_busca,141796.16222615025,37018.16222615024,104778.0,24,4,2.4846911000004184,142147.90008015416,320,142165.16222615025
clrp_clusters_n100_m10_s19103,100,10,clusters,neo_multi,142240.83005669818,44898.830056698185,97342.0,25,5,107.97940870000093,147433.10034325824,320,139941.78664211405
clrp_clusters_n100_m10_s19103,100,10,clusters,neo_busca,140332.83005669818,44898.830056698185,95434.0,25,5,48.66081889999987,146936.06257489428,320,139941.78664211405
